<?xml version="1.0" encoding="utf-8"?>
<clothing-items>
 <clothing>
  <id>
   336437095
  </id>
  <name>
   Brooks Belts E-3827
  </name>
  <category>
   Belts
  </category>
  <size>
   XL
  </size>
  <color>
   Голубой
  </color>
  <material>
   Нейлон
  </material>
  <price>
   464534
  </price>
  <rating>
   2.6
  </rating>
  <reviews>
   973180
  </reviews>
  <new>
   -
  </new>
  <exclusive>
   no
  </exclusive>
  <sporty>
   no
  </sporty>
 </clothing>
 <clothing>
  <id>
   190924260
  </id>
  <name>
   Converse Jacket W-7771
  </name>
  <category>
   Jacket
  </category>
  <size>
   S
  </size>
  <color>
   Фиолетовый
  </color>
  <material>
   Хлопок
  </material>
  <price>
   607710
  </price>
  <rating>
   3.57
  </rating>
  <reviews>
   766489
  </reviews>
  <exclusive>
   yes
  </exclusive>
  <sporty>
   yes
  </sporty>
 </clothing>
 <clothing>
  <id>
   657955106
  </id>
  <name>
   Ellesse T-shirt M-7735
  </name>
  <category>
   T-shirt
  </category>
  <size>
   XXL
  </size>
  <color>
   Оранжевый
  </color>
  <material>
   Хлопок
  </material>
  <price>
   831677
  </price>
  <rating>
   1.04
  </rating>
  <reviews>
   301370
  </reviews>
  <new>
   -
  </new>
  <sporty>
   no
  </sporty>
 </clothing>
 <clothing>
  <id>
   585004855
  </id>
  <name>
   DC Pants S-9874
  </name>
  <category>
   Pants
  </category>
  <size>
   L
  </size>
  <color>
   Зеленый
  </color>
  <material>
   Хлопок
  </material>
  <price>
   975160
  </price>
  <rating>
   4.21
  </rating>
  <reviews>
   198380
  </reviews>
  <new>
   -
  </new>
 </clothing>
 <clothing>
  <id>
   897377067
  </id>
  <name>
   Puma Shoes Y-4211
  </name>
  <category>
   Shoes
  </category>
  <size>
   XXL
  </size>
  <color>
   Оранжевый
  </color>
  <material>
   Вискоза
  </material>
  <price>
   471106
  </price>
  <rating>
   2.58
  </rating>
  <reviews>
   291455
  </reviews>
  <new>
   +
  </new>
 </clothing>
 <clothing>
  <id>
   864566413
  </id>
  <name>
   New Balance Pants R-6824
  </name>
  <category>
   Pants
  </category>
  <size>
   M
  </size>
  <color>
   Желтый
  </color>
  <material>
   Шерсть
  </material>
  <price>
   782544
  </price>
  <rating>
   3.72
  </rating>
  <reviews>
   716890
  </reviews>
  <new>
   -
  </new>
  <exclusive>
   no
  </exclusive>
  <sporty>
   no
  </sporty>
 </clothing>
 <clothing>
  <id>
   314245757
  </id>
  <name>
   New Balance Shirt K-9917
  </name>
  <category>
   Shirt
  </category>
  <size>
   XXL
  </size>
  <color>
   Фиолетовый
  </color>
  <material>
   Лен
  </material>
  <price>
   638953
  </price>
  <rating>
   4.19
  </rating>
  <reviews>
   336572
  </reviews>
  <new>
   -
  </new>
  <exclusive>
   no
  </exclusive>
 </clothing>
 <clothing>
  <id>
   227819767
  </id>
  <name>
   Brooks Blouse Q-9116
  </name>
  <category>
   Blouse
  </category>
  <size>
   XL
  </size>
  <color>
   Зеленый
  </color>
  <material>
   Шелк
  </material>
  <price>
   686452
  </price>
  <rating>
   1.26
  </rating>
  <reviews>
   669939
  </reviews>
  <new>
   -
  </new>
  <sporty>
   yes
  </sporty>
 </clothing>
 <clothing>
  <id>
   358460511
  </id>
  <name>
   Vans Blouse I-1330
  </name>
  <category>
   Blouse
  </category>
  <size>
   XXL
  </size>
  <color>
   Синий
  </color>
  <material>
   Лен
  </material>
  <price>
   567389
  </price>
  <rating>
   3.29
  </rating>
  <reviews>
   911972
  </reviews>
  <new>
   -
  </new>
  <sporty>
   yes
  </sporty>
 </clothing>
 <clothing>
  <id>
   830742377
  </id>
  <name>
   New Balance Socks Q-6676
  </name>
  <category>
   Socks
  </category>
  <size>
   XL
  </size>
  <color>
   Голубой
  </color>
  <material>
   Хлопок
  </material>
  <price>
   421275
  </price>
  <rating>
   3.11
  </rating>
  <reviews>
   689087
  </reviews>
  <new>
   +
  </new>
 </clothing>
 <clothing>
  <id>
   348010842
  </id>
  <name>
   New Balance Umbrellas V-5968
  </name>
  <category>
   Umbrellas
  </category>
  <size>
   XL
  </size>
  <color>
   Фиолетовый
  </color>
  <material>
   Нейлон
  </material>
  <price>
   790863
  </price>
  <rating>
   4.44
  </rating>
  <reviews>
   297573
  </reviews>
  <new>
   +
  </new>
  <exclusive>
   no
  </exclusive>
  <sporty>
   yes
  </sporty>
 </clothing>
</clothing-items>
