<?xml version="1.0" encoding="utf-8"?>
<clothing-items>
 <clothing>
  <id>
   383814028
  </id>
  <name>
   New Balance Handbags Q-3306
  </name>
  <category>
   Handbags
  </category>
  <size>
   XL
  </size>
  <color>
   Желтый
  </color>
  <material>
   Шерсть
  </material>
  <price>
   687575
  </price>
  <rating>
   1.26
  </rating>
  <reviews>
   119006
  </reviews>
  <sporty>
   yes
  </sporty>
 </clothing>
 <clothing>
  <id>
   190425876
  </id>
  <name>
   Under Armour Skirt O-8268
  </name>
  <category>
   Skirt
  </category>
  <size>
   S
  </size>
  <color>
   Голубой
  </color>
  <material>
   Хлопок
  </material>
  <price>
   760782
  </price>
  <rating>
   3.8
  </rating>
  <reviews>
   985732
  </reviews>
  <new>
   -
  </new>
  <sporty>
   yes
  </sporty>
 </clothing>
 <clothing>
  <id>
   401495855
  </id>
  <name>
   Ellesse Jacket B-1559
  </name>
  <category>
   Jacket
  </category>
  <size>
   XXL
  </size>
  <color>
   Голубой
  </color>
  <material>
   Шерсть
  </material>
  <price>
   255606
  </price>
  <rating>
   4.04
  </rating>
  <reviews>
   734594
  </reviews>
  <new>
   -
  </new>
  <exclusive>
   yes
  </exclusive>
  <sporty>
   yes
  </sporty>
 </clothing>
 <clothing>
  <id>
   745917730
  </id>
  <name>
   DC Dress J-7533
  </name>
  <category>
   Dress
  </category>
  <size>
   S
  </size>
  <color>
   Синий
  </color>
  <material>
   Шерсть
  </material>
  <price>
   113493
  </price>
  <rating>
   2.12
  </rating>
  <reviews>
   172768
  </reviews>
  <new>
   -
  </new>
  <sporty>
   yes
  </sporty>
 </clothing>
 <clothing>
  <id>
   764849402
  </id>
  <name>
   Ellesse Hat P-4094
  </name>
  <category>
   Hat
  </category>
  <size>
   L
  </size>
  <color>
   Оранжевый
  </color>
  <material>
   Полиэстер
  </material>
  <price>
   997896
  </price>
  <rating>
   3.88
  </rating>
  <reviews>
   386451
  </reviews>
  <new>
   -
  </new>
  <exclusive>
   yes
  </exclusive>
  <sporty>
   yes
  </sporty>
 </clothing>
 <clothing>
  <id>
   111201555
  </id>
  <name>
   Nike Blouse P-3663
  </name>
  <category>
   Blouse
  </category>
  <size>
   M
  </size>
  <color>
   Красный
  </color>
  <material>
   Полиэстер
  </material>
  <price>
   836269
  </price>
  <rating>
   3.36
  </rating>
  <reviews>
   878939
  </reviews>
  <new>
   +
  </new>
  <exclusive>
   no
  </exclusive>
  <sporty>
   yes
  </sporty>
 </clothing>
 <clothing>
  <id>
   693104448
  </id>
  <name>
   Reebok Skirt I-5813
  </name>
  <category>
   Skirt
  </category>
  <size>
   S
  </size>
  <color>
   Оранжевый
  </color>
  <material>
   Лен
  </material>
  <price>
   436303
  </price>
  <rating>
   3.04
  </rating>
  <reviews>
   613270
  </reviews>
  <new>
   +
  </new>
  <sporty>
   yes
  </sporty>
 </clothing>
 <clothing>
  <id>
   562004319
  </id>
  <name>
   Addidas Handbags B-4935
  </name>
  <category>
   Handbags
  </category>
  <size>
   M
  </size>
  <color>
   Синий
  </color>
  <material>
   Шелк
  </material>
  <price>
   328579
  </price>
  <rating>
   1.99
  </rating>
  <reviews>
   43756
  </reviews>
  <new>
   +
  </new>
  <exclusive>
   no
  </exclusive>
 </clothing>
 <clothing>
  <id>
   608513623
  </id>
  <name>
   Nike Jacket G-5219
  </name>
  <category>
   Jacket
  </category>
  <size>
   M
  </size>
  <color>
   Красный
  </color>
  <material>
   Хлопок
  </material>
  <price>
   789629
  </price>
  <rating>
   4.35
  </rating>
  <reviews>
   253012
  </reviews>
  <new>
   +
  </new>
  <sporty>
   yes
  </sporty>
 </clothing>
 <clothing>
  <id>
   110183010
  </id>
  <name>
   Converse Belts F-2481
  </name>
  <category>
   Belts
  </category>
  <size>
   M
  </size>
  <color>
   Зеленый
  </color>
  <material>
   Шелк
  </material>
  <price>
   941486
  </price>
  <rating>
   1.25
  </rating>
  <reviews>
   874203
  </reviews>
  <new>
   +
  </new>
  <sporty>
   yes
  </sporty>
 </clothing>
 <clothing>
  <id>
   966122991
  </id>
  <name>
   Fila Jacket L-1911
  </name>
  <category>
   Jacket
  </category>
  <size>
   XL
  </size>
  <color>
   Желтый
  </color>
  <material>
   Полиэстер
  </material>
  <price>
   531138
  </price>
  <rating>
   3.94
  </rating>
  <reviews>
   943094
  </reviews>
  <new>
   -
  </new>
  <exclusive>
   no
  </exclusive>
 </clothing>
 <clothing>
  <id>
   430138938
  </id>
  <name>
   Ellesse Jacket T-3099
  </name>
  <category>
   Jacket
  </category>
  <size>
   M
  </size>
  <color>
   Желтый
  </color>
  <material>
   Шерсть
  </material>
  <price>
   511718
  </price>
  <rating>
   2.44
  </rating>
  <reviews>
   517820
  </reviews>
  <new>
   -
  </new>
  <sporty>
   no
  </sporty>
 </clothing>
 <clothing>
  <id>
   989201227
  </id>
  <name>
   Under Armour Skirt Y-4590
  </name>
  <category>
   Skirt
  </category>
  <size>
   L
  </size>
  <color>
   Голубой
  </color>
  <material>
   Нейлон
  </material>
  <price>
   461173
  </price>
  <rating>
   1.85
  </rating>
  <reviews>
   438495
  </reviews>
  <exclusive>
   yes
  </exclusive>
 </clothing>
 <clothing>
  <id>
   349273221
  </id>
  <name>
   Adidas Jacket U-1175
  </name>
  <category>
   Jacket
  </category>
  <size>
   S
  </size>
  <color>
   Зеленый
  </color>
  <material>
   Кожа
  </material>
  <price>
   368977
  </price>
  <rating>
   2.32
  </rating>
  <reviews>
   37235
  </reviews>
  <exclusive>
   yes
  </exclusive>
  <sporty>
   yes
  </sporty>
 </clothing>
 <clothing>
  <id>
   612800670
  </id>
  <name>
   Lacoste T-shirt F-2719
  </name>
  <category>
   T-shirt
  </category>
  <size>
   L
  </size>
  <color>
   Желтый
  </color>
  <material>
   Шелк
  </material>
  <price>
   207277
  </price>
  <rating>
   1.3
  </rating>
  <reviews>
   301087
  </reviews>
 </clothing>
 <clothing>
  <id>
   788389728
  </id>
  <name>
   Asics Jeans G-1689
  </name>
  <category>
   Jeans
  </category>
  <size>
   L
  </size>
  <color>
   Зеленый
  </color>
  <material>
   Нейлон
  </material>
  <price>
   156289
  </price>
  <rating>
   4.71
  </rating>
  <reviews>
   816103
  </reviews>
  <new>
   -
  </new>
  <sporty>
   no
  </sporty>
 </clothing>
 <clothing>
  <id>
   568213250
  </id>
  <name>
   PleinSport Socks Z-6764
  </name>
  <category>
   Socks
  </category>
  <size>
   S
  </size>
  <color>
   Синий
  </color>
  <material>
   Хлопок
  </material>
  <price>
   976563
  </price>
  <rating>
   2.31
  </rating>
  <reviews>
   779786
  </reviews>
  <new>
   -
  </new>
  <sporty>
   yes
  </sporty>
 </clothing>
 <clothing>
  <id>
   180294164
  </id>
  <name>
   Lacoste Shirt W-2189
  </name>
  <category>
   Shirt
  </category>
  <size>
   M
  </size>
  <color>
   Оранжевый
  </color>
  <material>
   Шелк
  </material>
  <price>
   685308
  </price>
  <rating>
   2.03
  </rating>
  <reviews>
   35036
  </reviews>
  <exclusive>
   yes
  </exclusive>
  <sporty>
   yes
  </sporty>
 </clothing>
 <clothing>
  <id>
   975851111
  </id>
  <name>
   Adidas Shoes D-6631
  </name>
  <category>
   Shoes
  </category>
  <size>
   M
  </size>
  <color>
   Красный
  </color>
  <material>
   Кожа
  </material>
  <price>
   809259
  </price>
  <rating>
   2.4
  </rating>
  <reviews>
   528322
  </reviews>
  <new>
   -
  </new>
 </clothing>
 <clothing>
  <id>
   767708478
  </id>
  <name>
   Brooks Sweater J-4074
  </name>
  <category>
   Sweater
  </category>
  <size>
   XXL
  </size>
  <color>
   Зеленый
  </color>
  <material>
   Кожа
  </material>
  <price>
   140965
  </price>
  <rating>
   2.22
  </rating>
  <reviews>
   836165
  </reviews>
  <exclusive>
   yes
  </exclusive>
 </clothing>
 <clothing>
  <id>
   397093268
  </id>
  <name>
   Brooks Sweater L-4000
  </name>
  <category>
   Sweater
  </category>
  <size>
   S
  </size>
  <color>
   Зеленый
  </color>
  <material>
   Кожа
  </material>
  <price>
   846181
  </price>
  <rating>
   1.02
  </rating>
  <reviews>
   786461
  </reviews>
  <exclusive>
   no
  </exclusive>
  <sporty>
   yes
  </sporty>
 </clothing>
 <clothing>
  <id>
   861853829
  </id>
  <name>
   Converse Jeans I-8483
  </name>
  <category>
   Jeans
  </category>
  <size>
   L
  </size>
  <color>
   Оранжевый
  </color>
  <material>
   Хлопок
  </material>
  <price>
   259284
  </price>
  <rating>
   3.61
  </rating>
  <reviews>
   454064
  </reviews>
  <new>
   -
  </new>
  <exclusive>
   no
  </exclusive>
  <sporty>
   no
  </sporty>
 </clothing>
 <clothing>
  <id>
   472232053
  </id>
  <name>
   Lacoste Shoes P-8944
  </name>
  <category>
   Shoes
  </category>
  <size>
   XXL
  </size>
  <color>
   Фиолетовый
  </color>
  <material>
   Нейлон
  </material>
  <price>
   258708
  </price>
  <rating>
   3.07
  </rating>
  <reviews>
   387521
  </reviews>
  <new>
   +
  </new>
  <exclusive>
   yes
  </exclusive>
  <sporty>
   no
  </sporty>
 </clothing>
</clothing-items>
