<?xml version="1.0" encoding="utf-8"?>
<clothing-items>
 <clothing>
  <id>
   551296962
  </id>
  <name>
   Vans Pants E-6914
  </name>
  <category>
   Pants
  </category>
  <size>
   L
  </size>
  <color>
   Красный
  </color>
  <material>
   Полиэстер
  </material>
  <price>
   121846
  </price>
  <rating>
   4.49
  </rating>
  <reviews>
   511496
  </reviews>
  <new>
   +
  </new>
  <exclusive>
   no
  </exclusive>
  <sporty>
   no
  </sporty>
 </clothing>
 <clothing>
  <id>
   702541636
  </id>
  <name>
   Puma Umbrellas K-1611
  </name>
  <category>
   Umbrellas
  </category>
  <size>
   XL
  </size>
  <color>
   Красный
  </color>
  <material>
   Вискоза
  </material>
  <price>
   971317
  </price>
  <rating>
   1.73
  </rating>
  <reviews>
   964897
  </reviews>
  <new>
   -
  </new>
  <exclusive>
   no
  </exclusive>
 </clothing>
 <clothing>
  <id>
   737453032
  </id>
  <name>
   Puma Dress H-9884
  </name>
  <category>
   Dress
  </category>
  <size>
   S
  </size>
  <color>
   Желтый
  </color>
  <material>
   Вискоза
  </material>
  <price>
   635531
  </price>
  <rating>
   1.89
  </rating>
  <reviews>
   428420
  </reviews>
  <new>
   -
  </new>
  <exclusive>
   yes
  </exclusive>
 </clothing>
 <clothing>
  <id>
   478633940
  </id>
  <name>
   Puma Jacket S-8180
  </name>
  <category>
   Jacket
  </category>
  <size>
   XXL
  </size>
  <color>
   Красный
  </color>
  <material>
   Кожа
  </material>
  <price>
   220094
  </price>
  <rating>
   4.71
  </rating>
  <reviews>
   41428
  </reviews>
 </clothing>
 <clothing>
  <id>
   715054487
  </id>
  <name>
   Brooks Belts F-4921
  </name>
  <category>
   Belts
  </category>
  <size>
   XXL
  </size>
  <color>
   Синий
  </color>
  <material>
   Кожа
  </material>
  <price>
   258919
  </price>
  <rating>
   1.45
  </rating>
  <reviews>
   126552
  </reviews>
  <exclusive>
   no
  </exclusive>
  <sporty>
   yes
  </sporty>
 </clothing>
 <clothing>
  <id>
   767924149
  </id>
  <name>
   Addidas Dress A-7361
  </name>
  <category>
   Dress
  </category>
  <size>
   M
  </size>
  <color>
   Оранжевый
  </color>
  <material>
   Шерсть
  </material>
  <price>
   929400
  </price>
  <rating>
   4.69
  </rating>
  <reviews>
   589116
  </reviews>
  <new>
   -
  </new>
 </clothing>
 <clothing>
  <id>
   447576637
  </id>
  <name>
   Vans Sweater Q-3912
  </name>
  <category>
   Sweater
  </category>
  <size>
   M
  </size>
  <color>
   Оранжевый
  </color>
  <material>
   Шерсть
  </material>
  <price>
   399343
  </price>
  <rating>
   2.51
  </rating>
  <reviews>
   250320
  </reviews>
  <new>
   +
  </new>
  <exclusive>
   no
  </exclusive>
  <sporty>
   no
  </sporty>
 </clothing>
 <clothing>
  <id>
   661939348
  </id>
  <name>
   Under Armour Belts W-7940
  </name>
  <category>
   Belts
  </category>
  <size>
   L
  </size>
  <color>
   Фиолетовый
  </color>
  <material>
   Полиэстер
  </material>
  <price>
   177843
  </price>
  <rating>
   3.09
  </rating>
  <reviews>
   424137
  </reviews>
  <new>
   +
  </new>
 </clothing>
 <clothing>
  <id>
   882808954
  </id>
  <name>
   DC Jeans J-2126
  </name>
  <category>
   Jeans
  </category>
  <size>
   M
  </size>
  <color>
   Оранжевый
  </color>
  <material>
   Шерсть
  </material>
  <price>
   247316
  </price>
  <rating>
   2.32
  </rating>
  <reviews>
   533492
  </reviews>
  <new>
   -
  </new>
  <sporty>
   yes
  </sporty>
 </clothing>
 <clothing>
  <id>
   792835335
  </id>
  <name>
   Adidas Shirt T-3848
  </name>
  <category>
   Shirt
  </category>
  <size>
   XL
  </size>
  <color>
   Зеленый
  </color>
  <material>
   Хлопок
  </material>
  <price>
   892831
  </price>
  <rating>
   1.44
  </rating>
  <reviews>
   136411
  </reviews>
  <new>
   -
  </new>
  <exclusive>
   no
  </exclusive>
 </clothing>
 <clothing>
  <id>
   321056179
  </id>
  <name>
   PleinSport T-shirt F-2796
  </name>
  <category>
   T-shirt
  </category>
  <size>
   XXL
  </size>
  <color>
   Красный
  </color>
  <material>
   Нейлон
  </material>
  <price>
   996686
  </price>
  <rating>
   4.89
  </rating>
  <reviews>
   123662
  </reviews>
  <sporty>
   no
  </sporty>
 </clothing>
 <clothing>
  <id>
   494888624
  </id>
  <name>
   New Balance Sweater E-7449
  </name>
  <category>
   Sweater
  </category>
  <size>
   S
  </size>
  <color>
   Зеленый
  </color>
  <material>
   Шерсть
  </material>
  <price>
   551060
  </price>
  <rating>
   1.4
  </rating>
  <reviews>
   103192
  </reviews>
  <exclusive>
   no
  </exclusive>
 </clothing>
 <clothing>
  <id>
   401358210
  </id>
  <name>
   Adidas Jacket F-7511
  </name>
  <category>
   Jacket
  </category>
  <size>
   XXL
  </size>
  <color>
   Оранжевый
  </color>
  <material>
   Лен
  </material>
  <price>
   227233
  </price>
  <rating>
   1.29
  </rating>
  <reviews>
   776257
  </reviews>
  <new>
   +
  </new>
  <exclusive>
   yes
  </exclusive>
  <sporty>
   no
  </sporty>
 </clothing>
 <clothing>
  <id>
   262963883
  </id>
  <name>
   Converse Umbrellas P-4327
  </name>
  <category>
   Umbrellas
  </category>
  <size>
   XL
  </size>
  <color>
   Фиолетовый
  </color>
  <material>
   Лен
  </material>
  <price>
   286212
  </price>
  <rating>
   4.55
  </rating>
  <reviews>
   779373
  </reviews>
  <new>
   +
  </new>
  <exclusive>
   yes
  </exclusive>
  <sporty>
   yes
  </sporty>
 </clothing>
</clothing-items>
