<?xml version="1.0" encoding="utf-8"?>
<clothing-items>
 <clothing>
  <id>
   671810246
  </id>
  <name>
   Vans Socks R-2896
  </name>
  <category>
   Socks
  </category>
  <size>
   L
  </size>
  <color>
   Фиолетовый
  </color>
  <material>
   Шелк
  </material>
  <price>
   307345
  </price>
  <rating>
   2.45
  </rating>
  <reviews>
   948440
  </reviews>
  <new>
   +
  </new>
  <exclusive>
   no
  </exclusive>
 </clothing>
 <clothing>
  <id>
   879738716
  </id>
  <name>
   Converse T-shirt L-5925
  </name>
  <category>
   T-shirt
  </category>
  <size>
   L
  </size>
  <color>
   Голубой
  </color>
  <material>
   Полиэстер
  </material>
  <price>
   175259
  </price>
  <rating>
   4.59
  </rating>
  <reviews>
   704809
  </reviews>
  <sporty>
   no
  </sporty>
 </clothing>
 <clothing>
  <id>
   679259608
  </id>
  <name>
   Ellesse T-shirt E-8892
  </name>
  <category>
   T-shirt
  </category>
  <size>
   M
  </size>
  <color>
   Фиолетовый
  </color>
  <material>
   Нейлон
  </material>
  <price>
   457686
  </price>
  <rating>
   3.29
  </rating>
  <reviews>
   801153
  </reviews>
  <new>
   -
  </new>
  <sporty>
   no
  </sporty>
 </clothing>
 <clothing>
  <id>
   109440508
  </id>
  <name>
   Adidas Hat W-6559
  </name>
  <category>
   Hat
  </category>
  <size>
   M
  </size>
  <color>
   Голубой
  </color>
  <material>
   Лен
  </material>
  <price>
   157179
  </price>
  <rating>
   4.53
  </rating>
  <reviews>
   291505
  </reviews>
  <new>
   +
  </new>
  <exclusive>
   no
  </exclusive>
  <sporty>
   no
  </sporty>
 </clothing>
 <clothing>
  <id>
   446081691
  </id>
  <name>
   PleinSport Sweater H-6126
  </name>
  <category>
   Sweater
  </category>
  <size>
   M
  </size>
  <color>
   Желтый
  </color>
  <material>
   Кожа
  </material>
  <price>
   782514
  </price>
  <rating>
   1.29
  </rating>
  <reviews>
   12639
  </reviews>
  <exclusive>
   yes
  </exclusive>
  <sporty>
   no
  </sporty>
 </clothing>
 <clothing>
  <id>
   350050210
  </id>
  <name>
   New Balance Sweater C-3246
  </name>
  <category>
   Sweater
  </category>
  <size>
   M
  </size>
  <color>
   Оранжевый
  </color>
  <material>
   Шерсть
  </material>
  <price>
   418244
  </price>
  <rating>
   4.93
  </rating>
  <reviews>
   94000
  </reviews>
 </clothing>
 <clothing>
  <id>
   130908490
  </id>
  <name>
   DC Shirt Q-3198
  </name>
  <category>
   Shirt
  </category>
  <size>
   XL
  </size>
  <color>
   Оранжевый
  </color>
  <material>
   Кожа
  </material>
  <price>
   431844
  </price>
  <rating>
   2.3
  </rating>
  <reviews>
   106553
  </reviews>
  <exclusive>
   yes
  </exclusive>
  <sporty>
   no
  </sporty>
 </clothing>
 <clothing>
  <id>
   966347768
  </id>
  <name>
   Ellesse Blouse X-9627
  </name>
  <category>
   Blouse
  </category>
  <size>
   L
  </size>
  <color>
   Синий
  </color>
  <material>
   Вискоза
  </material>
  <price>
   611769
  </price>
  <rating>
   3.03
  </rating>
  <reviews>
   485925
  </reviews>
  <new>
   +
  </new>
  <exclusive>
   yes
  </exclusive>
  <sporty>
   no
  </sporty>
 </clothing>
 <clothing>
  <id>
   728123240
  </id>
  <name>
   Under Armour Gloves I-5785
  </name>
  <category>
   Gloves
  </category>
  <size>
   XL
  </size>
  <color>
   Зеленый
  </color>
  <material>
   Кожа
  </material>
  <price>
   445407
  </price>
  <rating>
   3.35
  </rating>
  <reviews>
   68293
  </reviews>
  <sporty>
   no
  </sporty>
 </clothing>
 <clothing>
  <id>
   529727511
  </id>
  <name>
   Nike T-shirt Y-4007
  </name>
  <category>
   T-shirt
  </category>
  <size>
   XL
  </size>
  <color>
   Фиолетовый
  </color>
  <material>
   Шелк
  </material>
  <price>
   112562
  </price>
  <rating>
   3.54
  </rating>
  <reviews>
   511591
  </reviews>
  <exclusive>
   yes
  </exclusive>
  <sporty>
   yes
  </sporty>
 </clothing>
 <clothing>
  <id>
   561058518
  </id>
  <name>
   New Balance Jacket M-1771
  </name>
  <category>
   Jacket
  </category>
  <size>
   M
  </size>
  <color>
   Фиолетовый
  </color>
  <material>
   Нейлон
  </material>
  <price>
   245694
  </price>
  <rating>
   1.87
  </rating>
  <reviews>
   297574
  </reviews>
  <exclusive>
   yes
  </exclusive>
 </clothing>
 <clothing>
  <id>
   450244870
  </id>
  <name>
   Lacoste Shirt A-6312
  </name>
  <category>
   Shirt
  </category>
  <size>
   XXL
  </size>
  <color>
   Оранжевый
  </color>
  <material>
   Лен
  </material>
  <price>
   623608
  </price>
  <rating>
   3.44
  </rating>
  <reviews>
   390392
  </reviews>
  <exclusive>
   yes
  </exclusive>
 </clothing>
 <clothing>
  <id>
   558788681
  </id>
  <name>
   Lacoste Hat G-7029
  </name>
  <category>
   Hat
  </category>
  <size>
   M
  </size>
  <color>
   Фиолетовый
  </color>
  <material>
   Полиэстер
  </material>
  <price>
   573585
  </price>
  <rating>
   1.37
  </rating>
  <reviews>
   945069
  </reviews>
  <exclusive>
   no
  </exclusive>
  <sporty>
   no
  </sporty>
 </clothing>
 <clothing>
  <id>
   825874270
  </id>
  <name>
   Converse Hat T-3059
  </name>
  <category>
   Hat
  </category>
  <size>
   M
  </size>
  <color>
   Голубой
  </color>
  <material>
   Нейлон
  </material>
  <price>
   750722
  </price>
  <rating>
   4.08
  </rating>
  <reviews>
   949078
  </reviews>
  <new>
   -
  </new>
  <sporty>
   no
  </sporty>
 </clothing>
 <clothing>
  <id>
   605372391
  </id>
  <name>
   Adidas Handbags J-7600
  </name>
  <category>
   Handbags
  </category>
  <size>
   M
  </size>
  <color>
   Синий
  </color>
  <material>
   Полиэстер
  </material>
  <price>
   186419
  </price>
  <rating>
   1.44
  </rating>
  <reviews>
   715446
  </reviews>
  <sporty>
   yes
  </sporty>
 </clothing>
 <clothing>
  <id>
   956393039
  </id>
  <name>
   DC Jeans U-8420
  </name>
  <category>
   Jeans
  </category>
  <size>
   XXL
  </size>
  <color>
   Красный
  </color>
  <material>
   Хлопок
  </material>
  <price>
   598101
  </price>
  <rating>
   3.63
  </rating>
  <reviews>
   40961
  </reviews>
  <exclusive>
   yes
  </exclusive>
  <sporty>
   yes
  </sporty>
 </clothing>
 <clothing>
  <id>
   636741005
  </id>
  <name>
   New Balance Blouse M-2349
  </name>
  <category>
   Blouse
  </category>
  <size>
   XXL
  </size>
  <color>
   Фиолетовый
  </color>
  <material>
   Нейлон
  </material>
  <price>
   534058
  </price>
  <rating>
   2.25
  </rating>
  <reviews>
   669369
  </reviews>
  <exclusive>
   yes
  </exclusive>
  <sporty>
   yes
  </sporty>
 </clothing>
 <clothing>
  <id>
   477367138
  </id>
  <name>
   Fila Dress O-3055
  </name>
  <category>
   Dress
  </category>
  <size>
   L
  </size>
  <color>
   Голубой
  </color>
  <material>
   Лен
  </material>
  <price>
   934350
  </price>
  <rating>
   3.06
  </rating>
  <reviews>
   391645
  </reviews>
  <new>
   +
  </new>
  <exclusive>
   no
  </exclusive>
 </clothing>
 <clothing>
  <id>
   963921902
  </id>
  <name>
   Puma Shirt W-3957
  </name>
  <category>
   Shirt
  </category>
  <size>
   M
  </size>
  <color>
   Голубой
  </color>
  <material>
   Шелк
  </material>
  <price>
   250786
  </price>
  <rating>
   3.32
  </rating>
  <reviews>
   400383
  </reviews>
  <new>
   -
  </new>
  <exclusive>
   no
  </exclusive>
  <sporty>
   no
  </sporty>
 </clothing>
 <clothing>
  <id>
   853880131
  </id>
  <name>
   New Balance Umbrellas I-7173
  </name>
  <category>
   Umbrellas
  </category>
  <size>
   S
  </size>
  <color>
   Синий
  </color>
  <material>
   Полиэстер
  </material>
  <price>
   179888
  </price>
  <rating>
   3.53
  </rating>
  <reviews>
   143376
  </reviews>
 </clothing>
 <clothing>
  <id>
   876327668
  </id>
  <name>
   PleinSport Shirt J-2180
  </name>
  <category>
   Shirt
  </category>
  <size>
   XL
  </size>
  <color>
   Красный
  </color>
  <material>
   Лен
  </material>
  <price>
   338315
  </price>
  <rating>
   2.37
  </rating>
  <reviews>
   945614
  </reviews>
 </clothing>
 <clothing>
  <id>
   298338991
  </id>
  <name>
   Ellesse Handbags Q-6297
  </name>
  <category>
   Handbags
  </category>
  <size>
   XL
  </size>
  <color>
   Голубой
  </color>
  <material>
   Полиэстер
  </material>
  <price>
   178117
  </price>
  <rating>
   2.73
  </rating>
  <reviews>
   931194
  </reviews>
  <exclusive>
   no
  </exclusive>
 </clothing>
 <clothing>
  <id>
   734438353
  </id>
  <name>
   New Balance Shirt Z-2735
  </name>
  <category>
   Shirt
  </category>
  <size>
   M
  </size>
  <color>
   Голубой
  </color>
  <material>
   Вискоза
  </material>
  <price>
   522540
  </price>
  <rating>
   4.27
  </rating>
  <reviews>
   472861
  </reviews>
  <exclusive>
   no
  </exclusive>
 </clothing>
 <clothing>
  <id>
   358155910
  </id>
  <name>
   New Balance Shoes A-1380
  </name>
  <category>
   Shoes
  </category>
  <size>
   L
  </size>
  <color>
   Красный
  </color>
  <material>
   Полиэстер
  </material>
  <price>
   239002
  </price>
  <rating>
   3.08
  </rating>
  <reviews>
   324967
  </reviews>
  <new>
   -
  </new>
  <exclusive>
   yes
  </exclusive>
 </clothing>
 <clothing>
  <id>
   458290475
  </id>
  <name>
   Lacoste Hat H-7401
  </name>
  <category>
   Hat
  </category>
  <size>
   M
  </size>
  <color>
   Голубой
  </color>
  <material>
   Хлопок
  </material>
  <price>
   193997
  </price>
  <rating>
   1.81
  </rating>
  <reviews>
   114122
  </reviews>
  <new>
   -
  </new>
 </clothing>
 <clothing>
  <id>
   225431166
  </id>
  <name>
   Nike Skirt A-3827
  </name>
  <category>
   Skirt
  </category>
  <size>
   XXL
  </size>
  <color>
   Оранжевый
  </color>
  <material>
   Вискоза
  </material>
  <price>
   513291
  </price>
  <rating>
   3.64
  </rating>
  <reviews>
   907468
  </reviews>
  <exclusive>
   yes
  </exclusive>
  <sporty>
   yes
  </sporty>
 </clothing>
 <clothing>
  <id>
   607301799
  </id>
  <name>
   Asics Dress T-4383
  </name>
  <category>
   Dress
  </category>
  <size>
   XL
  </size>
  <color>
   Красный
  </color>
  <material>
   Шерсть
  </material>
  <price>
   923101
  </price>
  <rating>
   2.02
  </rating>
  <reviews>
   563618
  </reviews>
  <new>
   +
  </new>
  <exclusive>
   no
  </exclusive>
  <sporty>
   no
  </sporty>
 </clothing>
 <clothing>
  <id>
   261842038
  </id>
  <name>
   Brooks Socks I-2332
  </name>
  <category>
   Socks
  </category>
  <size>
   XL
  </size>
  <color>
   Голубой
  </color>
  <material>
   Шелк
  </material>
  <price>
   777937
  </price>
  <rating>
   3.89
  </rating>
  <reviews>
   152476
  </reviews>
  <exclusive>
   yes
  </exclusive>
 </clothing>
 <clothing>
  <id>
   987074841
  </id>
  <name>
   Nike T-shirt Y-4860
  </name>
  <category>
   T-shirt
  </category>
  <size>
   L
  </size>
  <color>
   Голубой
  </color>
  <material>
   Вискоза
  </material>
  <price>
   316914
  </price>
  <rating>
   1.67
  </rating>
  <reviews>
   591014
  </reviews>
  <new>
   -
  </new>
  <exclusive>
   no
  </exclusive>
 </clothing>
 <clothing>
  <id>
   785988890
  </id>
  <name>
   PleinSport Blouse V-1359
  </name>
  <category>
   Blouse
  </category>
  <size>
   XL
  </size>
  <color>
   Красный
  </color>
  <material>
   Полиэстер
  </material>
  <price>
   919477
  </price>
  <rating>
   4.91
  </rating>
  <reviews>
   820310
  </reviews>
  <new>
   -
  </new>
  <sporty>
   yes
  </sporty>
 </clothing>
 <clothing>
  <id>
   939017500
  </id>
  <name>
   Adidas Skirt Z-2616
  </name>
  <category>
   Skirt
  </category>
  <size>
   S
  </size>
  <color>
   Зеленый
  </color>
  <material>
   Шелк
  </material>
  <price>
   295562
  </price>
  <rating>
   3.57
  </rating>
  <reviews>
   644360
  </reviews>
  <new>
   +
  </new>
  <exclusive>
   no
  </exclusive>
 </clothing>
 <clothing>
  <id>
   170580759
  </id>
  <name>
   Reebok Shirt B-8665
  </name>
  <category>
   Shirt
  </category>
  <size>
   XXL
  </size>
  <color>
   Красный
  </color>
  <material>
   Хлопок
  </material>
  <price>
   530548
  </price>
  <rating>
   1.23
  </rating>
  <reviews>
   962116
  </reviews>
  <new>
   -
  </new>
  <exclusive>
   yes
  </exclusive>
  <sporty>
   no
  </sporty>
 </clothing>
 <clothing>
  <id>
   122344660
  </id>
  <name>
   DC Sweater D-7713
  </name>
  <category>
   Sweater
  </category>
  <size>
   XL
  </size>
  <color>
   Зеленый
  </color>
  <material>
   Вискоза
  </material>
  <price>
   407596
  </price>
  <rating>
   1.49
  </rating>
  <reviews>
   280713
  </reviews>
  <exclusive>
   no
  </exclusive>
 </clothing>
 <clothing>
  <id>
   147202913
  </id>
  <name>
   PleinSport Skirt E-7871
  </name>
  <category>
   Skirt
  </category>
  <size>
   L
  </size>
  <color>
   Желтый
  </color>
  <material>
   Хлопок
  </material>
  <price>
   719866
  </price>
  <rating>
   3.47
  </rating>
  <reviews>
   419819
  </reviews>
  <exclusive>
   no
  </exclusive>
 </clothing>
 <clothing>
  <id>
   154801371
  </id>
  <name>
   Asics Dress L-4718
  </name>
  <category>
   Dress
  </category>
  <size>
   XL
  </size>
  <color>
   Желтый
  </color>
  <material>
   Полиэстер
  </material>
  <price>
   145566
  </price>
  <rating>
   4.93
  </rating>
  <reviews>
   523957
  </reviews>
  <new>
   -
  </new>
  <sporty>
   no
  </sporty>
 </clothing>
 <clothing>
  <id>
   452024977
  </id>
  <name>
   Lacoste Blouse N-1143
  </name>
  <category>
   Blouse
  </category>
  <size>
   M
  </size>
  <color>
   Фиолетовый
  </color>
  <material>
   Нейлон
  </material>
  <price>
   872026
  </price>
  <rating>
   3.74
  </rating>
  <reviews>
   55150
  </reviews>
 </clothing>
 <clothing>
  <id>
   835882518
  </id>
  <name>
   PleinSport Dress B-7360
  </name>
  <category>
   Dress
  </category>
  <size>
   S
  </size>
  <color>
   Красный
  </color>
  <material>
   Кожа
  </material>
  <price>
   623631
  </price>
  <rating>
   2.24
  </rating>
  <reviews>
   464650
  </reviews>
  <new>
   -
  </new>
  <exclusive>
   yes
  </exclusive>
  <sporty>
   no
  </sporty>
 </clothing>
 <clothing>
  <id>
   265958996
  </id>
  <name>
   Reebok Jacket N-7449
  </name>
  <category>
   Jacket
  </category>
  <size>
   XL
  </size>
  <color>
   Желтый
  </color>
  <material>
   Кожа
  </material>
  <price>
   941809
  </price>
  <rating>
   3.29
  </rating>
  <reviews>
   934547
  </reviews>
  <new>
   -
  </new>
  <exclusive>
   yes
  </exclusive>
  <sporty>
   yes
  </sporty>
 </clothing>
 <clothing>
  <id>
   416050147
  </id>
  <name>
   Asics Jeans C-9597
  </name>
  <category>
   Jeans
  </category>
  <size>
   M
  </size>
  <color>
   Фиолетовый
  </color>
  <material>
   Шелк
  </material>
  <price>
   259300
  </price>
  <rating>
   1.08
  </rating>
  <reviews>
   165595
  </reviews>
  <exclusive>
   no
  </exclusive>
  <sporty>
   yes
  </sporty>
 </clothing>
 <clothing>
  <id>
   129105287
  </id>
  <name>
   Fila Jeans N-8738
  </name>
  <category>
   Jeans
  </category>
  <size>
   XXL
  </size>
  <color>
   Голубой
  </color>
  <material>
   Хлопок
  </material>
  <price>
   365411
  </price>
  <rating>
   4.33
  </rating>
  <reviews>
   406021
  </reviews>
  <new>
   +
  </new>
  <exclusive>
   yes
  </exclusive>
  <sporty>
   yes
  </sporty>
 </clothing>
 <clothing>
  <id>
   871687645
  </id>
  <name>
   Puma T-shirt A-5437
  </name>
  <category>
   T-shirt
  </category>
  <size>
   XL
  </size>
  <color>
   Красный
  </color>
  <material>
   Кожа
  </material>
  <price>
   202975
  </price>
  <rating>
   1.97
  </rating>
  <reviews>
   399181
  </reviews>
  <new>
   -
  </new>
  <exclusive>
   no
  </exclusive>
  <sporty>
   no
  </sporty>
 </clothing>
 <clothing>
  <id>
   199542674
  </id>
  <name>
   New Balance Shirt D-7719
  </name>
  <category>
   Shirt
  </category>
  <size>
   L
  </size>
  <color>
   Желтый
  </color>
  <material>
   Шелк
  </material>
  <price>
   635094
  </price>
  <rating>
   2.14
  </rating>
  <reviews>
   73250
  </reviews>
  <new>
   -
  </new>
  <exclusive>
   no
  </exclusive>
  <sporty>
   yes
  </sporty>
 </clothing>
 <clothing>
  <id>
   717993783
  </id>
  <name>
   Reebok Socks F-5867
  </name>
  <category>
   Socks
  </category>
  <size>
   S
  </size>
  <color>
   Фиолетовый
  </color>
  <material>
   Лен
  </material>
  <price>
   693154
  </price>
  <rating>
   4.36
  </rating>
  <reviews>
   209693
  </reviews>
 </clothing>
 <clothing>
  <id>
   417838833
  </id>
  <name>
   Brooks Blouse U-9688
  </name>
  <category>
   Blouse
  </category>
  <size>
   S
  </size>
  <color>
   Синий
  </color>
  <material>
   Лен
  </material>
  <price>
   303293
  </price>
  <rating>
   3.24
  </rating>
  <reviews>
   796201
  </reviews>
  <new>
   -
  </new>
  <exclusive>
   no
  </exclusive>
 </clothing>
 <clothing>
  <id>
   767897817
  </id>
  <name>
   Reebok Skirt L-3131
  </name>
  <category>
   Skirt
  </category>
  <size>
   M
  </size>
  <color>
   Красный
  </color>
  <material>
   Нейлон
  </material>
  <price>
   978930
  </price>
  <rating>
   1.96
  </rating>
  <reviews>
   191203
  </reviews>
 </clothing>
 <clothing>
  <id>
   513248662
  </id>
  <name>
   Puma Jacket F-2082
  </name>
  <category>
   Jacket
  </category>
  <size>
   XXL
  </size>
  <color>
   Зеленый
  </color>
  <material>
   Кожа
  </material>
  <price>
   262041
  </price>
  <rating>
   1.47
  </rating>
  <reviews>
   424701
  </reviews>
  <exclusive>
   no
  </exclusive>
  <sporty>
   yes
  </sporty>
 </clothing>
 <clothing>
  <id>
   953975556
  </id>
  <name>
   New Balance Handbags A-7763
  </name>
  <category>
   Handbags
  </category>
  <size>
   XXL
  </size>
  <color>
   Фиолетовый
  </color>
  <material>
   Вискоза
  </material>
  <price>
   521452
  </price>
  <rating>
   1.09
  </rating>
  <reviews>
   656258
  </reviews>
  <new>
   -
  </new>
  <sporty>
   yes
  </sporty>
 </clothing>
 <clothing>
  <id>
   827498999
  </id>
  <name>
   Brooks Socks C-1865
  </name>
  <category>
   Socks
  </category>
  <size>
   XXL
  </size>
  <color>
   Фиолетовый
  </color>
  <material>
   Лен
  </material>
  <price>
   136376
  </price>
  <rating>
   2.63
  </rating>
  <reviews>
   868416
  </reviews>
  <new>
   +
  </new>
  <exclusive>
   yes
  </exclusive>
 </clothing>
 <clothing>
  <id>
   221461378
  </id>
  <name>
   Puma T-shirt S-4993
  </name>
  <category>
   T-shirt
  </category>
  <size>
   XL
  </size>
  <color>
   Оранжевый
  </color>
  <material>
   Нейлон
  </material>
  <price>
   705582
  </price>
  <rating>
   2.47
  </rating>
  <reviews>
   487764
  </reviews>
  <new>
   +
  </new>
  <exclusive>
   yes
  </exclusive>
  <sporty>
   no
  </sporty>
 </clothing>
</clothing-items>
