<?xml version="1.0" encoding="utf-8"?>
<clothing-items>
 <clothing>
  <id>
   216465805
  </id>
  <name>
   Puma Skirt B-8467
  </name>
  <category>
   Skirt
  </category>
  <size>
   M
  </size>
  <color>
   Зеленый
  </color>
  <material>
   Лен
  </material>
  <price>
   936279
  </price>
  <rating>
   3.0
  </rating>
  <reviews>
   623642
  </reviews>
  <sporty>
   no
  </sporty>
 </clothing>
 <clothing>
  <id>
   962198441
  </id>
  <name>
   Puma T-shirt M-6047
  </name>
  <category>
   T-shirt
  </category>
  <size>
   L
  </size>
  <color>
   Синий
  </color>
  <material>
   Лен
  </material>
  <price>
   106544
  </price>
  <rating>
   1.74
  </rating>
  <reviews>
   342513
  </reviews>
  <new>
   +
  </new>
  <exclusive>
   no
  </exclusive>
  <sporty>
   no
  </sporty>
 </clothing>
 <clothing>
  <id>
   835729597
  </id>
  <name>
   Fila Shoes N-1711
  </name>
  <category>
   Shoes
  </category>
  <size>
   S
  </size>
  <color>
   Голубой
  </color>
  <material>
   Лен
  </material>
  <price>
   698817
  </price>
  <rating>
   2.73
  </rating>
  <reviews>
   719594
  </reviews>
  <new>
   +
  </new>
  <exclusive>
   no
  </exclusive>
  <sporty>
   no
  </sporty>
 </clothing>
 <clothing>
  <id>
   640713410
  </id>
  <name>
   Adidas T-shirt C-2254
  </name>
  <category>
   T-shirt
  </category>
  <size>
   XXL
  </size>
  <color>
   Зеленый
  </color>
  <material>
   Кожа
  </material>
  <price>
   926457
  </price>
  <rating>
   3.45
  </rating>
  <reviews>
   92449
  </reviews>
  <new>
   -
  </new>
  <exclusive>
   yes
  </exclusive>
 </clothing>
 <clothing>
  <id>
   651711896
  </id>
  <name>
   Adidas Hat K-6340
  </name>
  <category>
   Hat
  </category>
  <size>
   XXL
  </size>
  <color>
   Желтый
  </color>
  <material>
   Шерсть
  </material>
  <price>
   682787
  </price>
  <rating>
   1.22
  </rating>
  <reviews>
   169186
  </reviews>
  <new>
   -
  </new>
  <exclusive>
   no
  </exclusive>
  <sporty>
   yes
  </sporty>
 </clothing>
 <clothing>
  <id>
   481290196
  </id>
  <name>
   Converse Socks I-7041
  </name>
  <category>
   Socks
  </category>
  <size>
   XL
  </size>
  <color>
   Голубой
  </color>
  <material>
   Лен
  </material>
  <price>
   848066
  </price>
  <rating>
   1.51
  </rating>
  <reviews>
   712762
  </reviews>
  <exclusive>
   yes
  </exclusive>
  <sporty>
   no
  </sporty>
 </clothing>
 <clothing>
  <id>
   520309747
  </id>
  <name>
   Brooks Socks D-4218
  </name>
  <category>
   Socks
  </category>
  <size>
   M
  </size>
  <color>
   Оранжевый
  </color>
  <material>
   Шерсть
  </material>
  <price>
   382451
  </price>
  <rating>
   4.66
  </rating>
  <reviews>
   232515
  </reviews>
  <exclusive>
   no
  </exclusive>
  <sporty>
   no
  </sporty>
 </clothing>
 <clothing>
  <id>
   206932992
  </id>
  <name>
   Adidas Shirt U-4514
  </name>
  <category>
   Shirt
  </category>
  <size>
   L
  </size>
  <color>
   Красный
  </color>
  <material>
   Полиэстер
  </material>
  <price>
   820035
  </price>
  <rating>
   4.02
  </rating>
  <reviews>
   872937
  </reviews>
 </clothing>
 <clothing>
  <id>
   855482269
  </id>
  <name>
   Addidas Jeans O-6943
  </name>
  <category>
   Jeans
  </category>
  <size>
   L
  </size>
  <color>
   Желтый
  </color>
  <material>
   Кожа
  </material>
  <price>
   881961
  </price>
  <rating>
   3.58
  </rating>
  <reviews>
   642784
  </reviews>
  <new>
   -
  </new>
  <sporty>
   yes
  </sporty>
 </clothing>
 <clothing>
  <id>
   303742950
  </id>
  <name>
   New Balance Jeans M-2063
  </name>
  <category>
   Jeans
  </category>
  <size>
   S
  </size>
  <color>
   Оранжевый
  </color>
  <material>
   Лен
  </material>
  <price>
   459824
  </price>
  <rating>
   3.2
  </rating>
  <reviews>
   892822
  </reviews>
  <new>
   +
  </new>
  <exclusive>
   no
  </exclusive>
 </clothing>
 <clothing>
  <id>
   207876664
  </id>
  <name>
   Brooks Umbrellas D-7761
  </name>
  <category>
   Umbrellas
  </category>
  <size>
   XL
  </size>
  <color>
   Желтый
  </color>
  <material>
   Шелк
  </material>
  <price>
   272050
  </price>
  <rating>
   3.59
  </rating>
  <reviews>
   362889
  </reviews>
  <new>
   +
  </new>
  <exclusive>
   no
  </exclusive>
  <sporty>
   no
  </sporty>
 </clothing>
 <clothing>
  <id>
   743151905
  </id>
  <name>
   Converse Shoes Z-7546
  </name>
  <category>
   Shoes
  </category>
  <size>
   M
  </size>
  <color>
   Зеленый
  </color>
  <material>
   Лен
  </material>
  <price>
   358039
  </price>
  <rating>
   1.63
  </rating>
  <reviews>
   797463
  </reviews>
  <new>
   -
  </new>
 </clothing>
 <clothing>
  <id>
   991691288
  </id>
  <name>
   Converse Socks I-6864
  </name>
  <category>
   Socks
  </category>
  <size>
   L
  </size>
  <color>
   Красный
  </color>
  <material>
   Шелк
  </material>
  <price>
   100577
  </price>
  <rating>
   1.97
  </rating>
  <reviews>
   134185
  </reviews>
  <new>
   -
  </new>
 </clothing>
 <clothing>
  <id>
   517724484
  </id>
  <name>
   Nike Hat Z-3222
  </name>
  <category>
   Hat
  </category>
  <size>
   L
  </size>
  <color>
   Оранжевый
  </color>
  <material>
   Хлопок
  </material>
  <price>
   762983
  </price>
  <rating>
   2.45
  </rating>
  <reviews>
   595664
  </reviews>
  <sporty>
   yes
  </sporty>
 </clothing>
 <clothing>
  <id>
   295067029
  </id>
  <name>
   Reebok Gloves K-4329
  </name>
  <category>
   Gloves
  </category>
  <size>
   S
  </size>
  <color>
   Оранжевый
  </color>
  <material>
   Хлопок
  </material>
  <price>
   375861
  </price>
  <rating>
   3.54
  </rating>
  <reviews>
   623036
  </reviews>
 </clothing>
 <clothing>
  <id>
   625342002
  </id>
  <name>
   Addidas Skirt N-6733
  </name>
  <category>
   Skirt
  </category>
  <size>
   XXL
  </size>
  <color>
   Голубой
  </color>
  <material>
   Лен
  </material>
  <price>
   747583
  </price>
  <rating>
   2.73
  </rating>
  <reviews>
   296643
  </reviews>
 </clothing>
 <clothing>
  <id>
   475698764
  </id>
  <name>
   Vans Hat U-1390
  </name>
  <category>
   Hat
  </category>
  <size>
   M
  </size>
  <color>
   Оранжевый
  </color>
  <material>
   Хлопок
  </material>
  <price>
   112561
  </price>
  <rating>
   3.49
  </rating>
  <reviews>
   527527
  </reviews>
 </clothing>
 <clothing>
  <id>
   399518960
  </id>
  <name>
   Nike Jacket H-5592
  </name>
  <category>
   Jacket
  </category>
  <size>
   M
  </size>
  <color>
   Оранжевый
  </color>
  <material>
   Вискоза
  </material>
  <price>
   596781
  </price>
  <rating>
   3.46
  </rating>
  <reviews>
   733751
  </reviews>
  <exclusive>
   no
  </exclusive>
  <sporty>
   no
  </sporty>
 </clothing>
 <clothing>
  <id>
   648477687
  </id>
  <name>
   PleinSport Skirt G-1958
  </name>
  <category>
   Skirt
  </category>
  <size>
   XL
  </size>
  <color>
   Голубой
  </color>
  <material>
   Кожа
  </material>
  <price>
   981228
  </price>
  <rating>
   1.2
  </rating>
  <reviews>
   131192
  </reviews>
  <new>
   +
  </new>
  <exclusive>
   yes
  </exclusive>
 </clothing>
 <clothing>
  <id>
   925869332
  </id>
  <name>
   Ellesse Shirt Y-8651
  </name>
  <category>
   Shirt
  </category>
  <size>
   XL
  </size>
  <color>
   Синий
  </color>
  <material>
   Вискоза
  </material>
  <price>
   930793
  </price>
  <rating>
   4.22
  </rating>
  <reviews>
   265906
  </reviews>
  <new>
   +
  </new>
  <sporty>
   yes
  </sporty>
 </clothing>
 <clothing>
  <id>
   301179307
  </id>
  <name>
   Vans Shirt P-6900
  </name>
  <category>
   Shirt
  </category>
  <size>
   XL
  </size>
  <color>
   Голубой
  </color>
  <material>
   Нейлон
  </material>
  <price>
   562972
  </price>
  <rating>
   3.7
  </rating>
  <reviews>
   88941
  </reviews>
  <new>
   -
  </new>
  <exclusive>
   no
  </exclusive>
  <sporty>
   yes
  </sporty>
 </clothing>
 <clothing>
  <id>
   759731743
  </id>
  <name>
   Puma Belts O-3512
  </name>
  <category>
   Belts
  </category>
  <size>
   L
  </size>
  <color>
   Зеленый
  </color>
  <material>
   Хлопок
  </material>
  <price>
   107257
  </price>
  <rating>
   4.86
  </rating>
  <reviews>
   894398
  </reviews>
  <sporty>
   no
  </sporty>
 </clothing>
 <clothing>
  <id>
   772249770
  </id>
  <name>
   Addidas T-shirt B-7368
  </name>
  <category>
   T-shirt
  </category>
  <size>
   XL
  </size>
  <color>
   Красный
  </color>
  <material>
   Шелк
  </material>
  <price>
   792290
  </price>
  <rating>
   3.08
  </rating>
  <reviews>
   868186
  </reviews>
  <new>
   -
  </new>
  <sporty>
   no
  </sporty>
 </clothing>
 <clothing>
  <id>
   646346453
  </id>
  <name>
   Asics T-shirt B-9470
  </name>
  <category>
   T-shirt
  </category>
  <size>
   M
  </size>
  <color>
   Оранжевый
  </color>
  <material>
   Шелк
  </material>
  <price>
   958597
  </price>
  <rating>
   2.16
  </rating>
  <reviews>
   351828
  </reviews>
  <exclusive>
   yes
  </exclusive>
  <sporty>
   no
  </sporty>
 </clothing>
 <clothing>
  <id>
   746666524
  </id>
  <name>
   Vans Hat I-3674
  </name>
  <category>
   Hat
  </category>
  <size>
   L
  </size>
  <color>
   Красный
  </color>
  <material>
   Лен
  </material>
  <price>
   677982
  </price>
  <rating>
   2.45
  </rating>
  <reviews>
   781381
  </reviews>
  <new>
   -
  </new>
  <sporty>
   no
  </sporty>
 </clothing>
 <clothing>
  <id>
   103075986
  </id>
  <name>
   Lacoste Belts Z-2390
  </name>
  <category>
   Belts
  </category>
  <size>
   M
  </size>
  <color>
   Зеленый
  </color>
  <material>
   Нейлон
  </material>
  <price>
   941970
  </price>
  <rating>
   2.25
  </rating>
  <reviews>
   433664
  </reviews>
  <new>
   -
  </new>
  <sporty>
   yes
  </sporty>
 </clothing>
 <clothing>
  <id>
   548539239
  </id>
  <name>
   Adidas Jeans J-4476
  </name>
  <category>
   Jeans
  </category>
  <size>
   S
  </size>
  <color>
   Оранжевый
  </color>
  <material>
   Шелк
  </material>
  <price>
   601209
  </price>
  <rating>
   2.31
  </rating>
  <reviews>
   909168
  </reviews>
  <exclusive>
   no
  </exclusive>
  <sporty>
   yes
  </sporty>
 </clothing>
 <clothing>
  <id>
   378490540
  </id>
  <name>
   Fila Jeans R-3945
  </name>
  <category>
   Jeans
  </category>
  <size>
   XXL
  </size>
  <color>
   Желтый
  </color>
  <material>
   Нейлон
  </material>
  <price>
   492920
  </price>
  <rating>
   3.87
  </rating>
  <reviews>
   404849
  </reviews>
  <new>
   +
  </new>
  <exclusive>
   yes
  </exclusive>
  <sporty>
   no
  </sporty>
 </clothing>
 <clothing>
  <id>
   635616625
  </id>
  <name>
   Brooks T-shirt N-2977
  </name>
  <category>
   T-shirt
  </category>
  <size>
   XXL
  </size>
  <color>
   Желтый
  </color>
  <material>
   Лен
  </material>
  <price>
   572067
  </price>
  <rating>
   3.04
  </rating>
  <reviews>
   75365
  </reviews>
  <exclusive>
   yes
  </exclusive>
  <sporty>
   yes
  </sporty>
 </clothing>
 <clothing>
  <id>
   552054117
  </id>
  <name>
   DC T-shirt Y-7038
  </name>
  <category>
   T-shirt
  </category>
  <size>
   L
  </size>
  <color>
   Оранжевый
  </color>
  <material>
   Лен
  </material>
  <price>
   457341
  </price>
  <rating>
   1.91
  </rating>
  <reviews>
   648006
  </reviews>
  <new>
   -
  </new>
  <exclusive>
   no
  </exclusive>
 </clothing>
 <clothing>
  <id>
   954767763
  </id>
  <name>
   Converse Sweater M-1427
  </name>
  <category>
   Sweater
  </category>
  <size>
   M
  </size>
  <color>
   Красный
  </color>
  <material>
   Вискоза
  </material>
  <price>
   938730
  </price>
  <rating>
   2.22
  </rating>
  <reviews>
   401048
  </reviews>
  <new>
   -
  </new>
  <exclusive>
   yes
  </exclusive>
  <sporty>
   no
  </sporty>
 </clothing>
 <clothing>
  <id>
   601220417
  </id>
  <name>
   Reebok T-shirt B-9891
  </name>
  <category>
   T-shirt
  </category>
  <size>
   S
  </size>
  <color>
   Зеленый
  </color>
  <material>
   Вискоза
  </material>
  <price>
   849715
  </price>
  <rating>
   1.0
  </rating>
  <reviews>
   809795
  </reviews>
  <new>
   -
  </new>
  <exclusive>
   yes
  </exclusive>
 </clothing>
 <clothing>
  <id>
   823001757
  </id>
  <name>
   Brooks Blouse H-5171
  </name>
  <category>
   Blouse
  </category>
  <size>
   L
  </size>
  <color>
   Синий
  </color>
  <material>
   Шелк
  </material>
  <price>
   495655
  </price>
  <rating>
   1.72
  </rating>
  <reviews>
   780914
  </reviews>
  <new>
   -
  </new>
 </clothing>
 <clothing>
  <id>
   846958078
  </id>
  <name>
   Converse Hat M-2454
  </name>
  <category>
   Hat
  </category>
  <size>
   XXL
  </size>
  <color>
   Зеленый
  </color>
  <material>
   Хлопок
  </material>
  <price>
   291954
  </price>
  <rating>
   2.4
  </rating>
  <reviews>
   146116
  </reviews>
  <exclusive>
   yes
  </exclusive>
  <sporty>
   no
  </sporty>
 </clothing>
 <clothing>
  <id>
   831477451
  </id>
  <name>
   DC Sweater P-2181
  </name>
  <category>
   Sweater
  </category>
  <size>
   S
  </size>
  <color>
   Голубой
  </color>
  <material>
   Хлопок
  </material>
  <price>
   663222
  </price>
  <rating>
   4.12
  </rating>
  <reviews>
   759126
  </reviews>
  <new>
   -
  </new>
  <exclusive>
   no
  </exclusive>
 </clothing>
 <clothing>
  <id>
   943475253
  </id>
  <name>
   Reebok Handbags A-5636
  </name>
  <category>
   Handbags
  </category>
  <size>
   L
  </size>
  <color>
   Желтый
  </color>
  <material>
   Кожа
  </material>
  <price>
   388376
  </price>
  <rating>
   1.18
  </rating>
  <reviews>
   197227
  </reviews>
  <new>
   -
  </new>
  <exclusive>
   yes
  </exclusive>
  <sporty>
   yes
  </sporty>
 </clothing>
 <clothing>
  <id>
   976636482
  </id>
  <name>
   PleinSport Shoes B-2788
  </name>
  <category>
   Shoes
  </category>
  <size>
   XL
  </size>
  <color>
   Голубой
  </color>
  <material>
   Шерсть
  </material>
  <price>
   100650
  </price>
  <rating>
   4.87
  </rating>
  <reviews>
   97585
  </reviews>
  <new>
   +
  </new>
  <exclusive>
   yes
  </exclusive>
 </clothing>
 <clothing>
  <id>
   406761148
  </id>
  <name>
   Lacoste Gloves V-6256
  </name>
  <category>
   Gloves
  </category>
  <size>
   XL
  </size>
  <color>
   Оранжевый
  </color>
  <material>
   Лен
  </material>
  <price>
   349254
  </price>
  <rating>
   2.8
  </rating>
  <reviews>
   624663
  </reviews>
  <new>
   -
  </new>
 </clothing>
 <clothing>
  <id>
   985914790
  </id>
  <name>
   Fila Pants D-9423
  </name>
  <category>
   Pants
  </category>
  <size>
   M
  </size>
  <color>
   Фиолетовый
  </color>
  <material>
   Лен
  </material>
  <price>
   279341
  </price>
  <rating>
   1.76
  </rating>
  <reviews>
   975762
  </reviews>
  <exclusive>
   no
  </exclusive>
  <sporty>
   yes
  </sporty>
 </clothing>
 <clothing>
  <id>
   362304366
  </id>
  <name>
   PleinSport T-shirt O-7201
  </name>
  <category>
   T-shirt
  </category>
  <size>
   L
  </size>
  <color>
   Оранжевый
  </color>
  <material>
   Вискоза
  </material>
  <price>
   598928
  </price>
  <rating>
   4.59
  </rating>
  <reviews>
   954896
  </reviews>
  <exclusive>
   yes
  </exclusive>
  <sporty>
   no
  </sporty>
 </clothing>
 <clothing>
  <id>
   506839789
  </id>
  <name>
   Asics Pants K-9606
  </name>
  <category>
   Pants
  </category>
  <size>
   XXL
  </size>
  <color>
   Оранжевый
  </color>
  <material>
   Вискоза
  </material>
  <price>
   457212
  </price>
  <rating>
   3.89
  </rating>
  <reviews>
   612850
  </reviews>
  <new>
   +
  </new>
  <exclusive>
   no
  </exclusive>
  <sporty>
   no
  </sporty>
 </clothing>
 <clothing>
  <id>
   297619527
  </id>
  <name>
   Nike Jacket Q-8617
  </name>
  <category>
   Jacket
  </category>
  <size>
   S
  </size>
  <color>
   Желтый
  </color>
  <material>
   Лен
  </material>
  <price>
   688646
  </price>
  <rating>
   4.72
  </rating>
  <reviews>
   308469
  </reviews>
  <exclusive>
   no
  </exclusive>
  <sporty>
   no
  </sporty>
 </clothing>
 <clothing>
  <id>
   740172060
  </id>
  <name>
   Vans Shoes P-7264
  </name>
  <category>
   Shoes
  </category>
  <size>
   L
  </size>
  <color>
   Фиолетовый
  </color>
  <material>
   Шерсть
  </material>
  <price>
   924824
  </price>
  <rating>
   2.72
  </rating>
  <reviews>
   826688
  </reviews>
  <new>
   -
  </new>
 </clothing>
 <clothing>
  <id>
   869611097
  </id>
  <name>
   New Balance Shirt M-3066
  </name>
  <category>
   Shirt
  </category>
  <size>
   XXL
  </size>
  <color>
   Фиолетовый
  </color>
  <material>
   Шелк
  </material>
  <price>
   959082
  </price>
  <rating>
   1.44
  </rating>
  <reviews>
   891240
  </reviews>
  <new>
   -
  </new>
  <exclusive>
   no
  </exclusive>
  <sporty>
   yes
  </sporty>
 </clothing>
 <clothing>
  <id>
   612139619
  </id>
  <name>
   DC Sweater W-4780
  </name>
  <category>
   Sweater
  </category>
  <size>
   M
  </size>
  <color>
   Оранжевый
  </color>
  <material>
   Лен
  </material>
  <price>
   259070
  </price>
  <rating>
   3.45
  </rating>
  <reviews>
   191735
  </reviews>
 </clothing>
 <clothing>
  <id>
   233095288
  </id>
  <name>
   PleinSport Pants O-1062
  </name>
  <category>
   Pants
  </category>
  <size>
   XXL
  </size>
  <color>
   Оранжевый
  </color>
  <material>
   Хлопок
  </material>
  <price>
   581845
  </price>
  <rating>
   2.89
  </rating>
  <reviews>
   168787
  </reviews>
  <new>
   -
  </new>
  <exclusive>
   no
  </exclusive>
 </clothing>
</clothing-items>
