<?xml version="1.0" encoding="utf-8"?>
<clothing-items>
 <clothing>
  <id>
   769169018
  </id>
  <name>
   DC T-shirt S-5312
  </name>
  <category>
   T-shirt
  </category>
  <size>
   XL
  </size>
  <color>
   Желтый
  </color>
  <material>
   Полиэстер
  </material>
  <price>
   437072
  </price>
  <rating>
   3.14
  </rating>
  <reviews>
   139794
  </reviews>
  <exclusive>
   no
  </exclusive>
  <sporty>
   yes
  </sporty>
 </clothing>
 <clothing>
  <id>
   838793864
  </id>
  <name>
   Nike Hat Q-1266
  </name>
  <category>
   Hat
  </category>
  <size>
   S
  </size>
  <color>
   Зеленый
  </color>
  <material>
   Вискоза
  </material>
  <price>
   572113
  </price>
  <rating>
   4.97
  </rating>
  <reviews>
   351465
  </reviews>
  <new>
   +
  </new>
  <exclusive>
   no
  </exclusive>
 </clothing>
 <clothing>
  <id>
   482756319
  </id>
  <name>
   Ellesse Sweater Y-3931
  </name>
  <category>
   Sweater
  </category>
  <size>
   XL
  </size>
  <color>
   Синий
  </color>
  <material>
   Полиэстер
  </material>
  <price>
   709276
  </price>
  <rating>
   2.63
  </rating>
  <reviews>
   249762
  </reviews>
  <exclusive>
   yes
  </exclusive>
  <sporty>
   yes
  </sporty>
 </clothing>
 <clothing>
  <id>
   562527453
  </id>
  <name>
   Reebok Skirt Z-3910
  </name>
  <category>
   Skirt
  </category>
  <size>
   XXL
  </size>
  <color>
   Фиолетовый
  </color>
  <material>
   Шелк
  </material>
  <price>
   411413
  </price>
  <rating>
   3.3
  </rating>
  <reviews>
   789650
  </reviews>
  <new>
   -
  </new>
  <sporty>
   yes
  </sporty>
 </clothing>
 <clothing>
  <id>
   315892111
  </id>
  <name>
   Fila Dress G-4526
  </name>
  <category>
   Dress
  </category>
  <size>
   L
  </size>
  <color>
   Зеленый
  </color>
  <material>
   Кожа
  </material>
  <price>
   212247
  </price>
  <rating>
   1.01
  </rating>
  <reviews>
   594414
  </reviews>
  <new>
   +
  </new>
  <exclusive>
   no
  </exclusive>
  <sporty>
   yes
  </sporty>
 </clothing>
 <clothing>
  <id>
   330001774
  </id>
  <name>
   PleinSport Socks Y-8974
  </name>
  <category>
   Socks
  </category>
  <size>
   M
  </size>
  <color>
   Оранжевый
  </color>
  <material>
   Нейлон
  </material>
  <price>
   442590
  </price>
  <rating>
   3.4
  </rating>
  <reviews>
   183603
  </reviews>
  <new>
   +
  </new>
  <exclusive>
   no
  </exclusive>
 </clothing>
 <clothing>
  <id>
   444651036
  </id>
  <name>
   New Balance Pants C-3898
  </name>
  <category>
   Pants
  </category>
  <size>
   S
  </size>
  <color>
   Желтый
  </color>
  <material>
   Вискоза
  </material>
  <price>
   400860
  </price>
  <rating>
   2.8
  </rating>
  <reviews>
   197062
  </reviews>
  <exclusive>
   no
  </exclusive>
 </clothing>
 <clothing>
  <id>
   817948115
  </id>
  <name>
   Vans Belts G-9847
  </name>
  <category>
   Belts
  </category>
  <size>
   L
  </size>
  <color>
   Красный
  </color>
  <material>
   Кожа
  </material>
  <price>
   567227
  </price>
  <rating>
   4.7
  </rating>
  <reviews>
   232595
  </reviews>
  <exclusive>
   no
  </exclusive>
 </clothing>
 <clothing>
  <id>
   268366473
  </id>
  <name>
   Adidas Jacket F-6435
  </name>
  <category>
   Jacket
  </category>
  <size>
   S
  </size>
  <color>
   Голубой
  </color>
  <material>
   Шелк
  </material>
  <price>
   627851
  </price>
  <rating>
   4.25
  </rating>
  <reviews>
   162363
  </reviews>
  <exclusive>
   no
  </exclusive>
  <sporty>
   no
  </sporty>
 </clothing>
 <clothing>
  <id>
   942464196
  </id>
  <name>
   Brooks T-shirt E-7550
  </name>
  <category>
   T-shirt
  </category>
  <size>
   M
  </size>
  <color>
   Зеленый
  </color>
  <material>
   Кожа
  </material>
  <price>
   433434
  </price>
  <rating>
   4.55
  </rating>
  <reviews>
   278539
  </reviews>
  <new>
   +
  </new>
  <exclusive>
   yes
  </exclusive>
  <sporty>
   no
  </sporty>
 </clothing>
 <clothing>
  <id>
   816244849
  </id>
  <name>
   Reebok Jeans G-5784
  </name>
  <category>
   Jeans
  </category>
  <size>
   S
  </size>
  <color>
   Красный
  </color>
  <material>
   Хлопок
  </material>
  <price>
   806029
  </price>
  <rating>
   2.61
  </rating>
  <reviews>
   265579
  </reviews>
  <new>
   +
  </new>
  <exclusive>
   yes
  </exclusive>
 </clothing>
 <clothing>
  <id>
   739430163
  </id>
  <name>
   Addidas Socks K-4010
  </name>
  <category>
   Socks
  </category>
  <size>
   XL
  </size>
  <color>
   Голубой
  </color>
  <material>
   Нейлон
  </material>
  <price>
   584033
  </price>
  <rating>
   2.55
  </rating>
  <reviews>
   572203
  </reviews>
  <exclusive>
   no
  </exclusive>
 </clothing>
 <clothing>
  <id>
   734646822
  </id>
  <name>
   PleinSport Shirt M-3091
  </name>
  <category>
   Shirt
  </category>
  <size>
   XL
  </size>
  <color>
   Желтый
  </color>
  <material>
   Вискоза
  </material>
  <price>
   190783
  </price>
  <rating>
   1.53
  </rating>
  <reviews>
   734165
  </reviews>
  <new>
   +
  </new>
  <exclusive>
   no
  </exclusive>
  <sporty>
   yes
  </sporty>
 </clothing>
 <clothing>
  <id>
   385459569
  </id>
  <name>
   Lacoste Pants O-4478
  </name>
  <category>
   Pants
  </category>
  <size>
   L
  </size>
  <color>
   Красный
  </color>
  <material>
   Хлопок
  </material>
  <price>
   387416
  </price>
  <rating>
   1.4
  </rating>
  <reviews>
   949032
  </reviews>
  <new>
   -
  </new>
 </clothing>
 <clothing>
  <id>
   670082843
  </id>
  <name>
   New Balance Shirt S-9674
  </name>
  <category>
   Shirt
  </category>
  <size>
   S
  </size>
  <color>
   Оранжевый
  </color>
  <material>
   Кожа
  </material>
  <price>
   944845
  </price>
  <rating>
   4.23
  </rating>
  <reviews>
   569515
  </reviews>
  <exclusive>
   yes
  </exclusive>
  <sporty>
   yes
  </sporty>
 </clothing>
 <clothing>
  <id>
   940477775
  </id>
  <name>
   Asics Sweater Y-3007
  </name>
  <category>
   Sweater
  </category>
  <size>
   M
  </size>
  <color>
   Голубой
  </color>
  <material>
   Хлопок
  </material>
  <price>
   904863
  </price>
  <rating>
   2.43
  </rating>
  <reviews>
   171128
  </reviews>
  <new>
   +
  </new>
  <exclusive>
   yes
  </exclusive>
  <sporty>
   no
  </sporty>
 </clothing>
 <clothing>
  <id>
   911580157
  </id>
  <name>
   Adidas Shoes C-3837
  </name>
  <category>
   Shoes
  </category>
  <size>
   L
  </size>
  <color>
   Фиолетовый
  </color>
  <material>
   Кожа
  </material>
  <price>
   235371
  </price>
  <rating>
   4.24
  </rating>
  <reviews>
   493750
  </reviews>
 </clothing>
 <clothing>
  <id>
   763930139
  </id>
  <name>
   Puma Dress S-9714
  </name>
  <category>
   Dress
  </category>
  <size>
   S
  </size>
  <color>
   Желтый
  </color>
  <material>
   Нейлон
  </material>
  <price>
   974504
  </price>
  <rating>
   2.17
  </rating>
  <reviews>
   237740
  </reviews>
  <exclusive>
   no
  </exclusive>
  <sporty>
   no
  </sporty>
 </clothing>
 <clothing>
  <id>
   164881983
  </id>
  <name>
   Under Armour Jacket T-9897
  </name>
  <category>
   Jacket
  </category>
  <size>
   XL
  </size>
  <color>
   Голубой
  </color>
  <material>
   Хлопок
  </material>
  <price>
   620984
  </price>
  <rating>
   1.82
  </rating>
  <reviews>
   537285
  </reviews>
  <new>
   -
  </new>
  <exclusive>
   yes
  </exclusive>
  <sporty>
   yes
  </sporty>
 </clothing>
</clothing-items>
