<?xml version="1.0" encoding="utf-8"?>
<clothing-items>
 <clothing>
  <id>
   440877174
  </id>
  <name>
   Converse Handbags N-5466
  </name>
  <category>
   Handbags
  </category>
  <size>
   XXL
  </size>
  <color>
   Желтый
  </color>
  <material>
   Нейлон
  </material>
  <price>
   679453
  </price>
  <rating>
   3.11
  </rating>
  <reviews>
   191328
  </reviews>
  <new>
   -
  </new>
  <exclusive>
   no
  </exclusive>
 </clothing>
 <clothing>
  <id>
   929146732
  </id>
  <name>
   Ellesse Hat C-4683
  </name>
  <category>
   Hat
  </category>
  <size>
   XL
  </size>
  <color>
   Зеленый
  </color>
  <material>
   Полиэстер
  </material>
  <price>
   972366
  </price>
  <rating>
   3.97
  </rating>
  <reviews>
   945704
  </reviews>
  <new>
   -
  </new>
 </clothing>
 <clothing>
  <id>
   498323636
  </id>
  <name>
   Under Armour Socks F-4377
  </name>
  <category>
   Socks
  </category>
  <size>
   XXL
  </size>
  <color>
   Оранжевый
  </color>
  <material>
   Лен
  </material>
  <price>
   438500
  </price>
  <rating>
   2.47
  </rating>
  <reviews>
   614041
  </reviews>
  <exclusive>
   no
  </exclusive>
 </clothing>
 <clothing>
  <id>
   576494839
  </id>
  <name>
   Brooks Jeans I-2201
  </name>
  <category>
   Jeans
  </category>
  <size>
   L
  </size>
  <color>
   Зеленый
  </color>
  <material>
   Шерсть
  </material>
  <price>
   134302
  </price>
  <rating>
   1.91
  </rating>
  <reviews>
   109969
  </reviews>
  <sporty>
   no
  </sporty>
 </clothing>
 <clothing>
  <id>
   483278167
  </id>
  <name>
   DC Socks J-8613
  </name>
  <category>
   Socks
  </category>
  <size>
   S
  </size>
  <color>
   Фиолетовый
  </color>
  <material>
   Нейлон
  </material>
  <price>
   865618
  </price>
  <rating>
   4.81
  </rating>
  <reviews>
   420590
  </reviews>
  <new>
   +
  </new>
  <exclusive>
   no
  </exclusive>
 </clothing>
 <clothing>
  <id>
   322430311
  </id>
  <name>
   DC Jeans F-6322
  </name>
  <category>
   Jeans
  </category>
  <size>
   S
  </size>
  <color>
   Фиолетовый
  </color>
  <material>
   Хлопок
  </material>
  <price>
   188292
  </price>
  <rating>
   3.99
  </rating>
  <reviews>
   415462
  </reviews>
  <new>
   -
  </new>
 </clothing>
 <clothing>
  <id>
   151737496
  </id>
  <name>
   Vans Blouse D-1581
  </name>
  <category>
   Blouse
  </category>
  <size>
   M
  </size>
  <color>
   Зеленый
  </color>
  <material>
   Вискоза
  </material>
  <price>
   927232
  </price>
  <rating>
   4.83
  </rating>
  <reviews>
   814282
  </reviews>
  <new>
   -
  </new>
  <exclusive>
   no
  </exclusive>
  <sporty>
   no
  </sporty>
 </clothing>
 <clothing>
  <id>
   279309249
  </id>
  <name>
   Fila Skirt N-1251
  </name>
  <category>
   Skirt
  </category>
  <size>
   XXL
  </size>
  <color>
   Желтый
  </color>
  <material>
   Нейлон
  </material>
  <price>
   528405
  </price>
  <rating>
   3.94
  </rating>
  <reviews>
   210443
  </reviews>
  <new>
   +
  </new>
  <exclusive>
   no
  </exclusive>
  <sporty>
   no
  </sporty>
 </clothing>
 <clothing>
  <id>
   133234013
  </id>
  <name>
   Nike Socks G-1779
  </name>
  <category>
   Socks
  </category>
  <size>
   S
  </size>
  <color>
   Зеленый
  </color>
  <material>
   Шерсть
  </material>
  <price>
   628378
  </price>
  <rating>
   4.65
  </rating>
  <reviews>
   440835
  </reviews>
  <sporty>
   no
  </sporty>
 </clothing>
 <clothing>
  <id>
   145447710
  </id>
  <name>
   Converse Pants J-3226
  </name>
  <category>
   Pants
  </category>
  <size>
   XXL
  </size>
  <color>
   Желтый
  </color>
  <material>
   Хлопок
  </material>
  <price>
   195405
  </price>
  <rating>
   4.69
  </rating>
  <reviews>
   339871
  </reviews>
  <new>
   +
  </new>
  <exclusive>
   no
  </exclusive>
 </clothing>
 <clothing>
  <id>
   491220422
  </id>
  <name>
   Converse Hat Z-5476
  </name>
  <category>
   Hat
  </category>
  <size>
   S
  </size>
  <color>
   Красный
  </color>
  <material>
   Лен
  </material>
  <price>
   419425
  </price>
  <rating>
   1.37
  </rating>
  <reviews>
   571644
  </reviews>
  <new>
   +
  </new>
  <sporty>
   yes
  </sporty>
 </clothing>
 <clothing>
  <id>
   106402267
  </id>
  <name>
   Vans Umbrellas V-6317
  </name>
  <category>
   Umbrellas
  </category>
  <size>
   XL
  </size>
  <color>
   Синий
  </color>
  <material>
   Шелк
  </material>
  <price>
   779163
  </price>
  <rating>
   4.71
  </rating>
  <reviews>
   822814
  </reviews>
  <sporty>
   yes
  </sporty>
 </clothing>
 <clothing>
  <id>
   336581590
  </id>
  <name>
   Brooks Umbrellas V-2368
  </name>
  <category>
   Umbrellas
  </category>
  <size>
   M
  </size>
  <color>
   Голубой
  </color>
  <material>
   Хлопок
  </material>
  <price>
   328764
  </price>
  <rating>
   1.0
  </rating>
  <reviews>
   909668
  </reviews>
  <exclusive>
   yes
  </exclusive>
 </clothing>
 <clothing>
  <id>
   148556200
  </id>
  <name>
   PleinSport Dress S-5242
  </name>
  <category>
   Dress
  </category>
  <size>
   L
  </size>
  <color>
   Оранжевый
  </color>
  <material>
   Вискоза
  </material>
  <price>
   398521
  </price>
  <rating>
   4.53
  </rating>
  <reviews>
   691225
  </reviews>
  <new>
   -
  </new>
  <sporty>
   yes
  </sporty>
 </clothing>
 <clothing>
  <id>
   751300385
  </id>
  <name>
   Under Armour Belts H-3096
  </name>
  <category>
   Belts
  </category>
  <size>
   M
  </size>
  <color>
   Зеленый
  </color>
  <material>
   Хлопок
  </material>
  <price>
   101702
  </price>
  <rating>
   4.59
  </rating>
  <reviews>
   115698
  </reviews>
  <new>
   +
  </new>
  <exclusive>
   no
  </exclusive>
  <sporty>
   yes
  </sporty>
 </clothing>
 <clothing>
  <id>
   435050079
  </id>
  <name>
   Ellesse Pants L-7180
  </name>
  <category>
   Pants
  </category>
  <size>
   L
  </size>
  <color>
   Голубой
  </color>
  <material>
   Лен
  </material>
  <price>
   651038
  </price>
  <rating>
   3.64
  </rating>
  <reviews>
   68521
  </reviews>
  <new>
   +
  </new>
  <exclusive>
   no
  </exclusive>
 </clothing>
 <clothing>
  <id>
   588548945
  </id>
  <name>
   Adidas Jacket F-1554
  </name>
  <category>
   Jacket
  </category>
  <size>
   XL
  </size>
  <color>
   Желтый
  </color>
  <material>
   Полиэстер
  </material>
  <price>
   608609
  </price>
  <rating>
   3.78
  </rating>
  <reviews>
   128306
  </reviews>
  <sporty>
   yes
  </sporty>
 </clothing>
 <clothing>
  <id>
   665127552
  </id>
  <name>
   Vans Shoes A-6819
  </name>
  <category>
   Shoes
  </category>
  <size>
   M
  </size>
  <color>
   Желтый
  </color>
  <material>
   Лен
  </material>
  <price>
   480462
  </price>
  <rating>
   4.31
  </rating>
  <reviews>
   759097
  </reviews>
  <new>
   +
  </new>
  <exclusive>
   yes
  </exclusive>
  <sporty>
   yes
  </sporty>
 </clothing>
 <clothing>
  <id>
   764044049
  </id>
  <name>
   Lacoste T-shirt G-7361
  </name>
  <category>
   T-shirt
  </category>
  <size>
   XXL
  </size>
  <color>
   Красный
  </color>
  <material>
   Шерсть
  </material>
  <price>
   163936
  </price>
  <rating>
   1.38
  </rating>
  <reviews>
   627321
  </reviews>
  <exclusive>
   yes
  </exclusive>
  <sporty>
   no
  </sporty>
 </clothing>
 <clothing>
  <id>
   662983320
  </id>
  <name>
   Fila Dress S-8314
  </name>
  <category>
   Dress
  </category>
  <size>
   XL
  </size>
  <color>
   Синий
  </color>
  <material>
   Шерсть
  </material>
  <price>
   623257
  </price>
  <rating>
   2.83
  </rating>
  <reviews>
   664392
  </reviews>
  <exclusive>
   no
  </exclusive>
  <sporty>
   no
  </sporty>
 </clothing>
 <clothing>
  <id>
   938156362
  </id>
  <name>
   Ellesse Handbags X-4584
  </name>
  <category>
   Handbags
  </category>
  <size>
   M
  </size>
  <color>
   Голубой
  </color>
  <material>
   Лен
  </material>
  <price>
   354800
  </price>
  <rating>
   1.24
  </rating>
  <reviews>
   710525
  </reviews>
  <new>
   -
  </new>
  <exclusive>
   yes
  </exclusive>
 </clothing>
 <clothing>
  <id>
   764965000
  </id>
  <name>
   Reebok Dress T-2422
  </name>
  <category>
   Dress
  </category>
  <size>
   M
  </size>
  <color>
   Оранжевый
  </color>
  <material>
   Кожа
  </material>
  <price>
   593615
  </price>
  <rating>
   1.0
  </rating>
  <reviews>
   369216
  </reviews>
  <new>
   -
  </new>
  <sporty>
   no
  </sporty>
 </clothing>
 <clothing>
  <id>
   756896835
  </id>
  <name>
   PleinSport T-shirt V-2299
  </name>
  <category>
   T-shirt
  </category>
  <size>
   M
  </size>
  <color>
   Красный
  </color>
  <material>
   Лен
  </material>
  <price>
   446812
  </price>
  <rating>
   4.52
  </rating>
  <reviews>
   937343
  </reviews>
  <new>
   +
  </new>
 </clothing>
 <clothing>
  <id>
   308860744
  </id>
  <name>
   Brooks Socks B-1913
  </name>
  <category>
   Socks
  </category>
  <size>
   S
  </size>
  <color>
   Синий
  </color>
  <material>
   Лен
  </material>
  <price>
   248602
  </price>
  <rating>
   2.88
  </rating>
  <reviews>
   862873
  </reviews>
  <new>
   -
  </new>
  <exclusive>
   no
  </exclusive>
 </clothing>
 <clothing>
  <id>
   708617665
  </id>
  <name>
   Ellesse T-shirt A-7560
  </name>
  <category>
   T-shirt
  </category>
  <size>
   M
  </size>
  <color>
   Фиолетовый
  </color>
  <material>
   Нейлон
  </material>
  <price>
   486372
  </price>
  <rating>
   4.74
  </rating>
  <reviews>
   236783
  </reviews>
  <new>
   -
  </new>
 </clothing>
 <clothing>
  <id>
   850764499
  </id>
  <name>
   Puma Jeans S-1764
  </name>
  <category>
   Jeans
  </category>
  <size>
   XL
  </size>
  <color>
   Синий
  </color>
  <material>
   Хлопок
  </material>
  <price>
   923945
  </price>
  <rating>
   2.95
  </rating>
  <reviews>
   590760
  </reviews>
  <new>
   -
  </new>
  <exclusive>
   no
  </exclusive>
 </clothing>
 <clothing>
  <id>
   276739153
  </id>
  <name>
   Brooks Skirt Z-1779
  </name>
  <category>
   Skirt
  </category>
  <size>
   S
  </size>
  <color>
   Желтый
  </color>
  <material>
   Вискоза
  </material>
  <price>
   408609
  </price>
  <rating>
   4.6
  </rating>
  <reviews>
   999845
  </reviews>
  <exclusive>
   no
  </exclusive>
 </clothing>
 <clothing>
  <id>
   712349944
  </id>
  <name>
   Fila Shirt R-3124
  </name>
  <category>
   Shirt
  </category>
  <size>
   L
  </size>
  <color>
   Фиолетовый
  </color>
  <material>
   Лен
  </material>
  <price>
   369171
  </price>
  <rating>
   1.49
  </rating>
  <reviews>
   17222
  </reviews>
  <exclusive>
   no
  </exclusive>
 </clothing>
 <clothing>
  <id>
   332932357
  </id>
  <name>
   Vans Belts Q-2059
  </name>
  <category>
   Belts
  </category>
  <size>
   L
  </size>
  <color>
   Зеленый
  </color>
  <material>
   Полиэстер
  </material>
  <price>
   228437
  </price>
  <rating>
   3.76
  </rating>
  <reviews>
   675226
  </reviews>
  <new>
   +
  </new>
  <sporty>
   no
  </sporty>
 </clothing>
 <clothing>
  <id>
   557317847
  </id>
  <name>
   Puma T-shirt X-2173
  </name>
  <category>
   T-shirt
  </category>
  <size>
   L
  </size>
  <color>
   Зеленый
  </color>
  <material>
   Нейлон
  </material>
  <price>
   300259
  </price>
  <rating>
   2.69
  </rating>
  <reviews>
   791508
  </reviews>
  <exclusive>
   yes
  </exclusive>
 </clothing>
 <clothing>
  <id>
   957370636
  </id>
  <name>
   Nike Handbags K-2177
  </name>
  <category>
   Handbags
  </category>
  <size>
   M
  </size>
  <color>
   Голубой
  </color>
  <material>
   Нейлон
  </material>
  <price>
   837042
  </price>
  <rating>
   1.45
  </rating>
  <reviews>
   893941
  </reviews>
  <new>
   +
  </new>
  <sporty>
   yes
  </sporty>
 </clothing>
 <clothing>
  <id>
   655494496
  </id>
  <name>
   Asics Socks H-7285
  </name>
  <category>
   Socks
  </category>
  <size>
   M
  </size>
  <color>
   Желтый
  </color>
  <material>
   Лен
  </material>
  <price>
   715694
  </price>
  <rating>
   4.53
  </rating>
  <reviews>
   743454
  </reviews>
  <exclusive>
   no
  </exclusive>
  <sporty>
   no
  </sporty>
 </clothing>
 <clothing>
  <id>
   954196576
  </id>
  <name>
   DC Jacket Y-1209
  </name>
  <category>
   Jacket
  </category>
  <size>
   S
  </size>
  <color>
   Зеленый
  </color>
  <material>
   Хлопок
  </material>
  <price>
   626693
  </price>
  <rating>
   2.05
  </rating>
  <reviews>
   448798
  </reviews>
  <new>
   -
  </new>
  <exclusive>
   no
  </exclusive>
  <sporty>
   yes
  </sporty>
 </clothing>
 <clothing>
  <id>
   824789114
  </id>
  <name>
   Lacoste Umbrellas F-1843
  </name>
  <category>
   Umbrellas
  </category>
  <size>
   XXL
  </size>
  <color>
   Оранжевый
  </color>
  <material>
   Полиэстер
  </material>
  <price>
   654844
  </price>
  <rating>
   2.42
  </rating>
  <reviews>
   882776
  </reviews>
  <exclusive>
   yes
  </exclusive>
  <sporty>
   no
  </sporty>
 </clothing>
 <clothing>
  <id>
   375856317
  </id>
  <name>
   PleinSport Blouse H-9789
  </name>
  <category>
   Blouse
  </category>
  <size>
   XL
  </size>
  <color>
   Голубой
  </color>
  <material>
   Шерсть
  </material>
  <price>
   366316
  </price>
  <rating>
   3.02
  </rating>
  <reviews>
   410611
  </reviews>
 </clothing>
 <clothing>
  <id>
   471461940
  </id>
  <name>
   Lacoste Belts U-1287
  </name>
  <category>
   Belts
  </category>
  <size>
   XL
  </size>
  <color>
   Оранжевый
  </color>
  <material>
   Кожа
  </material>
  <price>
   830905
  </price>
  <rating>
   1.05
  </rating>
  <reviews>
   976421
  </reviews>
 </clothing>
 <clothing>
  <id>
   525473829
  </id>
  <name>
   Under Armour Jeans D-1784
  </name>
  <category>
   Jeans
  </category>
  <size>
   S
  </size>
  <color>
   Красный
  </color>
  <material>
   Кожа
  </material>
  <price>
   144566
  </price>
  <rating>
   1.68
  </rating>
  <reviews>
   611013
  </reviews>
  <sporty>
   yes
  </sporty>
 </clothing>
 <clothing>
  <id>
   906221481
  </id>
  <name>
   DC Shoes C-1542
  </name>
  <category>
   Shoes
  </category>
  <size>
   XL
  </size>
  <color>
   Синий
  </color>
  <material>
   Полиэстер
  </material>
  <price>
   630626
  </price>
  <rating>
   1.22
  </rating>
  <reviews>
   700712
  </reviews>
  <new>
   -
  </new>
  <exclusive>
   yes
  </exclusive>
  <sporty>
   yes
  </sporty>
 </clothing>
 <clothing>
  <id>
   661058976
  </id>
  <name>
   Ellesse Handbags R-4187
  </name>
  <category>
   Handbags
  </category>
  <size>
   L
  </size>
  <color>
   Голубой
  </color>
  <material>
   Хлопок
  </material>
  <price>
   388259
  </price>
  <rating>
   3.87
  </rating>
  <reviews>
   78156
  </reviews>
  <new>
   -
  </new>
  <exclusive>
   yes
  </exclusive>
  <sporty>
   yes
  </sporty>
 </clothing>
 <clothing>
  <id>
   521674125
  </id>
  <name>
   Lacoste Dress A-1902
  </name>
  <category>
   Dress
  </category>
  <size>
   S
  </size>
  <color>
   Фиолетовый
  </color>
  <material>
   Вискоза
  </material>
  <price>
   945909
  </price>
  <rating>
   4.54
  </rating>
  <reviews>
   182077
  </reviews>
  <new>
   -
  </new>
  <sporty>
   yes
  </sporty>
 </clothing>
 <clothing>
  <id>
   120258699
  </id>
  <name>
   Reebok Shoes J-9045
  </name>
  <category>
   Shoes
  </category>
  <size>
   XL
  </size>
  <color>
   Желтый
  </color>
  <material>
   Нейлон
  </material>
  <price>
   774196
  </price>
  <rating>
   4.33
  </rating>
  <reviews>
   644262
  </reviews>
  <new>
   -
  </new>
  <exclusive>
   yes
  </exclusive>
 </clothing>
 <clothing>
  <id>
   800725136
  </id>
  <name>
   Lacoste Sweater T-6046
  </name>
  <category>
   Sweater
  </category>
  <size>
   M
  </size>
  <color>
   Синий
  </color>
  <material>
   Полиэстер
  </material>
  <price>
   131073
  </price>
  <rating>
   3.01
  </rating>
  <reviews>
   488729
  </reviews>
  <new>
   -
  </new>
  <exclusive>
   no
  </exclusive>
  <sporty>
   yes
  </sporty>
 </clothing>
 <clothing>
  <id>
   830154234
  </id>
  <name>
   Ellesse Sweater G-5846
  </name>
  <category>
   Sweater
  </category>
  <size>
   S
  </size>
  <color>
   Синий
  </color>
  <material>
   Шерсть
  </material>
  <price>
   825456
  </price>
  <rating>
   2.93
  </rating>
  <reviews>
   479659
  </reviews>
  <sporty>
   no
  </sporty>
 </clothing>
 <clothing>
  <id>
   464318242
  </id>
  <name>
   PleinSport Jacket H-7648
  </name>
  <category>
   Jacket
  </category>
  <size>
   L
  </size>
  <color>
   Голубой
  </color>
  <material>
   Хлопок
  </material>
  <price>
   422104
  </price>
  <rating>
   1.34
  </rating>
  <reviews>
   170113
  </reviews>
  <sporty>
   no
  </sporty>
 </clothing>
</clothing-items>
