<?xml version="1.0" encoding="utf-8"?>
<clothing-items>
 <clothing>
  <id>
   977405741
  </id>
  <name>
   Converse Handbags B-5734
  </name>
  <category>
   Handbags
  </category>
  <size>
   XL
  </size>
  <color>
   Желтый
  </color>
  <material>
   Вискоза
  </material>
  <price>
   308610
  </price>
  <rating>
   3.33
  </rating>
  <reviews>
   733246
  </reviews>
  <new>
   +
  </new>
  <exclusive>
   yes
  </exclusive>
 </clothing>
 <clothing>
  <id>
   819133941
  </id>
  <name>
   Brooks Gloves S-9506
  </name>
  <category>
   Gloves
  </category>
  <size>
   XXL
  </size>
  <color>
   Голубой
  </color>
  <material>
   Вискоза
  </material>
  <price>
   477301
  </price>
  <rating>
   3.49
  </rating>
  <reviews>
   698397
  </reviews>
  <new>
   -
  </new>
  <exclusive>
   no
  </exclusive>
 </clothing>
 <clothing>
  <id>
   187665277
  </id>
  <name>
   New Balance Jeans N-5556
  </name>
  <category>
   Jeans
  </category>
  <size>
   L
  </size>
  <color>
   Желтый
  </color>
  <material>
   Полиэстер
  </material>
  <price>
   255279
  </price>
  <rating>
   1.18
  </rating>
  <reviews>
   280796
  </reviews>
  <new>
   +
  </new>
  <sporty>
   yes
  </sporty>
 </clothing>
 <clothing>
  <id>
   267255542
  </id>
  <name>
   Converse Gloves D-4527
  </name>
  <category>
   Gloves
  </category>
  <size>
   L
  </size>
  <color>
   Голубой
  </color>
  <material>
   Полиэстер
  </material>
  <price>
   462053
  </price>
  <rating>
   2.65
  </rating>
  <reviews>
   30942
  </reviews>
  <new>
   -
  </new>
 </clothing>
 <clothing>
  <id>
   184962354
  </id>
  <name>
   Ellesse Gloves B-4016
  </name>
  <category>
   Gloves
  </category>
  <size>
   M
  </size>
  <color>
   Синий
  </color>
  <material>
   Шерсть
  </material>
  <price>
   152971
  </price>
  <rating>
   3.26
  </rating>
  <reviews>
   637951
  </reviews>
  <new>
   +
  </new>
  <exclusive>
   no
  </exclusive>
 </clothing>
 <clothing>
  <id>
   682356810
  </id>
  <name>
   DC Umbrellas S-8984
  </name>
  <category>
   Umbrellas
  </category>
  <size>
   S
  </size>
  <color>
   Красный
  </color>
  <material>
   Полиэстер
  </material>
  <price>
   940151
  </price>
  <rating>
   4.19
  </rating>
  <reviews>
   139382
  </reviews>
  <new>
   +
  </new>
  <sporty>
   yes
  </sporty>
 </clothing>
 <clothing>
  <id>
   649096662
  </id>
  <name>
   Brooks Sweater H-8008
  </name>
  <category>
   Sweater
  </category>
  <size>
   XL
  </size>
  <color>
   Зеленый
  </color>
  <material>
   Хлопок
  </material>
  <price>
   271711
  </price>
  <rating>
   3.07
  </rating>
  <reviews>
   527888
  </reviews>
  <new>
   -
  </new>
  <exclusive>
   no
  </exclusive>
  <sporty>
   no
  </sporty>
 </clothing>
 <clothing>
  <id>
   729523956
  </id>
  <name>
   Fila Sweater R-2817
  </name>
  <category>
   Sweater
  </category>
  <size>
   L
  </size>
  <color>
   Фиолетовый
  </color>
  <material>
   Полиэстер
  </material>
  <price>
   830689
  </price>
  <rating>
   4.22
  </rating>
  <reviews>
   721698
  </reviews>
  <sporty>
   no
  </sporty>
 </clothing>
 <clothing>
  <id>
   638295153
  </id>
  <name>
   Fila Blouse F-4956
  </name>
  <category>
   Blouse
  </category>
  <size>
   M
  </size>
  <color>
   Синий
  </color>
  <material>
   Шерсть
  </material>
  <price>
   138736
  </price>
  <rating>
   3.9
  </rating>
  <reviews>
   921443
  </reviews>
  <new>
   -
  </new>
  <exclusive>
   no
  </exclusive>
  <sporty>
   no
  </sporty>
 </clothing>
 <clothing>
  <id>
   235812996
  </id>
  <name>
   Converse Jacket W-3436
  </name>
  <category>
   Jacket
  </category>
  <size>
   L
  </size>
  <color>
   Оранжевый
  </color>
  <material>
   Вискоза
  </material>
  <price>
   401346
  </price>
  <rating>
   1.39
  </rating>
  <reviews>
   90640
  </reviews>
  <exclusive>
   yes
  </exclusive>
  <sporty>
   no
  </sporty>
 </clothing>
 <clothing>
  <id>
   692051864
  </id>
  <name>
   Under Armour Jacket Z-9459
  </name>
  <category>
   Jacket
  </category>
  <size>
   XL
  </size>
  <color>
   Голубой
  </color>
  <material>
   Шерсть
  </material>
  <price>
   741487
  </price>
  <rating>
   1.12
  </rating>
  <reviews>
   22214
  </reviews>
  <new>
   -
  </new>
  <sporty>
   no
  </sporty>
 </clothing>
 <clothing>
  <id>
   316841198
  </id>
  <name>
   Under Armour Blouse Y-9856
  </name>
  <category>
   Blouse
  </category>
  <size>
   M
  </size>
  <color>
   Зеленый
  </color>
  <material>
   Нейлон
  </material>
  <price>
   939972
  </price>
  <rating>
   2.91
  </rating>
  <reviews>
   805940
  </reviews>
  <new>
   +
  </new>
  <exclusive>
   yes
  </exclusive>
  <sporty>
   no
  </sporty>
 </clothing>
 <clothing>
  <id>
   272731974
  </id>
  <name>
   Vans Umbrellas L-2771
  </name>
  <category>
   Umbrellas
  </category>
  <size>
   S
  </size>
  <color>
   Зеленый
  </color>
  <material>
   Хлопок
  </material>
  <price>
   215773
  </price>
  <rating>
   3.87
  </rating>
  <reviews>
   63361
  </reviews>
  <new>
   -
  </new>
  <exclusive>
   no
  </exclusive>
 </clothing>
 <clothing>
  <id>
   798017348
  </id>
  <name>
   PleinSport Umbrellas T-7532
  </name>
  <category>
   Umbrellas
  </category>
  <size>
   L
  </size>
  <color>
   Оранжевый
  </color>
  <material>
   Шелк
  </material>
  <price>
   945101
  </price>
  <rating>
   4.96
  </rating>
  <reviews>
   663447
  </reviews>
  <exclusive>
   no
  </exclusive>
 </clothing>
 <clothing>
  <id>
   621837446
  </id>
  <name>
   Vans Blouse F-8884
  </name>
  <category>
   Blouse
  </category>
  <size>
   XL
  </size>
  <color>
   Желтый
  </color>
  <material>
   Нейлон
  </material>
  <price>
   449106
  </price>
  <rating>
   3.39
  </rating>
  <reviews>
   777373
  </reviews>
 </clothing>
 <clothing>
  <id>
   339207744
  </id>
  <name>
   New Balance T-shirt R-9549
  </name>
  <category>
   T-shirt
  </category>
  <size>
   M
  </size>
  <color>
   Голубой
  </color>
  <material>
   Вискоза
  </material>
  <price>
   379490
  </price>
  <rating>
   2.12
  </rating>
  <reviews>
   910919
  </reviews>
  <exclusive>
   no
  </exclusive>
 </clothing>
 <clothing>
  <id>
   615963474
  </id>
  <name>
   Converse Dress L-8286
  </name>
  <category>
   Dress
  </category>
  <size>
   M
  </size>
  <color>
   Оранжевый
  </color>
  <material>
   Шелк
  </material>
  <price>
   360994
  </price>
  <rating>
   1.75
  </rating>
  <reviews>
   820997
  </reviews>
  <new>
   -
  </new>
  <exclusive>
   no
  </exclusive>
  <sporty>
   yes
  </sporty>
 </clothing>
 <clothing>
  <id>
   275959622
  </id>
  <name>
   DC Shoes Q-1615
  </name>
  <category>
   Shoes
  </category>
  <size>
   L
  </size>
  <color>
   Желтый
  </color>
  <material>
   Шелк
  </material>
  <price>
   928176
  </price>
  <rating>
   2.01
  </rating>
  <reviews>
   857131
  </reviews>
  <new>
   -
  </new>
 </clothing>
 <clothing>
  <id>
   742666356
  </id>
  <name>
   Fila Blouse R-7114
  </name>
  <category>
   Blouse
  </category>
  <size>
   XL
  </size>
  <color>
   Оранжевый
  </color>
  <material>
   Лен
  </material>
  <price>
   732951
  </price>
  <rating>
   1.68
  </rating>
  <reviews>
   492054
  </reviews>
  <sporty>
   yes
  </sporty>
 </clothing>
 <clothing>
  <id>
   165494288
  </id>
  <name>
   DC Handbags Z-3841
  </name>
  <category>
   Handbags
  </category>
  <size>
   L
  </size>
  <color>
   Желтый
  </color>
  <material>
   Полиэстер
  </material>
  <price>
   510858
  </price>
  <rating>
   3.62
  </rating>
  <reviews>
   114189
  </reviews>
  <new>
   -
  </new>
  <exclusive>
   no
  </exclusive>
 </clothing>
 <clothing>
  <id>
   837377467
  </id>
  <name>
   Under Armour Blouse F-1579
  </name>
  <category>
   Blouse
  </category>
  <size>
   XXL
  </size>
  <color>
   Голубой
  </color>
  <material>
   Лен
  </material>
  <price>
   575648
  </price>
  <rating>
   2.33
  </rating>
  <reviews>
   8237
  </reviews>
  <new>
   -
  </new>
  <exclusive>
   yes
  </exclusive>
 </clothing>
 <clothing>
  <id>
   760778874
  </id>
  <name>
   PleinSport Skirt E-2490
  </name>
  <category>
   Skirt
  </category>
  <size>
   S
  </size>
  <color>
   Голубой
  </color>
  <material>
   Шерсть
  </material>
  <price>
   322612
  </price>
  <rating>
   2.11
  </rating>
  <reviews>
   990566
  </reviews>
  <new>
   -
  </new>
  <exclusive>
   yes
  </exclusive>
 </clothing>
 <clothing>
  <id>
   177472885
  </id>
  <name>
   Under Armour Skirt P-6460
  </name>
  <category>
   Skirt
  </category>
  <size>
   L
  </size>
  <color>
   Голубой
  </color>
  <material>
   Лен
  </material>
  <price>
   188478
  </price>
  <rating>
   1.68
  </rating>
  <reviews>
   73013
  </reviews>
  <new>
   +
  </new>
  <exclusive>
   no
  </exclusive>
 </clothing>
 <clothing>
  <id>
   628805489
  </id>
  <name>
   Lacoste T-shirt I-6314
  </name>
  <category>
   T-shirt
  </category>
  <size>
   M
  </size>
  <color>
   Оранжевый
  </color>
  <material>
   Шерсть
  </material>
  <price>
   393359
  </price>
  <rating>
   3.73
  </rating>
  <reviews>
   341412
  </reviews>
  <sporty>
   yes
  </sporty>
 </clothing>
 <clothing>
  <id>
   231120475
  </id>
  <name>
   Nike Skirt C-9347
  </name>
  <category>
   Skirt
  </category>
  <size>
   XXL
  </size>
  <color>
   Синий
  </color>
  <material>
   Шерсть
  </material>
  <price>
   165684
  </price>
  <rating>
   2.46
  </rating>
  <reviews>
   48093
  </reviews>
  <exclusive>
   no
  </exclusive>
  <sporty>
   yes
  </sporty>
 </clothing>
 <clothing>
  <id>
   250211493
  </id>
  <name>
   Addidas T-shirt G-7526
  </name>
  <category>
   T-shirt
  </category>
  <size>
   M
  </size>
  <color>
   Фиолетовый
  </color>
  <material>
   Шелк
  </material>
  <price>
   794980
  </price>
  <rating>
   4.79
  </rating>
  <reviews>
   406461
  </reviews>
  <exclusive>
   yes
  </exclusive>
 </clothing>
 <clothing>
  <id>
   568819672
  </id>
  <name>
   Fila Jacket D-6148
  </name>
  <category>
   Jacket
  </category>
  <size>
   XL
  </size>
  <color>
   Фиолетовый
  </color>
  <material>
   Кожа
  </material>
  <price>
   714166
  </price>
  <rating>
   3.86
  </rating>
  <reviews>
   370470
  </reviews>
  <sporty>
   no
  </sporty>
 </clothing>
 <clothing>
  <id>
   520236410
  </id>
  <name>
   Reebok Belts E-9748
  </name>
  <category>
   Belts
  </category>
  <size>
   L
  </size>
  <color>
   Желтый
  </color>
  <material>
   Лен
  </material>
  <price>
   495866
  </price>
  <rating>
   1.65
  </rating>
  <reviews>
   82843
  </reviews>
  <new>
   -
  </new>
  <exclusive>
   no
  </exclusive>
 </clothing>
 <clothing>
  <id>
   873858838
  </id>
  <name>
   Addidas Dress V-6387
  </name>
  <category>
   Dress
  </category>
  <size>
   XL
  </size>
  <color>
   Фиолетовый
  </color>
  <material>
   Шелк
  </material>
  <price>
   106013
  </price>
  <rating>
   1.28
  </rating>
  <reviews>
   820582
  </reviews>
  <exclusive>
   yes
  </exclusive>
  <sporty>
   yes
  </sporty>
 </clothing>
 <clothing>
  <id>
   565010291
  </id>
  <name>
   Lacoste Sweater B-7196
  </name>
  <category>
   Sweater
  </category>
  <size>
   L
  </size>
  <color>
   Голубой
  </color>
  <material>
   Кожа
  </material>
  <price>
   150614
  </price>
  <rating>
   4.97
  </rating>
  <reviews>
   838603
  </reviews>
  <exclusive>
   yes
  </exclusive>
  <sporty>
   no
  </sporty>
 </clothing>
 <clothing>
  <id>
   583310094
  </id>
  <name>
   PleinSport Handbags N-7369
  </name>
  <category>
   Handbags
  </category>
  <size>
   XXL
  </size>
  <color>
   Голубой
  </color>
  <material>
   Шерсть
  </material>
  <price>
   486175
  </price>
  <rating>
   4.59
  </rating>
  <reviews>
   900701
  </reviews>
  <exclusive>
   no
  </exclusive>
 </clothing>
 <clothing>
  <id>
   393747099
  </id>
  <name>
   Reebok Jacket J-9737
  </name>
  <category>
   Jacket
  </category>
  <size>
   M
  </size>
  <color>
   Голубой
  </color>
  <material>
   Кожа
  </material>
  <price>
   833903
  </price>
  <rating>
   2.38
  </rating>
  <reviews>
   821662
  </reviews>
  <new>
   +
  </new>
  <exclusive>
   no
  </exclusive>
  <sporty>
   yes
  </sporty>
 </clothing>
 <clothing>
  <id>
   659618411
  </id>
  <name>
   New Balance T-shirt B-2485
  </name>
  <category>
   T-shirt
  </category>
  <size>
   M
  </size>
  <color>
   Фиолетовый
  </color>
  <material>
   Хлопок
  </material>
  <price>
   983608
  </price>
  <rating>
   3.02
  </rating>
  <reviews>
   470974
  </reviews>
  <new>
   +
  </new>
 </clothing>
 <clothing>
  <id>
   109365841
  </id>
  <name>
   Addidas Handbags S-6074
  </name>
  <category>
   Handbags
  </category>
  <size>
   L
  </size>
  <color>
   Голубой
  </color>
  <material>
   Нейлон
  </material>
  <price>
   522442
  </price>
  <rating>
   1.01
  </rating>
  <reviews>
   47260
  </reviews>
  <new>
   -
  </new>
 </clothing>
 <clothing>
  <id>
   728483058
  </id>
  <name>
   Vans Blouse H-8026
  </name>
  <category>
   Blouse
  </category>
  <size>
   M
  </size>
  <color>
   Желтый
  </color>
  <material>
   Хлопок
  </material>
  <price>
   557295
  </price>
  <rating>
   1.88
  </rating>
  <reviews>
   167196
  </reviews>
  <new>
   +
  </new>
  <exclusive>
   no
  </exclusive>
 </clothing>
 <clothing>
  <id>
   700388169
  </id>
  <name>
   Reebok Blouse F-6570
  </name>
  <category>
   Blouse
  </category>
  <size>
   L
  </size>
  <color>
   Красный
  </color>
  <material>
   Вискоза
  </material>
  <price>
   360176
  </price>
  <rating>
   1.12
  </rating>
  <reviews>
   792919
  </reviews>
  <new>
   -
  </new>
  <exclusive>
   no
  </exclusive>
  <sporty>
   yes
  </sporty>
 </clothing>
 <clothing>
  <id>
   117639326
  </id>
  <name>
   Brooks Gloves W-5441
  </name>
  <category>
   Gloves
  </category>
  <size>
   L
  </size>
  <color>
   Фиолетовый
  </color>
  <material>
   Кожа
  </material>
  <price>
   643329
  </price>
  <rating>
   3.9
  </rating>
  <reviews>
   210375
  </reviews>
  <new>
   -
  </new>
  <exclusive>
   no
  </exclusive>
 </clothing>
 <clothing>
  <id>
   739292327
  </id>
  <name>
   PleinSport Shirt H-1814
  </name>
  <category>
   Shirt
  </category>
  <size>
   M
  </size>
  <color>
   Красный
  </color>
  <material>
   Хлопок
  </material>
  <price>
   782517
  </price>
  <rating>
   4.13
  </rating>
  <reviews>
   833815
  </reviews>
  <exclusive>
   no
  </exclusive>
  <sporty>
   no
  </sporty>
 </clothing>
 <clothing>
  <id>
   137213208
  </id>
  <name>
   PleinSport Dress B-7714
  </name>
  <category>
   Dress
  </category>
  <size>
   XXL
  </size>
  <color>
   Желтый
  </color>
  <material>
   Кожа
  </material>
  <price>
   964356
  </price>
  <rating>
   2.5
  </rating>
  <reviews>
   506420
  </reviews>
  <new>
   -
  </new>
  <exclusive>
   no
  </exclusive>
 </clothing>
 <clothing>
  <id>
   686682587
  </id>
  <name>
   Addidas Shoes O-8258
  </name>
  <category>
   Shoes
  </category>
  <size>
   L
  </size>
  <color>
   Зеленый
  </color>
  <material>
   Шелк
  </material>
  <price>
   190763
  </price>
  <rating>
   4.42
  </rating>
  <reviews>
   284864
  </reviews>
  <exclusive>
   no
  </exclusive>
  <sporty>
   no
  </sporty>
 </clothing>
</clothing-items>
