<?xml version="1.0" encoding="utf-8"?>
<clothing-items>
 <clothing>
  <id>
   282181271
  </id>
  <name>
   Lacoste Shirt C-4195
  </name>
  <category>
   Shirt
  </category>
  <size>
   M
  </size>
  <color>
   Синий
  </color>
  <material>
   Лен
  </material>
  <price>
   691513
  </price>
  <rating>
   2.79
  </rating>
  <reviews>
   965262
  </reviews>
  <new>
   -
  </new>
  <exclusive>
   yes
  </exclusive>
 </clothing>
 <clothing>
  <id>
   297303203
  </id>
  <name>
   Reebok Shirt Y-4524
  </name>
  <category>
   Shirt
  </category>
  <size>
   S
  </size>
  <color>
   Голубой
  </color>
  <material>
   Шерсть
  </material>
  <price>
   432066
  </price>
  <rating>
   3.66
  </rating>
  <reviews>
   385763
  </reviews>
  <new>
   -
  </new>
  <exclusive>
   yes
  </exclusive>
  <sporty>
   no
  </sporty>
 </clothing>
 <clothing>
  <id>
   941939443
  </id>
  <name>
   DC Umbrellas H-1218
  </name>
  <category>
   Umbrellas
  </category>
  <size>
   S
  </size>
  <color>
   Оранжевый
  </color>
  <material>
   Кожа
  </material>
  <price>
   379261
  </price>
  <rating>
   4.93
  </rating>
  <reviews>
   660494
  </reviews>
  <new>
   +
  </new>
  <exclusive>
   yes
  </exclusive>
 </clothing>
 <clothing>
  <id>
   726721067
  </id>
  <name>
   Ellesse Belts D-7948
  </name>
  <category>
   Belts
  </category>
  <size>
   L
  </size>
  <color>
   Оранжевый
  </color>
  <material>
   Полиэстер
  </material>
  <price>
   785513
  </price>
  <rating>
   1.34
  </rating>
  <reviews>
   103318
  </reviews>
  <exclusive>
   no
  </exclusive>
 </clothing>
 <clothing>
  <id>
   122941576
  </id>
  <name>
   New Balance T-shirt J-3629
  </name>
  <category>
   T-shirt
  </category>
  <size>
   S
  </size>
  <color>
   Желтый
  </color>
  <material>
   Полиэстер
  </material>
  <price>
   732658
  </price>
  <rating>
   1.07
  </rating>
  <reviews>
   434258
  </reviews>
  <sporty>
   no
  </sporty>
 </clothing>
 <clothing>
  <id>
   798627456
  </id>
  <name>
   Ellesse Shoes A-7514
  </name>
  <category>
   Shoes
  </category>
  <size>
   L
  </size>
  <color>
   Фиолетовый
  </color>
  <material>
   Кожа
  </material>
  <price>
   613969
  </price>
  <rating>
   1.74
  </rating>
  <reviews>
   831451
  </reviews>
  <new>
   +
  </new>
  <exclusive>
   yes
  </exclusive>
  <sporty>
   no
  </sporty>
 </clothing>
 <clothing>
  <id>
   599595847
  </id>
  <name>
   Asics Shoes M-6624
  </name>
  <category>
   Shoes
  </category>
  <size>
   M
  </size>
  <color>
   Синий
  </color>
  <material>
   Хлопок
  </material>
  <price>
   689139
  </price>
  <rating>
   2.55
  </rating>
  <reviews>
   592737
  </reviews>
  <new>
   +
  </new>
 </clothing>
 <clothing>
  <id>
   134316001
  </id>
  <name>
   Brooks Blouse L-2861
  </name>
  <category>
   Blouse
  </category>
  <size>
   M
  </size>
  <color>
   Красный
  </color>
  <material>
   Полиэстер
  </material>
  <price>
   695463
  </price>
  <rating>
   3.34
  </rating>
  <reviews>
   817913
  </reviews>
  <sporty>
   yes
  </sporty>
 </clothing>
 <clothing>
  <id>
   201438093
  </id>
  <name>
   DC Skirt X-8688
  </name>
  <category>
   Skirt
  </category>
  <size>
   XL
  </size>
  <color>
   Красный
  </color>
  <material>
   Шелк
  </material>
  <price>
   828098
  </price>
  <rating>
   1.04
  </rating>
  <reviews>
   72624
  </reviews>
  <new>
   +
  </new>
  <exclusive>
   yes
  </exclusive>
  <sporty>
   no
  </sporty>
 </clothing>
 <clothing>
  <id>
   340054792
  </id>
  <name>
   Under Armour Hat G-8868
  </name>
  <category>
   Hat
  </category>
  <size>
   XXL
  </size>
  <color>
   Фиолетовый
  </color>
  <material>
   Лен
  </material>
  <price>
   499049
  </price>
  <rating>
   1.78
  </rating>
  <reviews>
   168536
  </reviews>
  <new>
   -
  </new>
 </clothing>
 <clothing>
  <id>
   420752016
  </id>
  <name>
   Lacoste Pants O-2681
  </name>
  <category>
   Pants
  </category>
  <size>
   L
  </size>
  <color>
   Зеленый
  </color>
  <material>
   Шелк
  </material>
  <price>
   347966
  </price>
  <rating>
   3.65
  </rating>
  <reviews>
   158253
  </reviews>
  <exclusive>
   no
  </exclusive>
 </clothing>
 <clothing>
  <id>
   570184158
  </id>
  <name>
   Fila Socks I-2736
  </name>
  <category>
   Socks
  </category>
  <size>
   XL
  </size>
  <color>
   Красный
  </color>
  <material>
   Шерсть
  </material>
  <price>
   549014
  </price>
  <rating>
   2.91
  </rating>
  <reviews>
   686481
  </reviews>
  <new>
   -
  </new>
 </clothing>
 <clothing>
  <id>
   241440403
  </id>
  <name>
   Puma Dress D-8897
  </name>
  <category>
   Dress
  </category>
  <size>
   XXL
  </size>
  <color>
   Фиолетовый
  </color>
  <material>
   Шерсть
  </material>
  <price>
   644372
  </price>
  <rating>
   4.99
  </rating>
  <reviews>
   952637
  </reviews>
  <exclusive>
   yes
  </exclusive>
  <sporty>
   no
  </sporty>
 </clothing>
 <clothing>
  <id>
   730788911
  </id>
  <name>
   Nike Pants B-1983
  </name>
  <category>
   Pants
  </category>
  <size>
   XL
  </size>
  <color>
   Голубой
  </color>
  <material>
   Вискоза
  </material>
  <price>
   652617
  </price>
  <rating>
   4.56
  </rating>
  <reviews>
   313165
  </reviews>
  <new>
   -
  </new>
  <exclusive>
   no
  </exclusive>
  <sporty>
   yes
  </sporty>
 </clothing>
 <clothing>
  <id>
   247591019
  </id>
  <name>
   Ellesse Jeans W-7981
  </name>
  <category>
   Jeans
  </category>
  <size>
   M
  </size>
  <color>
   Синий
  </color>
  <material>
   Шерсть
  </material>
  <price>
   985322
  </price>
  <rating>
   3.45
  </rating>
  <reviews>
   456866
  </reviews>
  <new>
   -
  </new>
  <exclusive>
   no
  </exclusive>
 </clothing>
 <clothing>
  <id>
   401897387
  </id>
  <name>
   Fila Handbags S-5392
  </name>
  <category>
   Handbags
  </category>
  <size>
   S
  </size>
  <color>
   Желтый
  </color>
  <material>
   Вискоза
  </material>
  <price>
   455359
  </price>
  <rating>
   4.23
  </rating>
  <reviews>
   334079
  </reviews>
  <sporty>
   yes
  </sporty>
 </clothing>
 <clothing>
  <id>
   944519015
  </id>
  <name>
   Adidas Pants Y-4216
  </name>
  <category>
   Pants
  </category>
  <size>
   S
  </size>
  <color>
   Голубой
  </color>
  <material>
   Вискоза
  </material>
  <price>
   236409
  </price>
  <rating>
   4.22
  </rating>
  <reviews>
   735429
  </reviews>
  <exclusive>
   no
  </exclusive>
  <sporty>
   no
  </sporty>
 </clothing>
 <clothing>
  <id>
   772348446
  </id>
  <name>
   Converse Handbags F-9623
  </name>
  <category>
   Handbags
  </category>
  <size>
   XL
  </size>
  <color>
   Зеленый
  </color>
  <material>
   Нейлон
  </material>
  <price>
   762855
  </price>
  <rating>
   2.61
  </rating>
  <reviews>
   162294
  </reviews>
  <exclusive>
   yes
  </exclusive>
 </clothing>
 <clothing>
  <id>
   778998732
  </id>
  <name>
   Ellesse Hat A-9267
  </name>
  <category>
   Hat
  </category>
  <size>
   L
  </size>
  <color>
   Зеленый
  </color>
  <material>
   Шерсть
  </material>
  <price>
   597552
  </price>
  <rating>
   3.69
  </rating>
  <reviews>
   933842
  </reviews>
  <new>
   +
  </new>
  <sporty>
   no
  </sporty>
 </clothing>
 <clothing>
  <id>
   810139077
  </id>
  <name>
   Asics T-shirt R-9536
  </name>
  <category>
   T-shirt
  </category>
  <size>
   L
  </size>
  <color>
   Оранжевый
  </color>
  <material>
   Шелк
  </material>
  <price>
   466743
  </price>
  <rating>
   3.86
  </rating>
  <reviews>
   364191
  </reviews>
  <new>
   +
  </new>
  <exclusive>
   yes
  </exclusive>
  <sporty>
   no
  </sporty>
 </clothing>
 <clothing>
  <id>
   246723645
  </id>
  <name>
   Fila Shoes M-4426
  </name>
  <category>
   Shoes
  </category>
  <size>
   XL
  </size>
  <color>
   Желтый
  </color>
  <material>
   Хлопок
  </material>
  <price>
   308794
  </price>
  <rating>
   4.19
  </rating>
  <reviews>
   668145
  </reviews>
  <new>
   -
  </new>
  <exclusive>
   no
  </exclusive>
 </clothing>
 <clothing>
  <id>
   318466691
  </id>
  <name>
   Addidas Belts N-8990
  </name>
  <category>
   Belts
  </category>
  <size>
   M
  </size>
  <color>
   Желтый
  </color>
  <material>
   Шелк
  </material>
  <price>
   603076
  </price>
  <rating>
   1.27
  </rating>
  <reviews>
   446162
  </reviews>
  <exclusive>
   no
  </exclusive>
  <sporty>
   no
  </sporty>
 </clothing>
 <clothing>
  <id>
   593186986
  </id>
  <name>
   DC Jeans V-4102
  </name>
  <category>
   Jeans
  </category>
  <size>
   XXL
  </size>
  <color>
   Фиолетовый
  </color>
  <material>
   Хлопок
  </material>
  <price>
   297476
  </price>
  <rating>
   1.5
  </rating>
  <reviews>
   194575
  </reviews>
  <new>
   +
  </new>
  <sporty>
   yes
  </sporty>
 </clothing>
 <clothing>
  <id>
   356078771
  </id>
  <name>
   Adidas Shirt Y-5752
  </name>
  <category>
   Shirt
  </category>
  <size>
   S
  </size>
  <color>
   Желтый
  </color>
  <material>
   Полиэстер
  </material>
  <price>
   674388
  </price>
  <rating>
   3.15
  </rating>
  <reviews>
   730635
  </reviews>
  <new>
   +
  </new>
  <sporty>
   yes
  </sporty>
 </clothing>
 <clothing>
  <id>
   994548308
  </id>
  <name>
   PleinSport Belts O-9350
  </name>
  <category>
   Belts
  </category>
  <size>
   M
  </size>
  <color>
   Красный
  </color>
  <material>
   Шелк
  </material>
  <price>
   530533
  </price>
  <rating>
   1.41
  </rating>
  <reviews>
   413188
  </reviews>
 </clothing>
 <clothing>
  <id>
   977518611
  </id>
  <name>
   Brooks Sweater W-2820
  </name>
  <category>
   Sweater
  </category>
  <size>
   S
  </size>
  <color>
   Красный
  </color>
  <material>
   Вискоза
  </material>
  <price>
   544848
  </price>
  <rating>
   1.33
  </rating>
  <reviews>
   275305
  </reviews>
  <sporty>
   no
  </sporty>
 </clothing>
 <clothing>
  <id>
   499811490
  </id>
  <name>
   Reebok Hat P-4819
  </name>
  <category>
   Hat
  </category>
  <size>
   S
  </size>
  <color>
   Голубой
  </color>
  <material>
   Лен
  </material>
  <price>
   531184
  </price>
  <rating>
   1.75
  </rating>
  <reviews>
   726040
  </reviews>
  <new>
   +
  </new>
  <sporty>
   yes
  </sporty>
 </clothing>
 <clothing>
  <id>
   503603000
  </id>
  <name>
   Nike Belts V-1107
  </name>
  <category>
   Belts
  </category>
  <size>
   M
  </size>
  <color>
   Голубой
  </color>
  <material>
   Полиэстер
  </material>
  <price>
   285762
  </price>
  <rating>
   1.42
  </rating>
  <reviews>
   443648
  </reviews>
  <new>
   -
  </new>
 </clothing>
 <clothing>
  <id>
   448314086
  </id>
  <name>
   Puma Hat I-9648
  </name>
  <category>
   Hat
  </category>
  <size>
   XXL
  </size>
  <color>
   Зеленый
  </color>
  <material>
   Шерсть
  </material>
  <price>
   603935
  </price>
  <rating>
   2.85
  </rating>
  <reviews>
   310396
  </reviews>
  <new>
   -
  </new>
  <exclusive>
   no
  </exclusive>
  <sporty>
   no
  </sporty>
 </clothing>
 <clothing>
  <id>
   964045944
  </id>
  <name>
   Vans Pants O-1912
  </name>
  <category>
   Pants
  </category>
  <size>
   XXL
  </size>
  <color>
   Фиолетовый
  </color>
  <material>
   Шерсть
  </material>
  <price>
   114827
  </price>
  <rating>
   3.39
  </rating>
  <reviews>
   568584
  </reviews>
 </clothing>
 <clothing>
  <id>
   558892314
  </id>
  <name>
   Puma Umbrellas N-6405
  </name>
  <category>
   Umbrellas
  </category>
  <size>
   XL
  </size>
  <color>
   Голубой
  </color>
  <material>
   Нейлон
  </material>
  <price>
   432280
  </price>
  <rating>
   4.58
  </rating>
  <reviews>
   384054
  </reviews>
  <new>
   +
  </new>
  <sporty>
   yes
  </sporty>
 </clothing>
 <clothing>
  <id>
   631588574
  </id>
  <name>
   Addidas Blouse J-4210
  </name>
  <category>
   Blouse
  </category>
  <size>
   XL
  </size>
  <color>
   Красный
  </color>
  <material>
   Вискоза
  </material>
  <price>
   825923
  </price>
  <rating>
   3.15
  </rating>
  <reviews>
   710519
  </reviews>
  <new>
   -
  </new>
  <sporty>
   yes
  </sporty>
 </clothing>
 <clothing>
  <id>
   218779360
  </id>
  <name>
   Reebok Gloves W-8107
  </name>
  <category>
   Gloves
  </category>
  <size>
   L
  </size>
  <color>
   Зеленый
  </color>
  <material>
   Шерсть
  </material>
  <price>
   224529
  </price>
  <rating>
   4.54
  </rating>
  <reviews>
   767330
  </reviews>
  <exclusive>
   no
  </exclusive>
 </clothing>
 <clothing>
  <id>
   473473721
  </id>
  <name>
   Lacoste Hat W-4063
  </name>
  <category>
   Hat
  </category>
  <size>
   XXL
  </size>
  <color>
   Красный
  </color>
  <material>
   Шелк
  </material>
  <price>
   767861
  </price>
  <rating>
   4.54
  </rating>
  <reviews>
   639584
  </reviews>
  <new>
   +
  </new>
  <sporty>
   no
  </sporty>
 </clothing>
 <clothing>
  <id>
   644244302
  </id>
  <name>
   Brooks Dress V-2215
  </name>
  <category>
   Dress
  </category>
  <size>
   XXL
  </size>
  <color>
   Синий
  </color>
  <material>
   Кожа
  </material>
  <price>
   411914
  </price>
  <rating>
   2.76
  </rating>
  <reviews>
   607832
  </reviews>
  <exclusive>
   no
  </exclusive>
  <sporty>
   yes
  </sporty>
 </clothing>
 <clothing>
  <id>
   209482208
  </id>
  <name>
   Vans Gloves Z-3574
  </name>
  <category>
   Gloves
  </category>
  <size>
   XL
  </size>
  <color>
   Оранжевый
  </color>
  <material>
   Шерсть
  </material>
  <price>
   711464
  </price>
  <rating>
   2.14
  </rating>
  <reviews>
   391677
  </reviews>
 </clothing>
 <clothing>
  <id>
   323273530
  </id>
  <name>
   Vans Gloves D-9542
  </name>
  <category>
   Gloves
  </category>
  <size>
   XL
  </size>
  <color>
   Синий
  </color>
  <material>
   Лен
  </material>
  <price>
   738138
  </price>
  <rating>
   4.27
  </rating>
  <reviews>
   30560
  </reviews>
  <sporty>
   no
  </sporty>
 </clothing>
 <clothing>
  <id>
   368895799
  </id>
  <name>
   New Balance Skirt Y-3815
  </name>
  <category>
   Skirt
  </category>
  <size>
   XXL
  </size>
  <color>
   Фиолетовый
  </color>
  <material>
   Шелк
  </material>
  <price>
   873411
  </price>
  <rating>
   4.78
  </rating>
  <reviews>
   909711
  </reviews>
  <exclusive>
   no
  </exclusive>
  <sporty>
   no
  </sporty>
 </clothing>
 <clothing>
  <id>
   402884715
  </id>
  <name>
   Asics Hat Z-4077
  </name>
  <category>
   Hat
  </category>
  <size>
   L
  </size>
  <color>
   Зеленый
  </color>
  <material>
   Шерсть
  </material>
  <price>
   333738
  </price>
  <rating>
   2.51
  </rating>
  <reviews>
   284487
  </reviews>
  <new>
   -
  </new>
  <sporty>
   yes
  </sporty>
 </clothing>
 <clothing>
  <id>
   542526724
  </id>
  <name>
   Under Armour Socks B-1408
  </name>
  <category>
   Socks
  </category>
  <size>
   M
  </size>
  <color>
   Желтый
  </color>
  <material>
   Шерсть
  </material>
  <price>
   431734
  </price>
  <rating>
   2.6
  </rating>
  <reviews>
   569446
  </reviews>
  <new>
   -
  </new>
  <exclusive>
   yes
  </exclusive>
 </clothing>
 <clothing>
  <id>
   435615975
  </id>
  <name>
   Converse Shoes Q-1623
  </name>
  <category>
   Shoes
  </category>
  <size>
   XL
  </size>
  <color>
   Красный
  </color>
  <material>
   Шелк
  </material>
  <price>
   908730
  </price>
  <rating>
   3.23
  </rating>
  <reviews>
   960564
  </reviews>
  <new>
   +
  </new>
  <exclusive>
   no
  </exclusive>
  <sporty>
   no
  </sporty>
 </clothing>
</clothing-items>
