<?xml version="1.0" encoding="utf-8"?>
<clothing-items>
 <clothing>
  <id>
   494677780
  </id>
  <name>
   Under Armour Pants I-8646
  </name>
  <category>
   Pants
  </category>
  <size>
   S
  </size>
  <color>
   Желтый
  </color>
  <material>
   Хлопок
  </material>
  <price>
   799864
  </price>
  <rating>
   2.68
  </rating>
  <reviews>
   670460
  </reviews>
  <new>
   -
  </new>
  <exclusive>
   yes
  </exclusive>
 </clothing>
 <clothing>
  <id>
   134390362
  </id>
  <name>
   Fila Blouse V-5357
  </name>
  <category>
   Blouse
  </category>
  <size>
   XL
  </size>
  <color>
   Красный
  </color>
  <material>
   Вискоза
  </material>
  <price>
   994679
  </price>
  <rating>
   1.35
  </rating>
  <reviews>
   70291
  </reviews>
  <exclusive>
   yes
  </exclusive>
 </clothing>
 <clothing>
  <id>
   516780730
  </id>
  <name>
   Nike Belts J-4620
  </name>
  <category>
   Belts
  </category>
  <size>
   XL
  </size>
  <color>
   Голубой
  </color>
  <material>
   Шерсть
  </material>
  <price>
   951313
  </price>
  <rating>
   1.01
  </rating>
  <reviews>
   219540
  </reviews>
  <exclusive>
   yes
  </exclusive>
  <sporty>
   no
  </sporty>
 </clothing>
 <clothing>
  <id>
   419398796
  </id>
  <name>
   Under Armour Jacket B-2711
  </name>
  <category>
   Jacket
  </category>
  <size>
   S
  </size>
  <color>
   Фиолетовый
  </color>
  <material>
   Вискоза
  </material>
  <price>
   761831
  </price>
  <rating>
   2.7
  </rating>
  <reviews>
   1887
  </reviews>
  <exclusive>
   yes
  </exclusive>
 </clothing>
 <clothing>
  <id>
   567944844
  </id>
  <name>
   Nike Hat R-5866
  </name>
  <category>
   Hat
  </category>
  <size>
   XL
  </size>
  <color>
   Голубой
  </color>
  <material>
   Нейлон
  </material>
  <price>
   949417
  </price>
  <rating>
   1.4
  </rating>
  <reviews>
   282573
  </reviews>
  <exclusive>
   yes
  </exclusive>
  <sporty>
   no
  </sporty>
 </clothing>
 <clothing>
  <id>
   775063360
  </id>
  <name>
   Puma Jacket D-5516
  </name>
  <category>
   Jacket
  </category>
  <size>
   L
  </size>
  <color>
   Оранжевый
  </color>
  <material>
   Кожа
  </material>
  <price>
   902782
  </price>
  <rating>
   1.72
  </rating>
  <reviews>
   867866
  </reviews>
  <new>
   -
  </new>
  <exclusive>
   no
  </exclusive>
  <sporty>
   no
  </sporty>
 </clothing>
 <clothing>
  <id>
   448501466
  </id>
  <name>
   Addidas Hat Q-8477
  </name>
  <category>
   Hat
  </category>
  <size>
   XL
  </size>
  <color>
   Голубой
  </color>
  <material>
   Лен
  </material>
  <price>
   321820
  </price>
  <rating>
   3.04
  </rating>
  <reviews>
   308597
  </reviews>
 </clothing>
 <clothing>
  <id>
   945918139
  </id>
  <name>
   Adidas Shoes Z-9466
  </name>
  <category>
   Shoes
  </category>
  <size>
   M
  </size>
  <color>
   Фиолетовый
  </color>
  <material>
   Лен
  </material>
  <price>
   442446
  </price>
  <rating>
   2.07
  </rating>
  <reviews>
   622887
  </reviews>
  <new>
   -
  </new>
  <exclusive>
   no
  </exclusive>
 </clothing>
 <clothing>
  <id>
   433748320
  </id>
  <name>
   Puma Handbags H-1533
  </name>
  <category>
   Handbags
  </category>
  <size>
   XL
  </size>
  <color>
   Оранжевый
  </color>
  <material>
   Кожа
  </material>
  <price>
   601342
  </price>
  <rating>
   2.28
  </rating>
  <reviews>
   381572
  </reviews>
  <new>
   -
  </new>
  <exclusive>
   no
  </exclusive>
 </clothing>
 <clothing>
  <id>
   850877775
  </id>
  <name>
   PleinSport Pants E-1302
  </name>
  <category>
   Pants
  </category>
  <size>
   M
  </size>
  <color>
   Оранжевый
  </color>
  <material>
   Хлопок
  </material>
  <price>
   872711
  </price>
  <rating>
   2.59
  </rating>
  <reviews>
   697682
  </reviews>
 </clothing>
 <clothing>
  <id>
   699098190
  </id>
  <name>
   Ellesse Sweater W-4820
  </name>
  <category>
   Sweater
  </category>
  <size>
   S
  </size>
  <color>
   Желтый
  </color>
  <material>
   Нейлон
  </material>
  <price>
   977504
  </price>
  <rating>
   4.61
  </rating>
  <reviews>
   338852
  </reviews>
  <new>
   -
  </new>
  <sporty>
   no
  </sporty>
 </clothing>
 <clothing>
  <id>
   940183287
  </id>
  <name>
   Converse Sweater H-6133
  </name>
  <category>
   Sweater
  </category>
  <size>
   XL
  </size>
  <color>
   Зеленый
  </color>
  <material>
   Нейлон
  </material>
  <price>
   163808
  </price>
  <rating>
   2.39
  </rating>
  <reviews>
   928003
  </reviews>
  <new>
   +
  </new>
  <sporty>
   yes
  </sporty>
 </clothing>
</clothing-items>
