<?xml version="1.0" encoding="utf-8"?>
<clothing-items>
 <clothing>
  <id>
   364288470
  </id>
  <name>
   Addidas Socks N-1112
  </name>
  <category>
   Socks
  </category>
  <size>
   L
  </size>
  <color>
   Фиолетовый
  </color>
  <material>
   Шелк
  </material>
  <price>
   273821
  </price>
  <rating>
   2.33
  </rating>
  <reviews>
   213633
  </reviews>
  <exclusive>
   yes
  </exclusive>
  <sporty>
   no
  </sporty>
 </clothing>
 <clothing>
  <id>
   666941056
  </id>
  <name>
   Converse Jacket U-8766
  </name>
  <category>
   Jacket
  </category>
  <size>
   L
  </size>
  <color>
   Фиолетовый
  </color>
  <material>
   Шерсть
  </material>
  <price>
   387707
  </price>
  <rating>
   4.18
  </rating>
  <reviews>
   240336
  </reviews>
  <sporty>
   no
  </sporty>
 </clothing>
 <clothing>
  <id>
   345023456
  </id>
  <name>
   Ellesse Sweater W-4579
  </name>
  <category>
   Sweater
  </category>
  <size>
   XL
  </size>
  <color>
   Голубой
  </color>
  <material>
   Полиэстер
  </material>
  <price>
   764017
  </price>
  <rating>
   2.91
  </rating>
  <reviews>
   824856
  </reviews>
  <new>
   +
  </new>
  <exclusive>
   no
  </exclusive>
  <sporty>
   yes
  </sporty>
 </clothing>
 <clothing>
  <id>
   262722652
  </id>
  <name>
   Addidas T-shirt T-7464
  </name>
  <category>
   T-shirt
  </category>
  <size>
   L
  </size>
  <color>
   Синий
  </color>
  <material>
   Хлопок
  </material>
  <price>
   298916
  </price>
  <rating>
   1.49
  </rating>
  <reviews>
   299381
  </reviews>
  <exclusive>
   no
  </exclusive>
  <sporty>
   no
  </sporty>
 </clothing>
 <clothing>
  <id>
   287261426
  </id>
  <name>
   Lacoste Skirt T-4755
  </name>
  <category>
   Skirt
  </category>
  <size>
   L
  </size>
  <color>
   Оранжевый
  </color>
  <material>
   Шерсть
  </material>
  <price>
   498609
  </price>
  <rating>
   2.37
  </rating>
  <reviews>
   747494
  </reviews>
  <new>
   -
  </new>
 </clothing>
 <clothing>
  <id>
   130163834
  </id>
  <name>
   Puma Hat W-1024
  </name>
  <category>
   Hat
  </category>
  <size>
   XXL
  </size>
  <color>
   Желтый
  </color>
  <material>
   Кожа
  </material>
  <price>
   847813
  </price>
  <rating>
   3.59
  </rating>
  <reviews>
   989009
  </reviews>
  <sporty>
   no
  </sporty>
 </clothing>
 <clothing>
  <id>
   832396994
  </id>
  <name>
   New Balance Hat F-5573
  </name>
  <category>
   Hat
  </category>
  <size>
   L
  </size>
  <color>
   Зеленый
  </color>
  <material>
   Лен
  </material>
  <price>
   223912
  </price>
  <rating>
   3.89
  </rating>
  <reviews>
   470401
  </reviews>
  <new>
   -
  </new>
  <sporty>
   no
  </sporty>
 </clothing>
 <clothing>
  <id>
   234629784
  </id>
  <name>
   PleinSport Jacket Z-6961
  </name>
  <category>
   Jacket
  </category>
  <size>
   M
  </size>
  <color>
   Фиолетовый
  </color>
  <material>
   Полиэстер
  </material>
  <price>
   957477
  </price>
  <rating>
   1.36
  </rating>
  <reviews>
   390118
  </reviews>
  <new>
   -
  </new>
 </clothing>
 <clothing>
  <id>
   386981347
  </id>
  <name>
   DC Hat M-4386
  </name>
  <category>
   Hat
  </category>
  <size>
   L
  </size>
  <color>
   Фиолетовый
  </color>
  <material>
   Шелк
  </material>
  <price>
   820588
  </price>
  <rating>
   3.12
  </rating>
  <reviews>
   123227
  </reviews>
  <new>
   +
  </new>
  <exclusive>
   no
  </exclusive>
 </clothing>
 <clothing>
  <id>
   107817553
  </id>
  <name>
   Lacoste Handbags C-7634
  </name>
  <category>
   Handbags
  </category>
  <size>
   S
  </size>
  <color>
   Красный
  </color>
  <material>
   Нейлон
  </material>
  <price>
   541251
  </price>
  <rating>
   1.16
  </rating>
  <reviews>
   843301
  </reviews>
  <new>
   +
  </new>
 </clothing>
</clothing-items>
