<?xml version="1.0" encoding="utf-8"?>
<clothing-items>
 <clothing>
  <id>
   882570416
  </id>
  <name>
   Addidas Sweater O-4062
  </name>
  <category>
   Sweater
  </category>
  <size>
   XXL
  </size>
  <color>
   Голубой
  </color>
  <material>
   Хлопок
  </material>
  <price>
   607012
  </price>
  <rating>
   4.66
  </rating>
  <reviews>
   620409
  </reviews>
 </clothing>
 <clothing>
  <id>
   795140514
  </id>
  <name>
   Under Armour Shirt F-4962
  </name>
  <category>
   Shirt
  </category>
  <size>
   M
  </size>
  <color>
   Голубой
  </color>
  <material>
   Лен
  </material>
  <price>
   137431
  </price>
  <rating>
   1.97
  </rating>
  <reviews>
   268722
  </reviews>
  <sporty>
   yes
  </sporty>
 </clothing>
 <clothing>
  <id>
   279287891
  </id>
  <name>
   Converse Dress G-9742
  </name>
  <category>
   Dress
  </category>
  <size>
   XL
  </size>
  <color>
   Голубой
  </color>
  <material>
   Хлопок
  </material>
  <price>
   172359
  </price>
  <rating>
   1.33
  </rating>
  <reviews>
   872675
  </reviews>
  <new>
   -
  </new>
  <exclusive>
   no
  </exclusive>
 </clothing>
 <clothing>
  <id>
   771418605
  </id>
  <name>
   PleinSport Handbags H-8213
  </name>
  <category>
   Handbags
  </category>
  <size>
   S
  </size>
  <color>
   Красный
  </color>
  <material>
   Шелк
  </material>
  <price>
   281685
  </price>
  <rating>
   3.54
  </rating>
  <reviews>
   109544
  </reviews>
  <new>
   -
  </new>
  <exclusive>
   no
  </exclusive>
 </clothing>
 <clothing>
  <id>
   663791915
  </id>
  <name>
   Ellesse T-shirt P-5551
  </name>
  <category>
   T-shirt
  </category>
  <size>
   M
  </size>
  <color>
   Красный
  </color>
  <material>
   Лен
  </material>
  <price>
   418638
  </price>
  <rating>
   1.23
  </rating>
  <reviews>
   544266
  </reviews>
  <new>
   -
  </new>
  <sporty>
   yes
  </sporty>
 </clothing>
 <clothing>
  <id>
   167887225
  </id>
  <name>
   PleinSport Gloves L-8692
  </name>
  <category>
   Gloves
  </category>
  <size>
   M
  </size>
  <color>
   Зеленый
  </color>
  <material>
   Полиэстер
  </material>
  <price>
   172045
  </price>
  <rating>
   3.51
  </rating>
  <reviews>
   981655
  </reviews>
  <new>
   -
  </new>
  <sporty>
   yes
  </sporty>
 </clothing>
 <clothing>
  <id>
   895809470
  </id>
  <name>
   Converse Shoes U-7976
  </name>
  <category>
   Shoes
  </category>
  <size>
   XXL
  </size>
  <color>
   Синий
  </color>
  <material>
   Шерсть
  </material>
  <price>
   279722
  </price>
  <rating>
   4.59
  </rating>
  <reviews>
   490647
  </reviews>
  <exclusive>
   no
  </exclusive>
  <sporty>
   no
  </sporty>
 </clothing>
 <clothing>
  <id>
   123459685
  </id>
  <name>
   Converse Pants G-2233
  </name>
  <category>
   Pants
  </category>
  <size>
   M
  </size>
  <color>
   Оранжевый
  </color>
  <material>
   Нейлон
  </material>
  <price>
   418247
  </price>
  <rating>
   2.97
  </rating>
  <reviews>
   670652
  </reviews>
  <new>
   +
  </new>
  <sporty>
   no
  </sporty>
 </clothing>
 <clothing>
  <id>
   205153009
  </id>
  <name>
   Brooks Dress K-2883
  </name>
  <category>
   Dress
  </category>
  <size>
   L
  </size>
  <color>
   Синий
  </color>
  <material>
   Нейлон
  </material>
  <price>
   406047
  </price>
  <rating>
   2.33
  </rating>
  <reviews>
   20760
  </reviews>
  <new>
   -
  </new>
  <exclusive>
   yes
  </exclusive>
  <sporty>
   yes
  </sporty>
 </clothing>
 <clothing>
  <id>
   248024403
  </id>
  <name>
   Nike Umbrellas K-5503
  </name>
  <category>
   Umbrellas
  </category>
  <size>
   M
  </size>
  <color>
   Фиолетовый
  </color>
  <material>
   Кожа
  </material>
  <price>
   199292
  </price>
  <rating>
   4.59
  </rating>
  <reviews>
   188450
  </reviews>
  <new>
   +
  </new>
  <exclusive>
   no
  </exclusive>
  <sporty>
   yes
  </sporty>
 </clothing>
 <clothing>
  <id>
   259019324
  </id>
  <name>
   New Balance Skirt H-4598
  </name>
  <category>
   Skirt
  </category>
  <size>
   M
  </size>
  <color>
   Зеленый
  </color>
  <material>
   Полиэстер
  </material>
  <price>
   874051
  </price>
  <rating>
   1.65
  </rating>
  <reviews>
   499553
  </reviews>
  <new>
   +
  </new>
 </clothing>
 <clothing>
  <id>
   749944647
  </id>
  <name>
   Reebok Skirt Q-7331
  </name>
  <category>
   Skirt
  </category>
  <size>
   L
  </size>
  <color>
   Синий
  </color>
  <material>
   Кожа
  </material>
  <price>
   607471
  </price>
  <rating>
   3.83
  </rating>
  <reviews>
   554890
  </reviews>
  <exclusive>
   no
  </exclusive>
 </clothing>
 <clothing>
  <id>
   786497112
  </id>
  <name>
   Puma Pants K-2083
  </name>
  <category>
   Pants
  </category>
  <size>
   XXL
  </size>
  <color>
   Зеленый
  </color>
  <material>
   Вискоза
  </material>
  <price>
   373323
  </price>
  <rating>
   2.18
  </rating>
  <reviews>
   856813
  </reviews>
  <exclusive>
   no
  </exclusive>
 </clothing>
 <clothing>
  <id>
   524932693
  </id>
  <name>
   Addidas Jacket B-4044
  </name>
  <category>
   Jacket
  </category>
  <size>
   XXL
  </size>
  <color>
   Желтый
  </color>
  <material>
   Вискоза
  </material>
  <price>
   970591
  </price>
  <rating>
   1.65
  </rating>
  <reviews>
   454314
  </reviews>
  <new>
   +
  </new>
  <exclusive>
   yes
  </exclusive>
 </clothing>
 <clothing>
  <id>
   118198841
  </id>
  <name>
   Nike Jacket T-1275
  </name>
  <category>
   Jacket
  </category>
  <size>
   XL
  </size>
  <color>
   Синий
  </color>
  <material>
   Шелк
  </material>
  <price>
   116669
  </price>
  <rating>
   4.65
  </rating>
  <reviews>
   266756
  </reviews>
 </clothing>
 <clothing>
  <id>
   856952336
  </id>
  <name>
   Lacoste Umbrellas V-6434
  </name>
  <category>
   Umbrellas
  </category>
  <size>
   M
  </size>
  <color>
   Фиолетовый
  </color>
  <material>
   Лен
  </material>
  <price>
   130786
  </price>
  <rating>
   1.17
  </rating>
  <reviews>
   676294
  </reviews>
  <new>
   -
  </new>
  <exclusive>
   yes
  </exclusive>
  <sporty>
   no
  </sporty>
 </clothing>
 <clothing>
  <id>
   178747464
  </id>
  <name>
   Addidas Jacket S-4036
  </name>
  <category>
   Jacket
  </category>
  <size>
   M
  </size>
  <color>
   Синий
  </color>
  <material>
   Шелк
  </material>
  <price>
   119098
  </price>
  <rating>
   4.32
  </rating>
  <reviews>
   720417
  </reviews>
  <exclusive>
   yes
  </exclusive>
 </clothing>
 <clothing>
  <id>
   511883818
  </id>
  <name>
   Asics Sweater C-3518
  </name>
  <category>
   Sweater
  </category>
  <size>
   M
  </size>
  <color>
   Оранжевый
  </color>
  <material>
   Шерсть
  </material>
  <price>
   452297
  </price>
  <rating>
   3.01
  </rating>
  <reviews>
   519315
  </reviews>
  <new>
   +
  </new>
  <exclusive>
   no
  </exclusive>
 </clothing>
 <clothing>
  <id>
   143522508
  </id>
  <name>
   Lacoste Shirt D-3707
  </name>
  <category>
   Shirt
  </category>
  <size>
   S
  </size>
  <color>
   Оранжевый
  </color>
  <material>
   Хлопок
  </material>
  <price>
   435623
  </price>
  <rating>
   3.23
  </rating>
  <reviews>
   890841
  </reviews>
  <new>
   +
  </new>
  <exclusive>
   yes
  </exclusive>
  <sporty>
   no
  </sporty>
 </clothing>
 <clothing>
  <id>
   686885721
  </id>
  <name>
   DC Blouse Z-8698
  </name>
  <category>
   Blouse
  </category>
  <size>
   M
  </size>
  <color>
   Желтый
  </color>
  <material>
   Лен
  </material>
  <price>
   143035
  </price>
  <rating>
   1.24
  </rating>
  <reviews>
   209730
  </reviews>
  <new>
   -
  </new>
  <exclusive>
   yes
  </exclusive>
  <sporty>
   no
  </sporty>
 </clothing>
 <clothing>
  <id>
   617525613
  </id>
  <name>
   Under Armour Shirt L-1940
  </name>
  <category>
   Shirt
  </category>
  <size>
   M
  </size>
  <color>
   Зеленый
  </color>
  <material>
   Вискоза
  </material>
  <price>
   360724
  </price>
  <rating>
   4.4
  </rating>
  <reviews>
   751467
  </reviews>
 </clothing>
 <clothing>
  <id>
   509372438
  </id>
  <name>
   Adidas Sweater M-6599
  </name>
  <category>
   Sweater
  </category>
  <size>
   L
  </size>
  <color>
   Фиолетовый
  </color>
  <material>
   Кожа
  </material>
  <price>
   615192
  </price>
  <rating>
   4.46
  </rating>
  <reviews>
   376646
  </reviews>
  <exclusive>
   no
  </exclusive>
 </clothing>
 <clothing>
  <id>
   975115063
  </id>
  <name>
   Under Armour Belts E-1623
  </name>
  <category>
   Belts
  </category>
  <size>
   XL
  </size>
  <color>
   Красный
  </color>
  <material>
   Кожа
  </material>
  <price>
   585013
  </price>
  <rating>
   4.56
  </rating>
  <reviews>
   786591
  </reviews>
  <exclusive>
   yes
  </exclusive>
  <sporty>
   no
  </sporty>
 </clothing>
 <clothing>
  <id>
   821043648
  </id>
  <name>
   Addidas T-shirt I-1710
  </name>
  <category>
   T-shirt
  </category>
  <size>
   XXL
  </size>
  <color>
   Желтый
  </color>
  <material>
   Нейлон
  </material>
  <price>
   594993
  </price>
  <rating>
   1.84
  </rating>
  <reviews>
   765129
  </reviews>
 </clothing>
 <clothing>
  <id>
   492280143
  </id>
  <name>
   Ellesse Jeans H-1851
  </name>
  <category>
   Jeans
  </category>
  <size>
   XXL
  </size>
  <color>
   Желтый
  </color>
  <material>
   Полиэстер
  </material>
  <price>
   679756
  </price>
  <rating>
   2.48
  </rating>
  <reviews>
   266890
  </reviews>
  <new>
   -
  </new>
  <exclusive>
   no
  </exclusive>
  <sporty>
   yes
  </sporty>
 </clothing>
 <clothing>
  <id>
   745156168
  </id>
  <name>
   Puma Blouse R-5519
  </name>
  <category>
   Blouse
  </category>
  <size>
   XXL
  </size>
  <color>
   Голубой
  </color>
  <material>
   Вискоза
  </material>
  <price>
   394828
  </price>
  <rating>
   4.5
  </rating>
  <reviews>
   260403
  </reviews>
  <exclusive>
   yes
  </exclusive>
 </clothing>
 <clothing>
  <id>
   803192803
  </id>
  <name>
   Brooks T-shirt V-8873
  </name>
  <category>
   T-shirt
  </category>
  <size>
   M
  </size>
  <color>
   Голубой
  </color>
  <material>
   Шерсть
  </material>
  <price>
   568920
  </price>
  <rating>
   3.63
  </rating>
  <reviews>
   469564
  </reviews>
  <exclusive>
   no
  </exclusive>
 </clothing>
 <clothing>
  <id>
   187372712
  </id>
  <name>
   Puma Jacket O-3050
  </name>
  <category>
   Jacket
  </category>
  <size>
   M
  </size>
  <color>
   Фиолетовый
  </color>
  <material>
   Шерсть
  </material>
  <price>
   549613
  </price>
  <rating>
   2.19
  </rating>
  <reviews>
   864697
  </reviews>
  <new>
   +
  </new>
  <exclusive>
   no
  </exclusive>
 </clothing>
 <clothing>
  <id>
   229000983
  </id>
  <name>
   Ellesse Pants G-3274
  </name>
  <category>
   Pants
  </category>
  <size>
   S
  </size>
  <color>
   Оранжевый
  </color>
  <material>
   Шерсть
  </material>
  <price>
   437537
  </price>
  <rating>
   3.99
  </rating>
  <reviews>
   852818
  </reviews>
  <sporty>
   yes
  </sporty>
 </clothing>
 <clothing>
  <id>
   879630213
  </id>
  <name>
   Nike Shoes L-4079
  </name>
  <category>
   Shoes
  </category>
  <size>
   L
  </size>
  <color>
   Зеленый
  </color>
  <material>
   Шерсть
  </material>
  <price>
   998659
  </price>
  <rating>
   3.26
  </rating>
  <reviews>
   51195
  </reviews>
  <exclusive>
   no
  </exclusive>
 </clothing>
 <clothing>
  <id>
   107748951
  </id>
  <name>
   Vans Handbags K-3876
  </name>
  <category>
   Handbags
  </category>
  <size>
   XXL
  </size>
  <color>
   Зеленый
  </color>
  <material>
   Хлопок
  </material>
  <price>
   820349
  </price>
  <rating>
   4.85
  </rating>
  <reviews>
   257902
  </reviews>
  <new>
   -
  </new>
  <exclusive>
   no
  </exclusive>
  <sporty>
   yes
  </sporty>
 </clothing>
 <clothing>
  <id>
   617818573
  </id>
  <name>
   Vans Shirt B-2437
  </name>
  <category>
   Shirt
  </category>
  <size>
   M
  </size>
  <color>
   Красный
  </color>
  <material>
   Кожа
  </material>
  <price>
   886537
  </price>
  <rating>
   4.45
  </rating>
  <reviews>
   70893
  </reviews>
  <sporty>
   no
  </sporty>
 </clothing>
 <clothing>
  <id>
   235175123
  </id>
  <name>
   Ellesse Handbags A-8384
  </name>
  <category>
   Handbags
  </category>
  <size>
   L
  </size>
  <color>
   Зеленый
  </color>
  <material>
   Лен
  </material>
  <price>
   784853
  </price>
  <rating>
   4.02
  </rating>
  <reviews>
   960777
  </reviews>
  <new>
   +
  </new>
  <exclusive>
   no
  </exclusive>
 </clothing>
 <clothing>
  <id>
   452748717
  </id>
  <name>
   PleinSport Hat N-2963
  </name>
  <category>
   Hat
  </category>
  <size>
   L
  </size>
  <color>
   Зеленый
  </color>
  <material>
   Шерсть
  </material>
  <price>
   786597
  </price>
  <rating>
   1.3
  </rating>
  <reviews>
   763797
  </reviews>
 </clothing>
 <clothing>
  <id>
   203956690
  </id>
  <name>
   Vans Shirt T-9785
  </name>
  <category>
   Shirt
  </category>
  <size>
   M
  </size>
  <color>
   Зеленый
  </color>
  <material>
   Шерсть
  </material>
  <price>
   418139
  </price>
  <rating>
   2.01
  </rating>
  <reviews>
   226026
  </reviews>
  <new>
   -
  </new>
  <sporty>
   no
  </sporty>
 </clothing>
 <clothing>
  <id>
   814906028
  </id>
  <name>
   Adidas Dress I-4338
  </name>
  <category>
   Dress
  </category>
  <size>
   L
  </size>
  <color>
   Зеленый
  </color>
  <material>
   Вискоза
  </material>
  <price>
   934766
  </price>
  <rating>
   4.88
  </rating>
  <reviews>
   579166
  </reviews>
  <exclusive>
   yes
  </exclusive>
 </clothing>
</clothing-items>
