<?xml version="1.0" encoding="utf-8"?>
<clothing-items>
 <clothing>
  <id>
   536533610
  </id>
  <name>
   Brooks Jacket K-2346
  </name>
  <category>
   Jacket
  </category>
  <size>
   M
  </size>
  <color>
   Фиолетовый
  </color>
  <material>
   Полиэстер
  </material>
  <price>
   607440
  </price>
  <rating>
   2.09
  </rating>
  <reviews>
   322232
  </reviews>
  <new>
   +
  </new>
  <exclusive>
   yes
  </exclusive>
  <sporty>
   yes
  </sporty>
 </clothing>
 <clothing>
  <id>
   672793228
  </id>
  <name>
   Lacoste Socks C-8966
  </name>
  <category>
   Socks
  </category>
  <size>
   L
  </size>
  <color>
   Синий
  </color>
  <material>
   Шерсть
  </material>
  <price>
   775907
  </price>
  <rating>
   4.85
  </rating>
  <reviews>
   626245
  </reviews>
  <exclusive>
   yes
  </exclusive>
 </clothing>
 <clothing>
  <id>
   320169776
  </id>
  <name>
   Converse Sweater P-8179
  </name>
  <category>
   Sweater
  </category>
  <size>
   L
  </size>
  <color>
   Желтый
  </color>
  <material>
   Шерсть
  </material>
  <price>
   404849
  </price>
  <rating>
   4.04
  </rating>
  <reviews>
   354970
  </reviews>
  <new>
   +
  </new>
 </clothing>
 <clothing>
  <id>
   509229196
  </id>
  <name>
   DC Shoes W-3980
  </name>
  <category>
   Shoes
  </category>
  <size>
   L
  </size>
  <color>
   Голубой
  </color>
  <material>
   Полиэстер
  </material>
  <price>
   973111
  </price>
  <rating>
   4.08
  </rating>
  <reviews>
   414950
  </reviews>
  <exclusive>
   yes
  </exclusive>
 </clothing>
 <clothing>
  <id>
   532415742
  </id>
  <name>
   PleinSport Belts O-6287
  </name>
  <category>
   Belts
  </category>
  <size>
   L
  </size>
  <color>
   Зеленый
  </color>
  <material>
   Шерсть
  </material>
  <price>
   327775
  </price>
  <rating>
   4.41
  </rating>
  <reviews>
   560437
  </reviews>
  <new>
   -
  </new>
  <exclusive>
   yes
  </exclusive>
  <sporty>
   yes
  </sporty>
 </clothing>
 <clothing>
  <id>
   362706192
  </id>
  <name>
   Nike Handbags C-7138
  </name>
  <category>
   Handbags
  </category>
  <size>
   S
  </size>
  <color>
   Голубой
  </color>
  <material>
   Полиэстер
  </material>
  <price>
   450460
  </price>
  <rating>
   3.15
  </rating>
  <reviews>
   425352
  </reviews>
  <new>
   +
  </new>
  <sporty>
   no
  </sporty>
 </clothing>
 <clothing>
  <id>
   890141081
  </id>
  <name>
   Reebok Pants S-2464
  </name>
  <category>
   Pants
  </category>
  <size>
   L
  </size>
  <color>
   Желтый
  </color>
  <material>
   Хлопок
  </material>
  <price>
   385952
  </price>
  <rating>
   2.43
  </rating>
  <reviews>
   984412
  </reviews>
  <new>
   -
  </new>
  <exclusive>
   yes
  </exclusive>
  <sporty>
   no
  </sporty>
 </clothing>
 <clothing>
  <id>
   587147085
  </id>
  <name>
   Ellesse Blouse K-3861
  </name>
  <category>
   Blouse
  </category>
  <size>
   XXL
  </size>
  <color>
   Красный
  </color>
  <material>
   Шерсть
  </material>
  <price>
   612577
  </price>
  <rating>
   3.65
  </rating>
  <reviews>
   434526
  </reviews>
  <sporty>
   no
  </sporty>
 </clothing>
 <clothing>
  <id>
   637660580
  </id>
  <name>
   New Balance Hat S-6117
  </name>
  <category>
   Hat
  </category>
  <size>
   M
  </size>
  <color>
   Красный
  </color>
  <material>
   Кожа
  </material>
  <price>
   687965
  </price>
  <rating>
   4.87
  </rating>
  <reviews>
   993106
  </reviews>
  <new>
   -
  </new>
  <exclusive>
   no
  </exclusive>
  <sporty>
   yes
  </sporty>
 </clothing>
 <clothing>
  <id>
   936458741
  </id>
  <name>
   Vans Belts O-8308
  </name>
  <category>
   Belts
  </category>
  <size>
   XL
  </size>
  <color>
   Фиолетовый
  </color>
  <material>
   Вискоза
  </material>
  <price>
   136864
  </price>
  <rating>
   1.72
  </rating>
  <reviews>
   238503
  </reviews>
  <sporty>
   no
  </sporty>
 </clothing>
 <clothing>
  <id>
   727652017
  </id>
  <name>
   Under Armour Blouse H-9694
  </name>
  <category>
   Blouse
  </category>
  <size>
   L
  </size>
  <color>
   Красный
  </color>
  <material>
   Шелк
  </material>
  <price>
   649721
  </price>
  <rating>
   3.32
  </rating>
  <reviews>
   272572
  </reviews>
  <new>
   -
  </new>
 </clothing>
 <clothing>
  <id>
   229146178
  </id>
  <name>
   Asics Socks Q-7780
  </name>
  <category>
   Socks
  </category>
  <size>
   XXL
  </size>
  <color>
   Оранжевый
  </color>
  <material>
   Нейлон
  </material>
  <price>
   335550
  </price>
  <rating>
   2.24
  </rating>
  <reviews>
   713744
  </reviews>
  <exclusive>
   no
  </exclusive>
  <sporty>
   no
  </sporty>
 </clothing>
 <clothing>
  <id>
   295584231
  </id>
  <name>
   Ellesse Pants F-1040
  </name>
  <category>
   Pants
  </category>
  <size>
   XXL
  </size>
  <color>
   Оранжевый
  </color>
  <material>
   Лен
  </material>
  <price>
   829849
  </price>
  <rating>
   1.36
  </rating>
  <reviews>
   852516
  </reviews>
  <sporty>
   no
  </sporty>
 </clothing>
 <clothing>
  <id>
   811119761
  </id>
  <name>
   Lacoste Handbags C-1944
  </name>
  <category>
   Handbags
  </category>
  <size>
   XXL
  </size>
  <color>
   Голубой
  </color>
  <material>
   Шерсть
  </material>
  <price>
   921651
  </price>
  <rating>
   3.62
  </rating>
  <reviews>
   484140
  </reviews>
  <new>
   +
  </new>
  <exclusive>
   no
  </exclusive>
  <sporty>
   yes
  </sporty>
 </clothing>
 <clothing>
  <id>
   348682693
  </id>
  <name>
   Brooks Shirt B-5580
  </name>
  <category>
   Shirt
  </category>
  <size>
   XL
  </size>
  <color>
   Фиолетовый
  </color>
  <material>
   Шерсть
  </material>
  <price>
   518332
  </price>
  <rating>
   5.0
  </rating>
  <reviews>
   832328
  </reviews>
  <exclusive>
   no
  </exclusive>
  <sporty>
   yes
  </sporty>
 </clothing>
 <clothing>
  <id>
   970039242
  </id>
  <name>
   PleinSport Jeans O-9425
  </name>
  <category>
   Jeans
  </category>
  <size>
   M
  </size>
  <color>
   Оранжевый
  </color>
  <material>
   Шелк
  </material>
  <price>
   381072
  </price>
  <rating>
   2.09
  </rating>
  <reviews>
   631631
  </reviews>
  <new>
   -
  </new>
  <sporty>
   yes
  </sporty>
 </clothing>
 <clothing>
  <id>
   479149482
  </id>
  <name>
   Puma Handbags S-5333
  </name>
  <category>
   Handbags
  </category>
  <size>
   M
  </size>
  <color>
   Синий
  </color>
  <material>
   Шелк
  </material>
  <price>
   393233
  </price>
  <rating>
   2.57
  </rating>
  <reviews>
   212091
  </reviews>
  <new>
   -
  </new>
 </clothing>
 <clothing>
  <id>
   439159272
  </id>
  <name>
   PleinSport Jacket S-5182
  </name>
  <category>
   Jacket
  </category>
  <size>
   L
  </size>
  <color>
   Оранжевый
  </color>
  <material>
   Лен
  </material>
  <price>
   821476
  </price>
  <rating>
   2.35
  </rating>
  <reviews>
   176770
  </reviews>
  <new>
   -
  </new>
  <sporty>
   yes
  </sporty>
 </clothing>
 <clothing>
  <id>
   993172557
  </id>
  <name>
   Asics Jeans X-2408
  </name>
  <category>
   Jeans
  </category>
  <size>
   M
  </size>
  <color>
   Желтый
  </color>
  <material>
   Нейлон
  </material>
  <price>
   722420
  </price>
  <rating>
   4.82
  </rating>
  <reviews>
   337410
  </reviews>
  <new>
   +
  </new>
  <exclusive>
   yes
  </exclusive>
  <sporty>
   no
  </sporty>
 </clothing>
 <clothing>
  <id>
   778335325
  </id>
  <name>
   Fila Gloves Y-8916
  </name>
  <category>
   Gloves
  </category>
  <size>
   M
  </size>
  <color>
   Синий
  </color>
  <material>
   Хлопок
  </material>
  <price>
   393207
  </price>
  <rating>
   2.67
  </rating>
  <reviews>
   953316
  </reviews>
  <sporty>
   yes
  </sporty>
 </clothing>
 <clothing>
  <id>
   776545831
  </id>
  <name>
   Brooks Shirt E-7443
  </name>
  <category>
   Shirt
  </category>
  <size>
   S
  </size>
  <color>
   Голубой
  </color>
  <material>
   Кожа
  </material>
  <price>
   479242
  </price>
  <rating>
   3.64
  </rating>
  <reviews>
   888082
  </reviews>
  <new>
   +
  </new>
 </clothing>
 <clothing>
  <id>
   895497606
  </id>
  <name>
   Vans Socks V-6155
  </name>
  <category>
   Socks
  </category>
  <size>
   XXL
  </size>
  <color>
   Фиолетовый
  </color>
  <material>
   Хлопок
  </material>
  <price>
   547110
  </price>
  <rating>
   4.46
  </rating>
  <reviews>
   886058
  </reviews>
  <new>
   -
  </new>
 </clothing>
 <clothing>
  <id>
   141511329
  </id>
  <name>
   Puma Shoes R-1315
  </name>
  <category>
   Shoes
  </category>
  <size>
   L
  </size>
  <color>
   Зеленый
  </color>
  <material>
   Шерсть
  </material>
  <price>
   550665
  </price>
  <rating>
   4.74
  </rating>
  <reviews>
   377577
  </reviews>
  <new>
   +
  </new>
  <exclusive>
   no
  </exclusive>
 </clothing>
 <clothing>
  <id>
   717748031
  </id>
  <name>
   Nike Blouse Q-5929
  </name>
  <category>
   Blouse
  </category>
  <size>
   L
  </size>
  <color>
   Голубой
  </color>
  <material>
   Вискоза
  </material>
  <price>
   695033
  </price>
  <rating>
   2.37
  </rating>
  <reviews>
   587228
  </reviews>
  <new>
   +
  </new>
  <exclusive>
   yes
  </exclusive>
  <sporty>
   no
  </sporty>
 </clothing>
 <clothing>
  <id>
   851547275
  </id>
  <name>
   Brooks Shoes I-4709
  </name>
  <category>
   Shoes
  </category>
  <size>
   XXL
  </size>
  <color>
   Голубой
  </color>
  <material>
   Шерсть
  </material>
  <price>
   524528
  </price>
  <rating>
   1.35
  </rating>
  <reviews>
   288821
  </reviews>
  <new>
   -
  </new>
  <exclusive>
   no
  </exclusive>
  <sporty>
   no
  </sporty>
 </clothing>
 <clothing>
  <id>
   603500301
  </id>
  <name>
   Lacoste Skirt Q-7469
  </name>
  <category>
   Skirt
  </category>
  <size>
   S
  </size>
  <color>
   Голубой
  </color>
  <material>
   Шерсть
  </material>
  <price>
   712407
  </price>
  <rating>
   3.31
  </rating>
  <reviews>
   865028
  </reviews>
  <exclusive>
   no
  </exclusive>
  <sporty>
   yes
  </sporty>
 </clothing>
 <clothing>
  <id>
   940468204
  </id>
  <name>
   New Balance Socks S-6579
  </name>
  <category>
   Socks
  </category>
  <size>
   S
  </size>
  <color>
   Оранжевый
  </color>
  <material>
   Хлопок
  </material>
  <price>
   376393
  </price>
  <rating>
   2.48
  </rating>
  <reviews>
   215256
  </reviews>
 </clothing>
 <clothing>
  <id>
   899475563
  </id>
  <name>
   Vans Dress V-5699
  </name>
  <category>
   Dress
  </category>
  <size>
   S
  </size>
  <color>
   Желтый
  </color>
  <material>
   Хлопок
  </material>
  <price>
   165651
  </price>
  <rating>
   4.93
  </rating>
  <reviews>
   234061
  </reviews>
  <sporty>
   yes
  </sporty>
 </clothing>
 <clothing>
  <id>
   295835932
  </id>
  <name>
   Fila Skirt W-2343
  </name>
  <category>
   Skirt
  </category>
  <size>
   S
  </size>
  <color>
   Фиолетовый
  </color>
  <material>
   Нейлон
  </material>
  <price>
   808384
  </price>
  <rating>
   4.43
  </rating>
  <reviews>
   480000
  </reviews>
  <new>
   +
  </new>
  <exclusive>
   yes
  </exclusive>
  <sporty>
   no
  </sporty>
 </clothing>
 <clothing>
  <id>
   180242971
  </id>
  <name>
   Lacoste Sweater B-8468
  </name>
  <category>
   Sweater
  </category>
  <size>
   L
  </size>
  <color>
   Красный
  </color>
  <material>
   Лен
  </material>
  <price>
   288490
  </price>
  <rating>
   1.91
  </rating>
  <reviews>
   526566
  </reviews>
  <sporty>
   yes
  </sporty>
 </clothing>
 <clothing>
  <id>
   343848969
  </id>
  <name>
   Reebok Blouse T-1374
  </name>
  <category>
   Blouse
  </category>
  <size>
   M
  </size>
  <color>
   Оранжевый
  </color>
  <material>
   Хлопок
  </material>
  <price>
   357850
  </price>
  <rating>
   3.64
  </rating>
  <reviews>
   877995
  </reviews>
  <exclusive>
   yes
  </exclusive>
  <sporty>
   yes
  </sporty>
 </clothing>
 <clothing>
  <id>
   412087171
  </id>
  <name>
   Converse Gloves C-7508
  </name>
  <category>
   Gloves
  </category>
  <size>
   M
  </size>
  <color>
   Синий
  </color>
  <material>
   Шелк
  </material>
  <price>
   636470
  </price>
  <rating>
   1.09
  </rating>
  <reviews>
   803294
  </reviews>
  <sporty>
   yes
  </sporty>
 </clothing>
 <clothing>
  <id>
   797741093
  </id>
  <name>
   Reebok Dress V-2251
  </name>
  <category>
   Dress
  </category>
  <size>
   L
  </size>
  <color>
   Синий
  </color>
  <material>
   Полиэстер
  </material>
  <price>
   565222
  </price>
  <rating>
   1.54
  </rating>
  <reviews>
   138919
  </reviews>
  <new>
   -
  </new>
  <exclusive>
   no
  </exclusive>
  <sporty>
   no
  </sporty>
 </clothing>
 <clothing>
  <id>
   568059021
  </id>
  <name>
   Addidas Jeans N-2815
  </name>
  <category>
   Jeans
  </category>
  <size>
   XL
  </size>
  <color>
   Фиолетовый
  </color>
  <material>
   Лен
  </material>
  <price>
   912601
  </price>
  <rating>
   2.5
  </rating>
  <reviews>
   911768
  </reviews>
  <new>
   -
  </new>
  <sporty>
   yes
  </sporty>
 </clothing>
 <clothing>
  <id>
   390798351
  </id>
  <name>
   Puma Belts Y-5444
  </name>
  <category>
   Belts
  </category>
  <size>
   XXL
  </size>
  <color>
   Оранжевый
  </color>
  <material>
   Лен
  </material>
  <price>
   732366
  </price>
  <rating>
   3.7
  </rating>
  <reviews>
   902832
  </reviews>
 </clothing>
 <clothing>
  <id>
   415894342
  </id>
  <name>
   Addidas Shoes O-1731
  </name>
  <category>
   Shoes
  </category>
  <size>
   L
  </size>
  <color>
   Красный
  </color>
  <material>
   Хлопок
  </material>
  <price>
   832001
  </price>
  <rating>
   1.83
  </rating>
  <reviews>
   665875
  </reviews>
  <new>
   +
  </new>
 </clothing>
 <clothing>
  <id>
   850957750
  </id>
  <name>
   Under Armour T-shirt Z-1404
  </name>
  <category>
   T-shirt
  </category>
  <size>
   S
  </size>
  <color>
   Голубой
  </color>
  <material>
   Кожа
  </material>
  <price>
   659055
  </price>
  <rating>
   1.74
  </rating>
  <reviews>
   727328
  </reviews>
  <new>
   +
  </new>
  <exclusive>
   no
  </exclusive>
  <sporty>
   yes
  </sporty>
 </clothing>
 <clothing>
  <id>
   274451377
  </id>
  <name>
   Fila Gloves W-7105
  </name>
  <category>
   Gloves
  </category>
  <size>
   S
  </size>
  <color>
   Голубой
  </color>
  <material>
   Хлопок
  </material>
  <price>
   574364
  </price>
  <rating>
   3.76
  </rating>
  <reviews>
   694104
  </reviews>
  <new>
   -
  </new>
  <sporty>
   no
  </sporty>
 </clothing>
 <clothing>
  <id>
   617189724
  </id>
  <name>
   New Balance Shoes H-4937
  </name>
  <category>
   Shoes
  </category>
  <size>
   XL
  </size>
  <color>
   Фиолетовый
  </color>
  <material>
   Кожа
  </material>
  <price>
   105082
  </price>
  <rating>
   3.56
  </rating>
  <reviews>
   720244
  </reviews>
  <new>
   -
  </new>
 </clothing>
 <clothing>
  <id>
   359041938
  </id>
  <name>
   Puma Socks B-4303
  </name>
  <category>
   Socks
  </category>
  <size>
   XL
  </size>
  <color>
   Синий
  </color>
  <material>
   Кожа
  </material>
  <price>
   330914
  </price>
  <rating>
   3.31
  </rating>
  <reviews>
   455137
  </reviews>
  <exclusive>
   no
  </exclusive>
 </clothing>
 <clothing>
  <id>
   547443206
  </id>
  <name>
   Addidas T-shirt O-3844
  </name>
  <category>
   T-shirt
  </category>
  <size>
   M
  </size>
  <color>
   Желтый
  </color>
  <material>
   Нейлон
  </material>
  <price>
   584783
  </price>
  <rating>
   4.89
  </rating>
  <reviews>
   305521
  </reviews>
  <new>
   +
  </new>
  <exclusive>
   yes
  </exclusive>
 </clothing>
 <clothing>
  <id>
   421937448
  </id>
  <name>
   DC Handbags T-2090
  </name>
  <category>
   Handbags
  </category>
  <size>
   XXL
  </size>
  <color>
   Фиолетовый
  </color>
  <material>
   Шелк
  </material>
  <price>
   833456
  </price>
  <rating>
   1.08
  </rating>
  <reviews>
   647065
  </reviews>
  <exclusive>
   yes
  </exclusive>
  <sporty>
   yes
  </sporty>
 </clothing>
 <clothing>
  <id>
   319414274
  </id>
  <name>
   Adidas Hat E-3743
  </name>
  <category>
   Hat
  </category>
  <size>
   S
  </size>
  <color>
   Голубой
  </color>
  <material>
   Лен
  </material>
  <price>
   595633
  </price>
  <rating>
   1.73
  </rating>
  <reviews>
   918054
  </reviews>
  <new>
   +
  </new>
  <exclusive>
   yes
  </exclusive>
  <sporty>
   no
  </sporty>
 </clothing>
 <clothing>
  <id>
   146272271
  </id>
  <name>
   Lacoste Jeans Q-5479
  </name>
  <category>
   Jeans
  </category>
  <size>
   L
  </size>
  <color>
   Зеленый
  </color>
  <material>
   Кожа
  </material>
  <price>
   477216
  </price>
  <rating>
   3.43
  </rating>
  <reviews>
   759518
  </reviews>
  <exclusive>
   yes
  </exclusive>
  <sporty>
   yes
  </sporty>
 </clothing>
 <clothing>
  <id>
   431671361
  </id>
  <name>
   Addidas Skirt X-6319
  </name>
  <category>
   Skirt
  </category>
  <size>
   XL
  </size>
  <color>
   Красный
  </color>
  <material>
   Нейлон
  </material>
  <price>
   808574
  </price>
  <rating>
   3.21
  </rating>
  <reviews>
   429373
  </reviews>
  <exclusive>
   no
  </exclusive>
  <sporty>
   no
  </sporty>
 </clothing>
</clothing-items>
