<?xml version="1.0" encoding="utf-8"?>
<clothing-items>
 <clothing>
  <id>
   127578511
  </id>
  <name>
   Nike Shirt G-6051
  </name>
  <category>
   Shirt
  </category>
  <size>
   XXL
  </size>
  <color>
   Синий
  </color>
  <material>
   Шерсть
  </material>
  <price>
   377460
  </price>
  <rating>
   4.44
  </rating>
  <reviews>
   394586
  </reviews>
  <exclusive>
   yes
  </exclusive>
  <sporty>
   no
  </sporty>
 </clothing>
 <clothing>
  <id>
   508100948
  </id>
  <name>
   DC T-shirt K-1860
  </name>
  <category>
   T-shirt
  </category>
  <size>
   XL
  </size>
  <color>
   Голубой
  </color>
  <material>
   Нейлон
  </material>
  <price>
   543019
  </price>
  <rating>
   1.41
  </rating>
  <reviews>
   438108
  </reviews>
  <new>
   +
  </new>
  <exclusive>
   yes
  </exclusive>
  <sporty>
   no
  </sporty>
 </clothing>
 <clothing>
  <id>
   343149922
  </id>
  <name>
   DC T-shirt O-2351
  </name>
  <category>
   T-shirt
  </category>
  <size>
   XL
  </size>
  <color>
   Оранжевый
  </color>
  <material>
   Шерсть
  </material>
  <price>
   509682
  </price>
  <rating>
   1.79
  </rating>
  <reviews>
   290606
  </reviews>
  <exclusive>
   no
  </exclusive>
  <sporty>
   no
  </sporty>
 </clothing>
 <clothing>
  <id>
   413209974
  </id>
  <name>
   Asics Handbags M-3298
  </name>
  <category>
   Handbags
  </category>
  <size>
   S
  </size>
  <color>
   Красный
  </color>
  <material>
   Нейлон
  </material>
  <price>
   188340
  </price>
  <rating>
   2.23
  </rating>
  <reviews>
   572912
  </reviews>
  <new>
   -
  </new>
  <sporty>
   no
  </sporty>
 </clothing>
 <clothing>
  <id>
   899069655
  </id>
  <name>
   PleinSport Dress Q-3097
  </name>
  <category>
   Dress
  </category>
  <size>
   L
  </size>
  <color>
   Красный
  </color>
  <material>
   Вискоза
  </material>
  <price>
   242846
  </price>
  <rating>
   3.39
  </rating>
  <reviews>
   199978
  </reviews>
  <new>
   -
  </new>
  <sporty>
   yes
  </sporty>
 </clothing>
 <clothing>
  <id>
   492206191
  </id>
  <name>
   Puma Dress M-5066
  </name>
  <category>
   Dress
  </category>
  <size>
   XXL
  </size>
  <color>
   Зеленый
  </color>
  <material>
   Шерсть
  </material>
  <price>
   634202
  </price>
  <rating>
   1.97
  </rating>
  <reviews>
   889349
  </reviews>
  <new>
   -
  </new>
  <sporty>
   yes
  </sporty>
 </clothing>
 <clothing>
  <id>
   210910141
  </id>
  <name>
   Under Armour T-shirt O-5499
  </name>
  <category>
   T-shirt
  </category>
  <size>
   XXL
  </size>
  <color>
   Фиолетовый
  </color>
  <material>
   Шелк
  </material>
  <price>
   640442
  </price>
  <rating>
   2.75
  </rating>
  <reviews>
   862597
  </reviews>
  <sporty>
   yes
  </sporty>
 </clothing>
 <clothing>
  <id>
   840861048
  </id>
  <name>
   Ellesse Sweater C-2016
  </name>
  <category>
   Sweater
  </category>
  <size>
   M
  </size>
  <color>
   Фиолетовый
  </color>
  <material>
   Хлопок
  </material>
  <price>
   893237
  </price>
  <rating>
   1.28
  </rating>
  <reviews>
   149592
  </reviews>
  <new>
   +
  </new>
  <exclusive>
   yes
  </exclusive>
  <sporty>
   no
  </sporty>
 </clothing>
 <clothing>
  <id>
   960909156
  </id>
  <name>
   Under Armour Jeans Y-3133
  </name>
  <category>
   Jeans
  </category>
  <size>
   XXL
  </size>
  <color>
   Синий
  </color>
  <material>
   Шерсть
  </material>
  <price>
   319457
  </price>
  <rating>
   4.81
  </rating>
  <reviews>
   230674
  </reviews>
  <new>
   -
  </new>
  <sporty>
   no
  </sporty>
 </clothing>
 <clothing>
  <id>
   596987588
  </id>
  <name>
   Brooks Sweater R-8941
  </name>
  <category>
   Sweater
  </category>
  <size>
   S
  </size>
  <color>
   Синий
  </color>
  <material>
   Лен
  </material>
  <price>
   348428
  </price>
  <rating>
   1.23
  </rating>
  <reviews>
   801632
  </reviews>
  <new>
   +
  </new>
  <exclusive>
   no
  </exclusive>
  <sporty>
   no
  </sporty>
 </clothing>
 <clothing>
  <id>
   654715193
  </id>
  <name>
   Converse Handbags Z-2737
  </name>
  <category>
   Handbags
  </category>
  <size>
   S
  </size>
  <color>
   Фиолетовый
  </color>
  <material>
   Шерсть
  </material>
  <price>
   727718
  </price>
  <rating>
   4.97
  </rating>
  <reviews>
   579452
  </reviews>
  <new>
   -
  </new>
  <exclusive>
   no
  </exclusive>
  <sporty>
   no
  </sporty>
 </clothing>
 <clothing>
  <id>
   802587977
  </id>
  <name>
   Under Armour Skirt W-5441
  </name>
  <category>
   Skirt
  </category>
  <size>
   M
  </size>
  <color>
   Синий
  </color>
  <material>
   Кожа
  </material>
  <price>
   246646
  </price>
  <rating>
   4.01
  </rating>
  <reviews>
   238412
  </reviews>
  <exclusive>
   no
  </exclusive>
 </clothing>
 <clothing>
  <id>
   671499122
  </id>
  <name>
   Under Armour Skirt C-6307
  </name>
  <category>
   Skirt
  </category>
  <size>
   XXL
  </size>
  <color>
   Зеленый
  </color>
  <material>
   Полиэстер
  </material>
  <price>
   371628
  </price>
  <rating>
   1.43
  </rating>
  <reviews>
   869736
  </reviews>
  <exclusive>
   no
  </exclusive>
 </clothing>
 <clothing>
  <id>
   230170297
  </id>
  <name>
   Reebok Umbrellas T-6105
  </name>
  <category>
   Umbrellas
  </category>
  <size>
   L
  </size>
  <color>
   Красный
  </color>
  <material>
   Полиэстер
  </material>
  <price>
   631538
  </price>
  <rating>
   3.95
  </rating>
  <reviews>
   6540
  </reviews>
  <exclusive>
   no
  </exclusive>
  <sporty>
   yes
  </sporty>
 </clothing>
 <clothing>
  <id>
   140981295
  </id>
  <name>
   Brooks Blouse Y-3107
  </name>
  <category>
   Blouse
  </category>
  <size>
   XXL
  </size>
  <color>
   Красный
  </color>
  <material>
   Лен
  </material>
  <price>
   619392
  </price>
  <rating>
   2.57
  </rating>
  <reviews>
   222520
  </reviews>
  <sporty>
   no
  </sporty>
 </clothing>
 <clothing>
  <id>
   252581828
  </id>
  <name>
   Converse Socks P-9333
  </name>
  <category>
   Socks
  </category>
  <size>
   XXL
  </size>
  <color>
   Оранжевый
  </color>
  <material>
   Вискоза
  </material>
  <price>
   665316
  </price>
  <rating>
   3.67
  </rating>
  <reviews>
   66938
  </reviews>
  <new>
   -
  </new>
 </clothing>
 <clothing>
  <id>
   493245541
  </id>
  <name>
   Converse Belts T-9818
  </name>
  <category>
   Belts
  </category>
  <size>
   L
  </size>
  <color>
   Синий
  </color>
  <material>
   Нейлон
  </material>
  <price>
   203860
  </price>
  <rating>
   4.64
  </rating>
  <reviews>
   89154
  </reviews>
  <new>
   +
  </new>
  <exclusive>
   yes
  </exclusive>
  <sporty>
   yes
  </sporty>
 </clothing>
 <clothing>
  <id>
   434475792
  </id>
  <name>
   Under Armour Pants S-1310
  </name>
  <category>
   Pants
  </category>
  <size>
   L
  </size>
  <color>
   Желтый
  </color>
  <material>
   Полиэстер
  </material>
  <price>
   242231
  </price>
  <rating>
   4.55
  </rating>
  <reviews>
   298372
  </reviews>
  <new>
   +
  </new>
  <exclusive>
   no
  </exclusive>
 </clothing>
 <clothing>
  <id>
   251945744
  </id>
  <name>
   Converse Umbrellas S-1695
  </name>
  <category>
   Umbrellas
  </category>
  <size>
   S
  </size>
  <color>
   Голубой
  </color>
  <material>
   Нейлон
  </material>
  <price>
   669457
  </price>
  <rating>
   1.38
  </rating>
  <reviews>
   67913
  </reviews>
  <new>
   +
  </new>
  <sporty>
   no
  </sporty>
 </clothing>
 <clothing>
  <id>
   151760902
  </id>
  <name>
   Vans Handbags V-9055
  </name>
  <category>
   Handbags
  </category>
  <size>
   XXL
  </size>
  <color>
   Желтый
  </color>
  <material>
   Хлопок
  </material>
  <price>
   922905
  </price>
  <rating>
   2.0
  </rating>
  <reviews>
   434255
  </reviews>
  <new>
   +
  </new>
  <sporty>
   yes
  </sporty>
 </clothing>
 <clothing>
  <id>
   192947565
  </id>
  <name>
   Vans Hat T-5990
  </name>
  <category>
   Hat
  </category>
  <size>
   L
  </size>
  <color>
   Фиолетовый
  </color>
  <material>
   Вискоза
  </material>
  <price>
   155369
  </price>
  <rating>
   4.34
  </rating>
  <reviews>
   825274
  </reviews>
  <new>
   -
  </new>
  <exclusive>
   no
  </exclusive>
 </clothing>
 <clothing>
  <id>
   623577500
  </id>
  <name>
   Nike T-shirt I-4240
  </name>
  <category>
   T-shirt
  </category>
  <size>
   S
  </size>
  <color>
   Зеленый
  </color>
  <material>
   Нейлон
  </material>
  <price>
   934211
  </price>
  <rating>
   4.5
  </rating>
  <reviews>
   251358
  </reviews>
  <sporty>
   yes
  </sporty>
 </clothing>
</clothing-items>
