<?xml version="1.0" encoding="utf-8"?>
<clothing-items>
 <clothing>
  <id>
   163201452
  </id>
  <name>
   Puma T-shirt F-9988
  </name>
  <category>
   T-shirt
  </category>
  <size>
   M
  </size>
  <color>
   Голубой
  </color>
  <material>
   Полиэстер
  </material>
  <price>
   253537
  </price>
  <rating>
   4.75
  </rating>
  <reviews>
   182291
  </reviews>
 </clothing>
 <clothing>
  <id>
   629291387
  </id>
  <name>
   New Balance Pants W-1129
  </name>
  <category>
   Pants
  </category>
  <size>
   XXL
  </size>
  <color>
   Желтый
  </color>
  <material>
   Вискоза
  </material>
  <price>
   436686
  </price>
  <rating>
   3.33
  </rating>
  <reviews>
   866888
  </reviews>
  <new>
   -
  </new>
  <exclusive>
   yes
  </exclusive>
 </clothing>
 <clothing>
  <id>
   652930355
  </id>
  <name>
   PleinSport Shoes A-4283
  </name>
  <category>
   Shoes
  </category>
  <size>
   M
  </size>
  <color>
   Зеленый
  </color>
  <material>
   Вискоза
  </material>
  <price>
   373160
  </price>
  <rating>
   1.79
  </rating>
  <reviews>
   929216
  </reviews>
  <new>
   +
  </new>
  <exclusive>
   yes
  </exclusive>
  <sporty>
   no
  </sporty>
 </clothing>
 <clothing>
  <id>
   183431955
  </id>
  <name>
   PleinSport Umbrellas H-7520
  </name>
  <category>
   Umbrellas
  </category>
  <size>
   M
  </size>
  <color>
   Голубой
  </color>
  <material>
   Полиэстер
  </material>
  <price>
   295698
  </price>
  <rating>
   3.88
  </rating>
  <reviews>
   492563
  </reviews>
  <new>
   -
  </new>
  <sporty>
   yes
  </sporty>
 </clothing>
 <clothing>
  <id>
   988718543
  </id>
  <name>
   Adidas Sweater E-5350
  </name>
  <category>
   Sweater
  </category>
  <size>
   L
  </size>
  <color>
   Желтый
  </color>
  <material>
   Нейлон
  </material>
  <price>
   102994
  </price>
  <rating>
   2.03
  </rating>
  <reviews>
   43798
  </reviews>
  <new>
   +
  </new>
  <exclusive>
   no
  </exclusive>
 </clothing>
 <clothing>
  <id>
   419002719
  </id>
  <name>
   Addidas Dress V-9121
  </name>
  <category>
   Dress
  </category>
  <size>
   XXL
  </size>
  <color>
   Оранжевый
  </color>
  <material>
   Полиэстер
  </material>
  <price>
   368056
  </price>
  <rating>
   2.41
  </rating>
  <reviews>
   198265
  </reviews>
  <exclusive>
   no
  </exclusive>
 </clothing>
 <clothing>
  <id>
   437898607
  </id>
  <name>
   Fila Umbrellas W-9702
  </name>
  <category>
   Umbrellas
  </category>
  <size>
   XL
  </size>
  <color>
   Красный
  </color>
  <material>
   Шелк
  </material>
  <price>
   227053
  </price>
  <rating>
   2.35
  </rating>
  <reviews>
   819684
  </reviews>
  <new>
   -
  </new>
  <exclusive>
   no
  </exclusive>
  <sporty>
   no
  </sporty>
 </clothing>
 <clothing>
  <id>
   690245038
  </id>
  <name>
   Under Armour Sweater B-5742
  </name>
  <category>
   Sweater
  </category>
  <size>
   L
  </size>
  <color>
   Зеленый
  </color>
  <material>
   Полиэстер
  </material>
  <price>
   354028
  </price>
  <rating>
   2.72
  </rating>
  <reviews>
   849474
  </reviews>
  <exclusive>
   yes
  </exclusive>
  <sporty>
   no
  </sporty>
 </clothing>
 <clothing>
  <id>
   865823081
  </id>
  <name>
   Ellesse Umbrellas Z-5556
  </name>
  <category>
   Umbrellas
  </category>
  <size>
   XXL
  </size>
  <color>
   Голубой
  </color>
  <material>
   Хлопок
  </material>
  <price>
   516575
  </price>
  <rating>
   3.98
  </rating>
  <reviews>
   127463
  </reviews>
  <new>
   +
  </new>
  <exclusive>
   yes
  </exclusive>
 </clothing>
 <clothing>
  <id>
   527466421
  </id>
  <name>
   Puma Umbrellas P-9335
  </name>
  <category>
   Umbrellas
  </category>
  <size>
   XXL
  </size>
  <color>
   Голубой
  </color>
  <material>
   Полиэстер
  </material>
  <price>
   331820
  </price>
  <rating>
   4.06
  </rating>
  <reviews>
   717744
  </reviews>
  <new>
   +
  </new>
 </clothing>
 <clothing>
  <id>
   237951605
  </id>
  <name>
   Nike Socks N-3493
  </name>
  <category>
   Socks
  </category>
  <size>
   XXL
  </size>
  <color>
   Желтый
  </color>
  <material>
   Лен
  </material>
  <price>
   531789
  </price>
  <rating>
   3.07
  </rating>
  <reviews>
   416213
  </reviews>
  <new>
   -
  </new>
 </clothing>
 <clothing>
  <id>
   138942144
  </id>
  <name>
   Ellesse Umbrellas S-4720
  </name>
  <category>
   Umbrellas
  </category>
  <size>
   S
  </size>
  <color>
   Красный
  </color>
  <material>
   Шерсть
  </material>
  <price>
   600653
  </price>
  <rating>
   3.39
  </rating>
  <reviews>
   590607
  </reviews>
  <new>
   -
  </new>
  <sporty>
   yes
  </sporty>
 </clothing>
</clothing-items>
