<?xml version="1.0" encoding="utf-8"?>
<clothing-items>
 <clothing>
  <id>
   108686450
  </id>
  <name>
   Addidas Dress W-4719
  </name>
  <category>
   Dress
  </category>
  <size>
   S
  </size>
  <color>
   Красный
  </color>
  <material>
   Кожа
  </material>
  <price>
   576442
  </price>
  <rating>
   3.37
  </rating>
  <reviews>
   840139
  </reviews>
 </clothing>
 <clothing>
  <id>
   397640167
  </id>
  <name>
   PleinSport Belts E-2523
  </name>
  <category>
   Belts
  </category>
  <size>
   XXL
  </size>
  <color>
   Фиолетовый
  </color>
  <material>
   Хлопок
  </material>
  <price>
   466355
  </price>
  <rating>
   2.73
  </rating>
  <reviews>
   229491
  </reviews>
  <exclusive>
   no
  </exclusive>
  <sporty>
   no
  </sporty>
 </clothing>
 <clothing>
  <id>
   852339546
  </id>
  <name>
   Converse Dress S-6901
  </name>
  <category>
   Dress
  </category>
  <size>
   S
  </size>
  <color>
   Фиолетовый
  </color>
  <material>
   Шелк
  </material>
  <price>
   681213
  </price>
  <rating>
   1.5
  </rating>
  <reviews>
   140260
  </reviews>
  <exclusive>
   no
  </exclusive>
 </clothing>
 <clothing>
  <id>
   741796769
  </id>
  <name>
   Nike Skirt Q-5462
  </name>
  <category>
   Skirt
  </category>
  <size>
   S
  </size>
  <color>
   Желтый
  </color>
  <material>
   Шелк
  </material>
  <price>
   203764
  </price>
  <rating>
   2.68
  </rating>
  <reviews>
   418682
  </reviews>
 </clothing>
 <clothing>
  <id>
   792663613
  </id>
  <name>
   DC Socks H-9887
  </name>
  <category>
   Socks
  </category>
  <size>
   XXL
  </size>
  <color>
   Фиолетовый
  </color>
  <material>
   Полиэстер
  </material>
  <price>
   549749
  </price>
  <rating>
   4.05
  </rating>
  <reviews>
   374293
  </reviews>
  <new>
   +
  </new>
  <exclusive>
   no
  </exclusive>
  <sporty>
   yes
  </sporty>
 </clothing>
 <clothing>
  <id>
   770076584
  </id>
  <name>
   Fila T-shirt L-2302
  </name>
  <category>
   T-shirt
  </category>
  <size>
   S
  </size>
  <color>
   Синий
  </color>
  <material>
   Шелк
  </material>
  <price>
   898024
  </price>
  <rating>
   1.42
  </rating>
  <reviews>
   570802
  </reviews>
  <new>
   -
  </new>
  <exclusive>
   yes
  </exclusive>
 </clothing>
 <clothing>
  <id>
   363251858
  </id>
  <name>
   New Balance Jeans M-7945
  </name>
  <category>
   Jeans
  </category>
  <size>
   S
  </size>
  <color>
   Фиолетовый
  </color>
  <material>
   Полиэстер
  </material>
  <price>
   546900
  </price>
  <rating>
   1.29
  </rating>
  <reviews>
   881115
  </reviews>
  <new>
   -
  </new>
  <sporty>
   no
  </sporty>
 </clothing>
 <clothing>
  <id>
   815930478
  </id>
  <name>
   Lacoste Shirt M-7609
  </name>
  <category>
   Shirt
  </category>
  <size>
   S
  </size>
  <color>
   Оранжевый
  </color>
  <material>
   Кожа
  </material>
  <price>
   175572
  </price>
  <rating>
   1.35
  </rating>
  <reviews>
   744607
  </reviews>
  <exclusive>
   yes
  </exclusive>
  <sporty>
   yes
  </sporty>
 </clothing>
 <clothing>
  <id>
   938709596
  </id>
  <name>
   Vans Handbags B-7504
  </name>
  <category>
   Handbags
  </category>
  <size>
   L
  </size>
  <color>
   Зеленый
  </color>
  <material>
   Полиэстер
  </material>
  <price>
   412224
  </price>
  <rating>
   1.5
  </rating>
  <reviews>
   981282
  </reviews>
  <new>
   -
  </new>
  <exclusive>
   yes
  </exclusive>
  <sporty>
   yes
  </sporty>
 </clothing>
 <clothing>
  <id>
   553154679
  </id>
  <name>
   Puma Shoes S-8693
  </name>
  <category>
   Shoes
  </category>
  <size>
   L
  </size>
  <color>
   Красный
  </color>
  <material>
   Вискоза
  </material>
  <price>
   866072
  </price>
  <rating>
   4.42
  </rating>
  <reviews>
   10019
  </reviews>
  <exclusive>
   yes
  </exclusive>
  <sporty>
   no
  </sporty>
 </clothing>
 <clothing>
  <id>
   190051045
  </id>
  <name>
   Adidas Pants K-4778
  </name>
  <category>
   Pants
  </category>
  <size>
   XXL
  </size>
  <color>
   Голубой
  </color>
  <material>
   Полиэстер
  </material>
  <price>
   812590
  </price>
  <rating>
   1.68
  </rating>
  <reviews>
   359949
  </reviews>
  <exclusive>
   yes
  </exclusive>
  <sporty>
   yes
  </sporty>
 </clothing>
 <clothing>
  <id>
   386296391
  </id>
  <name>
   Fila Dress X-8710
  </name>
  <category>
   Dress
  </category>
  <size>
   S
  </size>
  <color>
   Фиолетовый
  </color>
  <material>
   Лен
  </material>
  <price>
   170643
  </price>
  <rating>
   3.34
  </rating>
  <reviews>
   438548
  </reviews>
  <new>
   -
  </new>
  <sporty>
   no
  </sporty>
 </clothing>
 <clothing>
  <id>
   795227535
  </id>
  <name>
   Ellesse Belts Z-6347
  </name>
  <category>
   Belts
  </category>
  <size>
   XXL
  </size>
  <color>
   Голубой
  </color>
  <material>
   Шелк
  </material>
  <price>
   944791
  </price>
  <rating>
   3.88
  </rating>
  <reviews>
   618298
  </reviews>
  <new>
   +
  </new>
  <exclusive>
   no
  </exclusive>
  <sporty>
   yes
  </sporty>
 </clothing>
 <clothing>
  <id>
   339113004
  </id>
  <name>
   New Balance Socks G-1981
  </name>
  <category>
   Socks
  </category>
  <size>
   XL
  </size>
  <color>
   Желтый
  </color>
  <material>
   Нейлон
  </material>
  <price>
   280837
  </price>
  <rating>
   2.73
  </rating>
  <reviews>
   748305
  </reviews>
  <exclusive>
   yes
  </exclusive>
 </clothing>
 <clothing>
  <id>
   971578024
  </id>
  <name>
   Converse Jacket O-8152
  </name>
  <category>
   Jacket
  </category>
  <size>
   L
  </size>
  <color>
   Голубой
  </color>
  <material>
   Лен
  </material>
  <price>
   914208
  </price>
  <rating>
   4.9
  </rating>
  <reviews>
   92947
  </reviews>
  <sporty>
   no
  </sporty>
 </clothing>
 <clothing>
  <id>
   231057044
  </id>
  <name>
   Brooks Hat E-7102
  </name>
  <category>
   Hat
  </category>
  <size>
   XXL
  </size>
  <color>
   Оранжевый
  </color>
  <material>
   Вискоза
  </material>
  <price>
   551319
  </price>
  <rating>
   1.08
  </rating>
  <reviews>
   678512
  </reviews>
  <exclusive>
   yes
  </exclusive>
  <sporty>
   no
  </sporty>
 </clothing>
</clothing-items>
