<?xml version="1.0" encoding="utf-8"?>
<clothing-items>
 <clothing>
  <id>
   848877213
  </id>
  <name>
   Brooks Sweater U-5437
  </name>
  <category>
   Sweater
  </category>
  <size>
   M
  </size>
  <color>
   Фиолетовый
  </color>
  <material>
   Вискоза
  </material>
  <price>
   239391
  </price>
  <rating>
   1.13
  </rating>
  <reviews>
   763816
  </reviews>
 </clothing>
 <clothing>
  <id>
   714534579
  </id>
  <name>
   Converse T-shirt G-1911
  </name>
  <category>
   T-shirt
  </category>
  <size>
   S
  </size>
  <color>
   Голубой
  </color>
  <material>
   Вискоза
  </material>
  <price>
   783135
  </price>
  <rating>
   4.79
  </rating>
  <reviews>
   564593
  </reviews>
  <new>
   -
  </new>
  <exclusive>
   yes
  </exclusive>
  <sporty>
   no
  </sporty>
 </clothing>
 <clothing>
  <id>
   759728142
  </id>
  <name>
   Vans Sweater O-9491
  </name>
  <category>
   Sweater
  </category>
  <size>
   M
  </size>
  <color>
   Голубой
  </color>
  <material>
   Хлопок
  </material>
  <price>
   412507
  </price>
  <rating>
   3.5
  </rating>
  <reviews>
   133055
  </reviews>
  <exclusive>
   no
  </exclusive>
  <sporty>
   yes
  </sporty>
 </clothing>
 <clothing>
  <id>
   810210674
  </id>
  <name>
   PleinSport Jacket O-6829
  </name>
  <category>
   Jacket
  </category>
  <size>
   L
  </size>
  <color>
   Желтый
  </color>
  <material>
   Кожа
  </material>
  <price>
   711152
  </price>
  <rating>
   3.1
  </rating>
  <reviews>
   208450
  </reviews>
  <new>
   -
  </new>
  <exclusive>
   no
  </exclusive>
  <sporty>
   no
  </sporty>
 </clothing>
 <clothing>
  <id>
   238627203
  </id>
  <name>
   Reebok Handbags N-2267
  </name>
  <category>
   Handbags
  </category>
  <size>
   XL
  </size>
  <color>
   Желтый
  </color>
  <material>
   Нейлон
  </material>
  <price>
   549146
  </price>
  <rating>
   1.39
  </rating>
  <reviews>
   557351
  </reviews>
  <new>
   +
  </new>
 </clothing>
 <clothing>
  <id>
   425018156
  </id>
  <name>
   Lacoste Skirt S-1173
  </name>
  <category>
   Skirt
  </category>
  <size>
   M
  </size>
  <color>
   Оранжевый
  </color>
  <material>
   Вискоза
  </material>
  <price>
   671740
  </price>
  <rating>
   2.42
  </rating>
  <reviews>
   329492
  </reviews>
  <exclusive>
   yes
  </exclusive>
  <sporty>
   yes
  </sporty>
 </clothing>
 <clothing>
  <id>
   126920421
  </id>
  <name>
   PleinSport Pants W-9891
  </name>
  <category>
   Pants
  </category>
  <size>
   XL
  </size>
  <color>
   Синий
  </color>
  <material>
   Шерсть
  </material>
  <price>
   569242
  </price>
  <rating>
   2.49
  </rating>
  <reviews>
   692816
  </reviews>
  <sporty>
   no
  </sporty>
 </clothing>
 <clothing>
  <id>
   462010386
  </id>
  <name>
   Ellesse Handbags S-4065
  </name>
  <category>
   Handbags
  </category>
  <size>
   S
  </size>
  <color>
   Красный
  </color>
  <material>
   Вискоза
  </material>
  <price>
   457816
  </price>
  <rating>
   3.2
  </rating>
  <reviews>
   958857
  </reviews>
  <new>
   +
  </new>
  <exclusive>
   no
  </exclusive>
  <sporty>
   no
  </sporty>
 </clothing>
 <clothing>
  <id>
   416208000
  </id>
  <name>
   DC Jacket D-1711
  </name>
  <category>
   Jacket
  </category>
  <size>
   M
  </size>
  <color>
   Желтый
  </color>
  <material>
   Шерсть
  </material>
  <price>
   922568
  </price>
  <rating>
   2.95
  </rating>
  <reviews>
   661071
  </reviews>
  <exclusive>
   no
  </exclusive>
  <sporty>
   no
  </sporty>
 </clothing>
 <clothing>
  <id>
   767715418
  </id>
  <name>
   Asics Socks X-5142
  </name>
  <category>
   Socks
  </category>
  <size>
   S
  </size>
  <color>
   Красный
  </color>
  <material>
   Полиэстер
  </material>
  <price>
   783931
  </price>
  <rating>
   1.47
  </rating>
  <reviews>
   583584
  </reviews>
  <new>
   -
  </new>
  <exclusive>
   yes
  </exclusive>
  <sporty>
   no
  </sporty>
 </clothing>
 <clothing>
  <id>
   385028306
  </id>
  <name>
   Puma Jeans K-6067
  </name>
  <category>
   Jeans
  </category>
  <size>
   S
  </size>
  <color>
   Фиолетовый
  </color>
  <material>
   Шерсть
  </material>
  <price>
   378421
  </price>
  <rating>
   3.96
  </rating>
  <reviews>
   48332
  </reviews>
  <sporty>
   no
  </sporty>
 </clothing>
 <clothing>
  <id>
   877687573
  </id>
  <name>
   Puma Shirt V-9620
  </name>
  <category>
   Shirt
  </category>
  <size>
   XL
  </size>
  <color>
   Оранжевый
  </color>
  <material>
   Нейлон
  </material>
  <price>
   907974
  </price>
  <rating>
   4.08
  </rating>
  <reviews>
   572233
  </reviews>
  <exclusive>
   no
  </exclusive>
 </clothing>
 <clothing>
  <id>
   998424814
  </id>
  <name>
   Ellesse Handbags K-5249
  </name>
  <category>
   Handbags
  </category>
  <size>
   XL
  </size>
  <color>
   Желтый
  </color>
  <material>
   Полиэстер
  </material>
  <price>
   479217
  </price>
  <rating>
   3.72
  </rating>
  <reviews>
   806966
  </reviews>
  <exclusive>
   yes
  </exclusive>
  <sporty>
   no
  </sporty>
 </clothing>
 <clothing>
  <id>
   105916326
  </id>
  <name>
   New Balance Shirt F-8707
  </name>
  <category>
   Shirt
  </category>
  <size>
   S
  </size>
  <color>
   Голубой
  </color>
  <material>
   Полиэстер
  </material>
  <price>
   216920
  </price>
  <rating>
   2.56
  </rating>
  <reviews>
   708482
  </reviews>
 </clothing>
 <clothing>
  <id>
   725025561
  </id>
  <name>
   Vans Umbrellas F-9180
  </name>
  <category>
   Umbrellas
  </category>
  <size>
   S
  </size>
  <color>
   Зеленый
  </color>
  <material>
   Кожа
  </material>
  <price>
   340245
  </price>
  <rating>
   2.13
  </rating>
  <reviews>
   889423
  </reviews>
  <new>
   -
  </new>
 </clothing>
 <clothing>
  <id>
   497738025
  </id>
  <name>
   Asics Shoes Z-1724
  </name>
  <category>
   Shoes
  </category>
  <size>
   M
  </size>
  <color>
   Желтый
  </color>
  <material>
   Полиэстер
  </material>
  <price>
   280237
  </price>
  <rating>
   4.86
  </rating>
  <reviews>
   815888
  </reviews>
  <exclusive>
   no
  </exclusive>
 </clothing>
 <clothing>
  <id>
   623482475
  </id>
  <name>
   Brooks T-shirt M-4523
  </name>
  <category>
   T-shirt
  </category>
  <size>
   L
  </size>
  <color>
   Зеленый
  </color>
  <material>
   Полиэстер
  </material>
  <price>
   533197
  </price>
  <rating>
   1.84
  </rating>
  <reviews>
   414203
  </reviews>
  <exclusive>
   yes
  </exclusive>
 </clothing>
 <clothing>
  <id>
   344452931
  </id>
  <name>
   Converse Socks S-3497
  </name>
  <category>
   Socks
  </category>
  <size>
   L
  </size>
  <color>
   Голубой
  </color>
  <material>
   Хлопок
  </material>
  <price>
   957593
  </price>
  <rating>
   4.08
  </rating>
  <reviews>
   674403
  </reviews>
  <exclusive>
   yes
  </exclusive>
 </clothing>
 <clothing>
  <id>
   581433250
  </id>
  <name>
   Fila Shoes A-4989
  </name>
  <category>
   Shoes
  </category>
  <size>
   L
  </size>
  <color>
   Голубой
  </color>
  <material>
   Хлопок
  </material>
  <price>
   471277
  </price>
  <rating>
   1.23
  </rating>
  <reviews>
   230359
  </reviews>
  <exclusive>
   yes
  </exclusive>
 </clothing>
 <clothing>
  <id>
   606588232
  </id>
  <name>
   PleinSport Hat K-5027
  </name>
  <category>
   Hat
  </category>
  <size>
   L
  </size>
  <color>
   Голубой
  </color>
  <material>
   Шелк
  </material>
  <price>
   134110
  </price>
  <rating>
   4.08
  </rating>
  <reviews>
   381394
  </reviews>
  <new>
   +
  </new>
  <exclusive>
   yes
  </exclusive>
  <sporty>
   no
  </sporty>
 </clothing>
 <clothing>
  <id>
   939526181
  </id>
  <name>
   Lacoste Belts V-8698
  </name>
  <category>
   Belts
  </category>
  <size>
   L
  </size>
  <color>
   Зеленый
  </color>
  <material>
   Шерсть
  </material>
  <price>
   724764
  </price>
  <rating>
   1.87
  </rating>
  <reviews>
   978030
  </reviews>
  <new>
   +
  </new>
  <exclusive>
   no
  </exclusive>
  <sporty>
   no
  </sporty>
 </clothing>
 <clothing>
  <id>
   751516499
  </id>
  <name>
   New Balance Pants Q-9193
  </name>
  <category>
   Pants
  </category>
  <size>
   L
  </size>
  <color>
   Зеленый
  </color>
  <material>
   Кожа
  </material>
  <price>
   309874
  </price>
  <rating>
   2.28
  </rating>
  <reviews>
   859166
  </reviews>
  <new>
   -
  </new>
  <exclusive>
   no
  </exclusive>
 </clothing>
 <clothing>
  <id>
   439046897
  </id>
  <name>
   Adidas Blouse R-1157
  </name>
  <category>
   Blouse
  </category>
  <size>
   XXL
  </size>
  <color>
   Желтый
  </color>
  <material>
   Полиэстер
  </material>
  <price>
   328444
  </price>
  <rating>
   1.28
  </rating>
  <reviews>
   437280
  </reviews>
  <new>
   -
  </new>
  <exclusive>
   no
  </exclusive>
 </clothing>
 <clothing>
  <id>
   501041056
  </id>
  <name>
   Reebok Skirt K-7897
  </name>
  <category>
   Skirt
  </category>
  <size>
   XL
  </size>
  <color>
   Красный
  </color>
  <material>
   Вискоза
  </material>
  <price>
   188152
  </price>
  <rating>
   4.56
  </rating>
  <reviews>
   678493
  </reviews>
  <new>
   +
  </new>
  <exclusive>
   no
  </exclusive>
 </clothing>
 <clothing>
  <id>
   574759825
  </id>
  <name>
   Fila Sweater Z-6845
  </name>
  <category>
   Sweater
  </category>
  <size>
   M
  </size>
  <color>
   Голубой
  </color>
  <material>
   Шерсть
  </material>
  <price>
   258521
  </price>
  <rating>
   3.06
  </rating>
  <reviews>
   619005
  </reviews>
  <new>
   -
  </new>
  <exclusive>
   no
  </exclusive>
  <sporty>
   no
  </sporty>
 </clothing>
 <clothing>
  <id>
   427180408
  </id>
  <name>
   Adidas Belts J-3022
  </name>
  <category>
   Belts
  </category>
  <size>
   L
  </size>
  <color>
   Оранжевый
  </color>
  <material>
   Шерсть
  </material>
  <price>
   904436
  </price>
  <rating>
   2.9
  </rating>
  <reviews>
   389658
  </reviews>
 </clothing>
 <clothing>
  <id>
   253957866
  </id>
  <name>
   Addidas Skirt U-6579
  </name>
  <category>
   Skirt
  </category>
  <size>
   XXL
  </size>
  <color>
   Красный
  </color>
  <material>
   Хлопок
  </material>
  <price>
   747885
  </price>
  <rating>
   2.52
  </rating>
  <reviews>
   703619
  </reviews>
  <new>
   -
  </new>
  <exclusive>
   no
  </exclusive>
 </clothing>
 <clothing>
  <id>
   815690287
  </id>
  <name>
   Addidas Handbags C-3125
  </name>
  <category>
   Handbags
  </category>
  <size>
   XXL
  </size>
  <color>
   Синий
  </color>
  <material>
   Шерсть
  </material>
  <price>
   106997
  </price>
  <rating>
   1.59
  </rating>
  <reviews>
   969359
  </reviews>
  <new>
   +
  </new>
 </clothing>
 <clothing>
  <id>
   465363283
  </id>
  <name>
   DC Belts Q-9138
  </name>
  <category>
   Belts
  </category>
  <size>
   XL
  </size>
  <color>
   Красный
  </color>
  <material>
   Вискоза
  </material>
  <price>
   837397
  </price>
  <rating>
   2.53
  </rating>
  <reviews>
   572868
  </reviews>
  <exclusive>
   yes
  </exclusive>
  <sporty>
   no
  </sporty>
 </clothing>
 <clothing>
  <id>
   547995700
  </id>
  <name>
   Ellesse Socks X-7886
  </name>
  <category>
   Socks
  </category>
  <size>
   L
  </size>
  <color>
   Красный
  </color>
  <material>
   Лен
  </material>
  <price>
   385486
  </price>
  <rating>
   1.26
  </rating>
  <reviews>
   30686
  </reviews>
  <new>
   +
  </new>
  <sporty>
   no
  </sporty>
 </clothing>
 <clothing>
  <id>
   211219304
  </id>
  <name>
   DC Handbags O-1731
  </name>
  <category>
   Handbags
  </category>
  <size>
   M
  </size>
  <color>
   Голубой
  </color>
  <material>
   Шерсть
  </material>
  <price>
   707828
  </price>
  <rating>
   1.38
  </rating>
  <reviews>
   175285
  </reviews>
  <sporty>
   no
  </sporty>
 </clothing>
 <clothing>
  <id>
   414105979
  </id>
  <name>
   Brooks Pants J-6582
  </name>
  <category>
   Pants
  </category>
  <size>
   XL
  </size>
  <color>
   Желтый
  </color>
  <material>
   Нейлон
  </material>
  <price>
   122660
  </price>
  <rating>
   4.81
  </rating>
  <reviews>
   131914
  </reviews>
  <exclusive>
   yes
  </exclusive>
  <sporty>
   no
  </sporty>
 </clothing>
 <clothing>
  <id>
   380855861
  </id>
  <name>
   Reebok Pants Z-3632
  </name>
  <category>
   Pants
  </category>
  <size>
   M
  </size>
  <color>
   Фиолетовый
  </color>
  <material>
   Нейлон
  </material>
  <price>
   502857
  </price>
  <rating>
   2.99
  </rating>
  <reviews>
   29177
  </reviews>
  <exclusive>
   yes
  </exclusive>
  <sporty>
   no
  </sporty>
 </clothing>
 <clothing>
  <id>
   895457409
  </id>
  <name>
   Asics Dress B-3731
  </name>
  <category>
   Dress
  </category>
  <size>
   S
  </size>
  <color>
   Голубой
  </color>
  <material>
   Шелк
  </material>
  <price>
   417195
  </price>
  <rating>
   2.19
  </rating>
  <reviews>
   552187
  </reviews>
  <new>
   -
  </new>
  <exclusive>
   yes
  </exclusive>
 </clothing>
 <clothing>
  <id>
   627362063
  </id>
  <name>
   Nike Handbags U-8132
  </name>
  <category>
   Handbags
  </category>
  <size>
   XXL
  </size>
  <color>
   Голубой
  </color>
  <material>
   Шерсть
  </material>
  <price>
   820214
  </price>
  <rating>
   1.26
  </rating>
  <reviews>
   169926
  </reviews>
  <new>
   -
  </new>
  <exclusive>
   yes
  </exclusive>
  <sporty>
   no
  </sporty>
 </clothing>
 <clothing>
  <id>
   994104975
  </id>
  <name>
   Converse Jeans U-6670
  </name>
  <category>
   Jeans
  </category>
  <size>
   XXL
  </size>
  <color>
   Голубой
  </color>
  <material>
   Шелк
  </material>
  <price>
   378873
  </price>
  <rating>
   3.18
  </rating>
  <reviews>
   97056
  </reviews>
  <new>
   +
  </new>
  <sporty>
   yes
  </sporty>
 </clothing>
 <clothing>
  <id>
   272062002
  </id>
  <name>
   New Balance Pants N-1729
  </name>
  <category>
   Pants
  </category>
  <size>
   L
  </size>
  <color>
   Фиолетовый
  </color>
  <material>
   Хлопок
  </material>
  <price>
   484982
  </price>
  <rating>
   3.11
  </rating>
  <reviews>
   940044
  </reviews>
  <new>
   -
  </new>
  <exclusive>
   no
  </exclusive>
  <sporty>
   yes
  </sporty>
 </clothing>
 <clothing>
  <id>
   417317823
  </id>
  <name>
   Lacoste Shirt L-2697
  </name>
  <category>
   Shirt
  </category>
  <size>
   XXL
  </size>
  <color>
   Синий
  </color>
  <material>
   Шелк
  </material>
  <price>
   845672
  </price>
  <rating>
   3.95
  </rating>
  <reviews>
   322200
  </reviews>
  <new>
   -
  </new>
  <sporty>
   yes
  </sporty>
 </clothing>
 <clothing>
  <id>
   209199949
  </id>
  <name>
   Adidas Handbags F-9005
  </name>
  <category>
   Handbags
  </category>
  <size>
   M
  </size>
  <color>
   Синий
  </color>
  <material>
   Нейлон
  </material>
  <price>
   931522
  </price>
  <rating>
   2.94
  </rating>
  <reviews>
   764754
  </reviews>
  <sporty>
   yes
  </sporty>
 </clothing>
 <clothing>
  <id>
   322516405
  </id>
  <name>
   Brooks Socks E-9882
  </name>
  <category>
   Socks
  </category>
  <size>
   M
  </size>
  <color>
   Синий
  </color>
  <material>
   Нейлон
  </material>
  <price>
   936673
  </price>
  <rating>
   1.83
  </rating>
  <reviews>
   966979
  </reviews>
  <new>
   -
  </new>
 </clothing>
 <clothing>
  <id>
   535924364
  </id>
  <name>
   Under Armour Handbags V-6879
  </name>
  <category>
   Handbags
  </category>
  <size>
   M
  </size>
  <color>
   Желтый
  </color>
  <material>
   Шелк
  </material>
  <price>
   233180
  </price>
  <rating>
   1.93
  </rating>
  <reviews>
   551015
  </reviews>
  <new>
   -
  </new>
  <sporty>
   no
  </sporty>
 </clothing>
 <clothing>
  <id>
   747269170
  </id>
  <name>
   Under Armour Jeans Z-4828
  </name>
  <category>
   Jeans
  </category>
  <size>
   XXL
  </size>
  <color>
   Красный
  </color>
  <material>
   Хлопок
  </material>
  <price>
   525950
  </price>
  <rating>
   3.4
  </rating>
  <reviews>
   870266
  </reviews>
  <sporty>
   yes
  </sporty>
 </clothing>
 <clothing>
  <id>
   797763180
  </id>
  <name>
   Ellesse Socks S-5991
  </name>
  <category>
   Socks
  </category>
  <size>
   L
  </size>
  <color>
   Желтый
  </color>
  <material>
   Лен
  </material>
  <price>
   237925
  </price>
  <rating>
   1.34
  </rating>
  <reviews>
   431441
  </reviews>
  <new>
   +
  </new>
  <exclusive>
   no
  </exclusive>
 </clothing>
 <clothing>
  <id>
   873813004
  </id>
  <name>
   Fila Blouse A-8382
  </name>
  <category>
   Blouse
  </category>
  <size>
   XXL
  </size>
  <color>
   Желтый
  </color>
  <material>
   Нейлон
  </material>
  <price>
   216695
  </price>
  <rating>
   1.59
  </rating>
  <reviews>
   476591
  </reviews>
  <exclusive>
   no
  </exclusive>
  <sporty>
   no
  </sporty>
 </clothing>
</clothing-items>
