<?xml version="1.0" encoding="utf-8"?>
<clothing-items>
 <clothing>
  <id>
   205362783
  </id>
  <name>
   Puma Socks Z-1298
  </name>
  <category>
   Socks
  </category>
  <size>
   XL
  </size>
  <color>
   Красный
  </color>
  <material>
   Шелк
  </material>
  <price>
   338278
  </price>
  <rating>
   2.32
  </rating>
  <reviews>
   366227
  </reviews>
  <new>
   -
  </new>
  <sporty>
   yes
  </sporty>
 </clothing>
 <clothing>
  <id>
   673713053
  </id>
  <name>
   Ellesse Hat L-8728
  </name>
  <category>
   Hat
  </category>
  <size>
   L
  </size>
  <color>
   Зеленый
  </color>
  <material>
   Вискоза
  </material>
  <price>
   526154
  </price>
  <rating>
   4.22
  </rating>
  <reviews>
   373069
  </reviews>
  <new>
   +
  </new>
  <exclusive>
   yes
  </exclusive>
 </clothing>
 <clothing>
  <id>
   743638621
  </id>
  <name>
   Ellesse Blouse Q-2142
  </name>
  <category>
   Blouse
  </category>
  <size>
   S
  </size>
  <color>
   Синий
  </color>
  <material>
   Шерсть
  </material>
  <price>
   899444
  </price>
  <rating>
   3.68
  </rating>
  <reviews>
   895834
  </reviews>
  <new>
   -
  </new>
  <exclusive>
   no
  </exclusive>
  <sporty>
   no
  </sporty>
 </clothing>
 <clothing>
  <id>
   273722827
  </id>
  <name>
   Under Armour Shirt H-4997
  </name>
  <category>
   Shirt
  </category>
  <size>
   L
  </size>
  <color>
   Синий
  </color>
  <material>
   Нейлон
  </material>
  <price>
   906408
  </price>
  <rating>
   4.16
  </rating>
  <reviews>
   230686
  </reviews>
  <exclusive>
   no
  </exclusive>
 </clothing>
 <clothing>
  <id>
   772471240
  </id>
  <name>
   DC Sweater U-9728
  </name>
  <category>
   Sweater
  </category>
  <size>
   XL
  </size>
  <color>
   Голубой
  </color>
  <material>
   Шелк
  </material>
  <price>
   487680
  </price>
  <rating>
   4.07
  </rating>
  <reviews>
   731769
  </reviews>
  <new>
   -
  </new>
  <exclusive>
   yes
  </exclusive>
  <sporty>
   yes
  </sporty>
 </clothing>
 <clothing>
  <id>
   680096119
  </id>
  <name>
   Ellesse Umbrellas K-4140
  </name>
  <category>
   Umbrellas
  </category>
  <size>
   S
  </size>
  <color>
   Зеленый
  </color>
  <material>
   Полиэстер
  </material>
  <price>
   754282
  </price>
  <rating>
   3.54
  </rating>
  <reviews>
   691036
  </reviews>
  <sporty>
   yes
  </sporty>
 </clothing>
 <clothing>
  <id>
   390928299
  </id>
  <name>
   New Balance Pants M-8233
  </name>
  <category>
   Pants
  </category>
  <size>
   L
  </size>
  <color>
   Оранжевый
  </color>
  <material>
   Лен
  </material>
  <price>
   662101
  </price>
  <rating>
   4.76
  </rating>
  <reviews>
   76352
  </reviews>
  <new>
   +
  </new>
  <sporty>
   no
  </sporty>
 </clothing>
 <clothing>
  <id>
   437822254
  </id>
  <name>
   Nike Skirt U-3748
  </name>
  <category>
   Skirt
  </category>
  <size>
   M
  </size>
  <color>
   Синий
  </color>
  <material>
   Вискоза
  </material>
  <price>
   705886
  </price>
  <rating>
   1.6
  </rating>
  <reviews>
   366328
  </reviews>
  <new>
   -
  </new>
  <exclusive>
   no
  </exclusive>
  <sporty>
   no
  </sporty>
 </clothing>
 <clothing>
  <id>
   851610747
  </id>
  <name>
   Fila Jacket W-2748
  </name>
  <category>
   Jacket
  </category>
  <size>
   XXL
  </size>
  <color>
   Зеленый
  </color>
  <material>
   Вискоза
  </material>
  <price>
   971014
  </price>
  <rating>
   2.21
  </rating>
  <reviews>
   207308
  </reviews>
  <new>
   -
  </new>
  <exclusive>
   no
  </exclusive>
  <sporty>
   no
  </sporty>
 </clothing>
 <clothing>
  <id>
   310797798
  </id>
  <name>
   Converse Dress V-3880
  </name>
  <category>
   Dress
  </category>
  <size>
   XL
  </size>
  <color>
   Зеленый
  </color>
  <material>
   Шерсть
  </material>
  <price>
   268208
  </price>
  <rating>
   3.0
  </rating>
  <reviews>
   808636
  </reviews>
  <new>
   -
  </new>
  <exclusive>
   no
  </exclusive>
  <sporty>
   yes
  </sporty>
 </clothing>
 <clothing>
  <id>
   677672168
  </id>
  <name>
   Puma Shirt Z-6490
  </name>
  <category>
   Shirt
  </category>
  <size>
   S
  </size>
  <color>
   Синий
  </color>
  <material>
   Вискоза
  </material>
  <price>
   875102
  </price>
  <rating>
   1.6
  </rating>
  <reviews>
   731247
  </reviews>
  <new>
   -
  </new>
  <exclusive>
   yes
  </exclusive>
  <sporty>
   no
  </sporty>
 </clothing>
 <clothing>
  <id>
   433053313
  </id>
  <name>
   DC Jacket N-4501
  </name>
  <category>
   Jacket
  </category>
  <size>
   S
  </size>
  <color>
   Фиолетовый
  </color>
  <material>
   Шелк
  </material>
  <price>
   899065
  </price>
  <rating>
   2.94
  </rating>
  <reviews>
   308797
  </reviews>
  <new>
   +
  </new>
  <exclusive>
   yes
  </exclusive>
 </clothing>
 <clothing>
  <id>
   998509965
  </id>
  <name>
   Converse Handbags V-9272
  </name>
  <category>
   Handbags
  </category>
  <size>
   L
  </size>
  <color>
   Зеленый
  </color>
  <material>
   Лен
  </material>
  <price>
   763777
  </price>
  <rating>
   3.94
  </rating>
  <reviews>
   469497
  </reviews>
  <sporty>
   no
  </sporty>
 </clothing>
 <clothing>
  <id>
   169434608
  </id>
  <name>
   Vans Dress E-1964
  </name>
  <category>
   Dress
  </category>
  <size>
   L
  </size>
  <color>
   Фиолетовый
  </color>
  <material>
   Лен
  </material>
  <price>
   493583
  </price>
  <rating>
   2.33
  </rating>
  <reviews>
   319522
  </reviews>
  <new>
   -
  </new>
  <exclusive>
   yes
  </exclusive>
  <sporty>
   no
  </sporty>
 </clothing>
 <clothing>
  <id>
   941279572
  </id>
  <name>
   Ellesse Dress S-9119
  </name>
  <category>
   Dress
  </category>
  <size>
   XL
  </size>
  <color>
   Красный
  </color>
  <material>
   Шелк
  </material>
  <price>
   688872
  </price>
  <rating>
   3.65
  </rating>
  <reviews>
   312762
  </reviews>
  <new>
   -
  </new>
  <exclusive>
   yes
  </exclusive>
  <sporty>
   no
  </sporty>
 </clothing>
 <clothing>
  <id>
   476372692
  </id>
  <name>
   PleinSport Umbrellas L-3904
  </name>
  <category>
   Umbrellas
  </category>
  <size>
   L
  </size>
  <color>
   Красный
  </color>
  <material>
   Лен
  </material>
  <price>
   525561
  </price>
  <rating>
   2.46
  </rating>
  <reviews>
   121267
  </reviews>
  <new>
   +
  </new>
  <exclusive>
   no
  </exclusive>
  <sporty>
   yes
  </sporty>
 </clothing>
 <clothing>
  <id>
   519561371
  </id>
  <name>
   New Balance Shirt S-2840
  </name>
  <category>
   Shirt
  </category>
  <size>
   L
  </size>
  <color>
   Фиолетовый
  </color>
  <material>
   Шелк
  </material>
  <price>
   105135
  </price>
  <rating>
   1.73
  </rating>
  <reviews>
   270861
  </reviews>
  <exclusive>
   no
  </exclusive>
  <sporty>
   no
  </sporty>
 </clothing>
 <clothing>
  <id>
   628215681
  </id>
  <name>
   Nike Umbrellas D-4361
  </name>
  <category>
   Umbrellas
  </category>
  <size>
   M
  </size>
  <color>
   Зеленый
  </color>
  <material>
   Шелк
  </material>
  <price>
   946605
  </price>
  <rating>
   2.21
  </rating>
  <reviews>
   739110
  </reviews>
  <new>
   -
  </new>
  <exclusive>
   yes
  </exclusive>
 </clothing>
 <clothing>
  <id>
   180456018
  </id>
  <name>
   Asics Socks I-8277
  </name>
  <category>
   Socks
  </category>
  <size>
   XL
  </size>
  <color>
   Фиолетовый
  </color>
  <material>
   Нейлон
  </material>
  <price>
   699808
  </price>
  <rating>
   1.53
  </rating>
  <reviews>
   728875
  </reviews>
  <exclusive>
   no
  </exclusive>
  <sporty>
   no
  </sporty>
 </clothing>
 <clothing>
  <id>
   292973599
  </id>
  <name>
   Ellesse Skirt J-1636
  </name>
  <category>
   Skirt
  </category>
  <size>
   XL
  </size>
  <color>
   Синий
  </color>
  <material>
   Шерсть
  </material>
  <price>
   762531
  </price>
  <rating>
   4.57
  </rating>
  <reviews>
   265455
  </reviews>
  <new>
   -
  </new>
  <sporty>
   yes
  </sporty>
 </clothing>
 <clothing>
  <id>
   698618309
  </id>
  <name>
   Ellesse Handbags Y-6525
  </name>
  <category>
   Handbags
  </category>
  <size>
   S
  </size>
  <color>
   Синий
  </color>
  <material>
   Шерсть
  </material>
  <price>
   776712
  </price>
  <rating>
   4.28
  </rating>
  <reviews>
   532292
  </reviews>
  <new>
   +
  </new>
  <exclusive>
   no
  </exclusive>
  <sporty>
   no
  </sporty>
 </clothing>
 <clothing>
  <id>
   902608397
  </id>
  <name>
   Addidas Shirt S-3282
  </name>
  <category>
   Shirt
  </category>
  <size>
   M
  </size>
  <color>
   Синий
  </color>
  <material>
   Кожа
  </material>
  <price>
   639445
  </price>
  <rating>
   4.31
  </rating>
  <reviews>
   335501
  </reviews>
  <exclusive>
   yes
  </exclusive>
 </clothing>
 <clothing>
  <id>
   260365667
  </id>
  <name>
   New Balance Shoes B-8533
  </name>
  <category>
   Shoes
  </category>
  <size>
   XXL
  </size>
  <color>
   Фиолетовый
  </color>
  <material>
   Шерсть
  </material>
  <price>
   552962
  </price>
  <rating>
   2.41
  </rating>
  <reviews>
   639465
  </reviews>
  <new>
   +
  </new>
  <exclusive>
   yes
  </exclusive>
  <sporty>
   no
  </sporty>
 </clothing>
 <clothing>
  <id>
   931780570
  </id>
  <name>
   DC Jeans O-3485
  </name>
  <category>
   Jeans
  </category>
  <size>
   XL
  </size>
  <color>
   Фиолетовый
  </color>
  <material>
   Хлопок
  </material>
  <price>
   959117
  </price>
  <rating>
   2.1
  </rating>
  <reviews>
   548275
  </reviews>
  <new>
   -
  </new>
  <sporty>
   no
  </sporty>
 </clothing>
 <clothing>
  <id>
   755617982
  </id>
  <name>
   Fila Belts P-4035
  </name>
  <category>
   Belts
  </category>
  <size>
   XL
  </size>
  <color>
   Голубой
  </color>
  <material>
   Шелк
  </material>
  <price>
   665776
  </price>
  <rating>
   1.84
  </rating>
  <reviews>
   466823
  </reviews>
  <new>
   -
  </new>
  <exclusive>
   yes
  </exclusive>
 </clothing>
 <clothing>
  <id>
   652809531
  </id>
  <name>
   Fila Belts K-7273
  </name>
  <category>
   Belts
  </category>
  <size>
   L
  </size>
  <color>
   Оранжевый
  </color>
  <material>
   Шерсть
  </material>
  <price>
   111859
  </price>
  <rating>
   3.29
  </rating>
  <reviews>
   939264
  </reviews>
  <new>
   -
  </new>
  <exclusive>
   no
  </exclusive>
 </clothing>
 <clothing>
  <id>
   243675609
  </id>
  <name>
   Adidas Gloves O-7507
  </name>
  <category>
   Gloves
  </category>
  <size>
   XL
  </size>
  <color>
   Фиолетовый
  </color>
  <material>
   Шерсть
  </material>
  <price>
   995120
  </price>
  <rating>
   3.65
  </rating>
  <reviews>
   671224
  </reviews>
  <new>
   +
  </new>
  <exclusive>
   yes
  </exclusive>
 </clothing>
 <clothing>
  <id>
   678833574
  </id>
  <name>
   Under Armour Hat L-2021
  </name>
  <category>
   Hat
  </category>
  <size>
   XL
  </size>
  <color>
   Желтый
  </color>
  <material>
   Шерсть
  </material>
  <price>
   498153
  </price>
  <rating>
   3.9
  </rating>
  <reviews>
   202343
  </reviews>
  <new>
   -
  </new>
  <sporty>
   no
  </sporty>
 </clothing>
 <clothing>
  <id>
   401868165
  </id>
  <name>
   Nike Skirt I-9254
  </name>
  <category>
   Skirt
  </category>
  <size>
   XXL
  </size>
  <color>
   Зеленый
  </color>
  <material>
   Вискоза
  </material>
  <price>
   384041
  </price>
  <rating>
   2.31
  </rating>
  <reviews>
   164345
  </reviews>
  <exclusive>
   no
  </exclusive>
  <sporty>
   no
  </sporty>
 </clothing>
 <clothing>
  <id>
   208982927
  </id>
  <name>
   Brooks Skirt C-4705
  </name>
  <category>
   Skirt
  </category>
  <size>
   XXL
  </size>
  <color>
   Зеленый
  </color>
  <material>
   Шелк
  </material>
  <price>
   800170
  </price>
  <rating>
   2.87
  </rating>
  <reviews>
   755035
  </reviews>
  <new>
   +
  </new>
  <exclusive>
   yes
  </exclusive>
 </clothing>
 <clothing>
  <id>
   251819728
  </id>
  <name>
   Adidas Umbrellas O-7072
  </name>
  <category>
   Umbrellas
  </category>
  <size>
   L
  </size>
  <color>
   Синий
  </color>
  <material>
   Кожа
  </material>
  <price>
   890912
  </price>
  <rating>
   3.49
  </rating>
  <reviews>
   353885
  </reviews>
  <new>
   -
  </new>
  <exclusive>
   yes
  </exclusive>
  <sporty>
   no
  </sporty>
 </clothing>
 <clothing>
  <id>
   947801908
  </id>
  <name>
   Converse Socks F-6580
  </name>
  <category>
   Socks
  </category>
  <size>
   XXL
  </size>
  <color>
   Голубой
  </color>
  <material>
   Хлопок
  </material>
  <price>
   340753
  </price>
  <rating>
   4.12
  </rating>
  <reviews>
   515397
  </reviews>
  <new>
   -
  </new>
  <sporty>
   yes
  </sporty>
 </clothing>
 <clothing>
  <id>
   287139418
  </id>
  <name>
   Brooks Hat D-1483
  </name>
  <category>
   Hat
  </category>
  <size>
   XL
  </size>
  <color>
   Желтый
  </color>
  <material>
   Хлопок
  </material>
  <price>
   805854
  </price>
  <rating>
   3.12
  </rating>
  <reviews>
   58354
  </reviews>
  <exclusive>
   no
  </exclusive>
  <sporty>
   no
  </sporty>
 </clothing>
 <clothing>
  <id>
   379878944
  </id>
  <name>
   Asics Blouse B-2872
  </name>
  <category>
   Blouse
  </category>
  <size>
   S
  </size>
  <color>
   Голубой
  </color>
  <material>
   Лен
  </material>
  <price>
   727218
  </price>
  <rating>
   1.73
  </rating>
  <reviews>
   432342
  </reviews>
  <new>
   -
  </new>
  <exclusive>
   yes
  </exclusive>
 </clothing>
 <clothing>
  <id>
   960146721
  </id>
  <name>
   New Balance Hat Y-5765
  </name>
  <category>
   Hat
  </category>
  <size>
   XL
  </size>
  <color>
   Зеленый
  </color>
  <material>
   Лен
  </material>
  <price>
   148147
  </price>
  <rating>
   1.37
  </rating>
  <reviews>
   914357
  </reviews>
  <new>
   -
  </new>
 </clothing>
 <clothing>
  <id>
   542340810
  </id>
  <name>
   Fila Skirt V-6807
  </name>
  <category>
   Skirt
  </category>
  <size>
   L
  </size>
  <color>
   Красный
  </color>
  <material>
   Шерсть
  </material>
  <price>
   947394
  </price>
  <rating>
   1.55
  </rating>
  <reviews>
   695635
  </reviews>
  <new>
   +
  </new>
  <exclusive>
   no
  </exclusive>
 </clothing>
 <clothing>
  <id>
   970436777
  </id>
  <name>
   Reebok Belts Q-9853
  </name>
  <category>
   Belts
  </category>
  <size>
   XL
  </size>
  <color>
   Фиолетовый
  </color>
  <material>
   Шелк
  </material>
  <price>
   273026
  </price>
  <rating>
   4.62
  </rating>
  <reviews>
   916420
  </reviews>
  <new>
   +
  </new>
  <exclusive>
   yes
  </exclusive>
 </clothing>
 <clothing>
  <id>
   525779388
  </id>
  <name>
   Under Armour Socks N-8789
  </name>
  <category>
   Socks
  </category>
  <size>
   S
  </size>
  <color>
   Синий
  </color>
  <material>
   Полиэстер
  </material>
  <price>
   988448
  </price>
  <rating>
   1.31
  </rating>
  <reviews>
   237087
  </reviews>
  <new>
   -
  </new>
 </clothing>
</clothing-items>
