<?xml version="1.0" encoding="utf-8"?>
<clothing-items>
 <clothing>
  <id>
   635372297
  </id>
  <name>
   Lacoste Sweater L-3587
  </name>
  <category>
   Sweater
  </category>
  <size>
   S
  </size>
  <color>
   Синий
  </color>
  <material>
   Лен
  </material>
  <price>
   546607
  </price>
  <rating>
   1.82
  </rating>
  <reviews>
   260444
  </reviews>
  <new>
   +
  </new>
  <exclusive>
   no
  </exclusive>
 </clothing>
 <clothing>
  <id>
   670566271
  </id>
  <name>
   Asics Shoes I-5990
  </name>
  <category>
   Shoes
  </category>
  <size>
   XXL
  </size>
  <color>
   Оранжевый
  </color>
  <material>
   Лен
  </material>
  <price>
   737048
  </price>
  <rating>
   3.88
  </rating>
  <reviews>
   639043
  </reviews>
  <new>
   -
  </new>
  <exclusive>
   yes
  </exclusive>
  <sporty>
   yes
  </sporty>
 </clothing>
 <clothing>
  <id>
   612400647
  </id>
  <name>
   Ellesse Blouse B-6280
  </name>
  <category>
   Blouse
  </category>
  <size>
   XL
  </size>
  <color>
   Фиолетовый
  </color>
  <material>
   Нейлон
  </material>
  <price>
   458607
  </price>
  <rating>
   2.23
  </rating>
  <reviews>
   557971
  </reviews>
  <new>
   +
  </new>
  <exclusive>
   yes
  </exclusive>
 </clothing>
 <clothing>
  <id>
   639528096
  </id>
  <name>
   PleinSport Jacket V-3441
  </name>
  <category>
   Jacket
  </category>
  <size>
   M
  </size>
  <color>
   Красный
  </color>
  <material>
   Кожа
  </material>
  <price>
   937689
  </price>
  <rating>
   4.71
  </rating>
  <reviews>
   499912
  </reviews>
  <sporty>
   no
  </sporty>
 </clothing>
 <clothing>
  <id>
   481064345
  </id>
  <name>
   Reebok Jacket I-7559
  </name>
  <category>
   Jacket
  </category>
  <size>
   S
  </size>
  <color>
   Красный
  </color>
  <material>
   Кожа
  </material>
  <price>
   837067
  </price>
  <rating>
   3.2
  </rating>
  <reviews>
   353105
  </reviews>
  <exclusive>
   no
  </exclusive>
  <sporty>
   no
  </sporty>
 </clothing>
 <clothing>
  <id>
   229786272
  </id>
  <name>
   Lacoste Pants P-4203
  </name>
  <category>
   Pants
  </category>
  <size>
   S
  </size>
  <color>
   Красный
  </color>
  <material>
   Нейлон
  </material>
  <price>
   459537
  </price>
  <rating>
   3.48
  </rating>
  <reviews>
   666988
  </reviews>
  <new>
   -
  </new>
  <sporty>
   yes
  </sporty>
 </clothing>
 <clothing>
  <id>
   508586043
  </id>
  <name>
   Asics Jeans H-5708
  </name>
  <category>
   Jeans
  </category>
  <size>
   M
  </size>
  <color>
   Голубой
  </color>
  <material>
   Вискоза
  </material>
  <price>
   868413
  </price>
  <rating>
   3.87
  </rating>
  <reviews>
   340051
  </reviews>
  <new>
   -
  </new>
 </clothing>
 <clothing>
  <id>
   862445051
  </id>
  <name>
   Lacoste Dress L-9703
  </name>
  <category>
   Dress
  </category>
  <size>
   XL
  </size>
  <color>
   Красный
  </color>
  <material>
   Вискоза
  </material>
  <price>
   357585
  </price>
  <rating>
   2.92
  </rating>
  <reviews>
   746124
  </reviews>
  <new>
   -
  </new>
  <exclusive>
   no
  </exclusive>
 </clothing>
 <clothing>
  <id>
   161131459
  </id>
  <name>
   Reebok Handbags O-5595
  </name>
  <category>
   Handbags
  </category>
  <size>
   XXL
  </size>
  <color>
   Оранжевый
  </color>
  <material>
   Лен
  </material>
  <price>
   907847
  </price>
  <rating>
   3.71
  </rating>
  <reviews>
   463906
  </reviews>
  <exclusive>
   no
  </exclusive>
 </clothing>
 <clothing>
  <id>
   558854804
  </id>
  <name>
   Reebok Gloves L-7600
  </name>
  <category>
   Gloves
  </category>
  <size>
   S
  </size>
  <color>
   Голубой
  </color>
  <material>
   Хлопок
  </material>
  <price>
   599442
  </price>
  <rating>
   2.43
  </rating>
  <reviews>
   900052
  </reviews>
  <sporty>
   no
  </sporty>
 </clothing>
 <clothing>
  <id>
   172596437
  </id>
  <name>
   Vans Dress Q-1119
  </name>
  <category>
   Dress
  </category>
  <size>
   XXL
  </size>
  <color>
   Красный
  </color>
  <material>
   Полиэстер
  </material>
  <price>
   404804
  </price>
  <rating>
   3.05
  </rating>
  <reviews>
   55120
  </reviews>
  <exclusive>
   no
  </exclusive>
 </clothing>
 <clothing>
  <id>
   395365680
  </id>
  <name>
   Brooks Shirt C-6643
  </name>
  <category>
   Shirt
  </category>
  <size>
   XL
  </size>
  <color>
   Желтый
  </color>
  <material>
   Лен
  </material>
  <price>
   147039
  </price>
  <rating>
   4.5
  </rating>
  <reviews>
   804574
  </reviews>
  <sporty>
   no
  </sporty>
 </clothing>
 <clothing>
  <id>
   336734553
  </id>
  <name>
   Vans Skirt D-5176
  </name>
  <category>
   Skirt
  </category>
  <size>
   XXL
  </size>
  <color>
   Красный
  </color>
  <material>
   Нейлон
  </material>
  <price>
   833562
  </price>
  <rating>
   3.69
  </rating>
  <reviews>
   427523
  </reviews>
  <new>
   -
  </new>
  <exclusive>
   yes
  </exclusive>
  <sporty>
   no
  </sporty>
 </clothing>
 <clothing>
  <id>
   824332014
  </id>
  <name>
   Asics Skirt J-2404
  </name>
  <category>
   Skirt
  </category>
  <size>
   XXL
  </size>
  <color>
   Фиолетовый
  </color>
  <material>
   Лен
  </material>
  <price>
   331584
  </price>
  <rating>
   2.0
  </rating>
  <reviews>
   107753
  </reviews>
  <sporty>
   yes
  </sporty>
 </clothing>
 <clothing>
  <id>
   343965984
  </id>
  <name>
   New Balance Shirt P-4136
  </name>
  <category>
   Shirt
  </category>
  <size>
   L
  </size>
  <color>
   Голубой
  </color>
  <material>
   Лен
  </material>
  <price>
   728406
  </price>
  <rating>
   1.32
  </rating>
  <reviews>
   979448
  </reviews>
  <new>
   +
  </new>
  <sporty>
   no
  </sporty>
 </clothing>
 <clothing>
  <id>
   284243502
  </id>
  <name>
   Puma Shirt W-7513
  </name>
  <category>
   Shirt
  </category>
  <size>
   S
  </size>
  <color>
   Фиолетовый
  </color>
  <material>
   Шерсть
  </material>
  <price>
   636462
  </price>
  <rating>
   2.11
  </rating>
  <reviews>
   447549
  </reviews>
  <new>
   -
  </new>
  <sporty>
   yes
  </sporty>
 </clothing>
 <clothing>
  <id>
   440441894
  </id>
  <name>
   Ellesse Gloves U-7777
  </name>
  <category>
   Gloves
  </category>
  <size>
   S
  </size>
  <color>
   Фиолетовый
  </color>
  <material>
   Шелк
  </material>
  <price>
   468821
  </price>
  <rating>
   1.26
  </rating>
  <reviews>
   254473
  </reviews>
  <exclusive>
   no
  </exclusive>
 </clothing>
 <clothing>
  <id>
   835953397
  </id>
  <name>
   Addidas Pants D-4643
  </name>
  <category>
   Pants
  </category>
  <size>
   L
  </size>
  <color>
   Оранжевый
  </color>
  <material>
   Хлопок
  </material>
  <price>
   838146
  </price>
  <rating>
   2.64
  </rating>
  <reviews>
   320739
  </reviews>
  <exclusive>
   no
  </exclusive>
  <sporty>
   yes
  </sporty>
 </clothing>
 <clothing>
  <id>
   540699135
  </id>
  <name>
   PleinSport Socks N-9717
  </name>
  <category>
   Socks
  </category>
  <size>
   L
  </size>
  <color>
   Голубой
  </color>
  <material>
   Лен
  </material>
  <price>
   309904
  </price>
  <rating>
   4.91
  </rating>
  <reviews>
   85037
  </reviews>
  <new>
   +
  </new>
  <sporty>
   no
  </sporty>
 </clothing>
 <clothing>
  <id>
   118666330
  </id>
  <name>
   Ellesse Belts G-9387
  </name>
  <category>
   Belts
  </category>
  <size>
   S
  </size>
  <color>
   Синий
  </color>
  <material>
   Лен
  </material>
  <price>
   510290
  </price>
  <rating>
   4.65
  </rating>
  <reviews>
   195241
  </reviews>
  <new>
   -
  </new>
  <sporty>
   no
  </sporty>
 </clothing>
 <clothing>
  <id>
   841560739
  </id>
  <name>
   Vans Skirt X-1230
  </name>
  <category>
   Skirt
  </category>
  <size>
   S
  </size>
  <color>
   Желтый
  </color>
  <material>
   Кожа
  </material>
  <price>
   695119
  </price>
  <rating>
   2.14
  </rating>
  <reviews>
   850763
  </reviews>
  <new>
   +
  </new>
 </clothing>
 <clothing>
  <id>
   520312517
  </id>
  <name>
   Adidas Jacket T-5792
  </name>
  <category>
   Jacket
  </category>
  <size>
   M
  </size>
  <color>
   Синий
  </color>
  <material>
   Кожа
  </material>
  <price>
   906706
  </price>
  <rating>
   1.28
  </rating>
  <reviews>
   913989
  </reviews>
  <new>
   +
  </new>
  <exclusive>
   yes
  </exclusive>
 </clothing>
 <clothing>
  <id>
   482864613
  </id>
  <name>
   Brooks Gloves W-9004
  </name>
  <category>
   Gloves
  </category>
  <size>
   XL
  </size>
  <color>
   Зеленый
  </color>
  <material>
   Нейлон
  </material>
  <price>
   807718
  </price>
  <rating>
   4.57
  </rating>
  <reviews>
   639072
  </reviews>
  <new>
   -
  </new>
 </clothing>
 <clothing>
  <id>
   556294949
  </id>
  <name>
   Vans T-shirt B-7707
  </name>
  <category>
   T-shirt
  </category>
  <size>
   XL
  </size>
  <color>
   Голубой
  </color>
  <material>
   Лен
  </material>
  <price>
   863384
  </price>
  <rating>
   4.91
  </rating>
  <reviews>
   939957
  </reviews>
  <new>
   -
  </new>
  <exclusive>
   no
  </exclusive>
 </clothing>
 <clothing>
  <id>
   199111203
  </id>
  <name>
   Converse Hat S-7193
  </name>
  <category>
   Hat
  </category>
  <size>
   M
  </size>
  <color>
   Зеленый
  </color>
  <material>
   Нейлон
  </material>
  <price>
   707144
  </price>
  <rating>
   4.37
  </rating>
  <reviews>
   946534
  </reviews>
  <new>
   -
  </new>
  <exclusive>
   no
  </exclusive>
 </clothing>
 <clothing>
  <id>
   577065915
  </id>
  <name>
   Asics Belts A-5448
  </name>
  <category>
   Belts
  </category>
  <size>
   L
  </size>
  <color>
   Зеленый
  </color>
  <material>
   Кожа
  </material>
  <price>
   798612
  </price>
  <rating>
   2.72
  </rating>
  <reviews>
   561090
  </reviews>
 </clothing>
 <clothing>
  <id>
   547809831
  </id>
  <name>
   Nike Shirt K-8690
  </name>
  <category>
   Shirt
  </category>
  <size>
   S
  </size>
  <color>
   Фиолетовый
  </color>
  <material>
   Вискоза
  </material>
  <price>
   944515
  </price>
  <rating>
   1.89
  </rating>
  <reviews>
   878487
  </reviews>
  <new>
   -
  </new>
  <exclusive>
   yes
  </exclusive>
  <sporty>
   no
  </sporty>
 </clothing>
 <clothing>
  <id>
   563257904
  </id>
  <name>
   Asics Jeans X-7804
  </name>
  <category>
   Jeans
  </category>
  <size>
   L
  </size>
  <color>
   Фиолетовый
  </color>
  <material>
   Нейлон
  </material>
  <price>
   906271
  </price>
  <rating>
   2.77
  </rating>
  <reviews>
   94659
  </reviews>
  <new>
   -
  </new>
  <exclusive>
   no
  </exclusive>
 </clothing>
 <clothing>
  <id>
   165490893
  </id>
  <name>
   Ellesse Skirt D-2916
  </name>
  <category>
   Skirt
  </category>
  <size>
   XXL
  </size>
  <color>
   Фиолетовый
  </color>
  <material>
   Лен
  </material>
  <price>
   212088
  </price>
  <rating>
   2.79
  </rating>
  <reviews>
   1682
  </reviews>
  <new>
   -
  </new>
  <sporty>
   no
  </sporty>
 </clothing>
 <clothing>
  <id>
   288797517
  </id>
  <name>
   DC Blouse P-3539
  </name>
  <category>
   Blouse
  </category>
  <size>
   L
  </size>
  <color>
   Красный
  </color>
  <material>
   Хлопок
  </material>
  <price>
   702107
  </price>
  <rating>
   2.16
  </rating>
  <reviews>
   71138
  </reviews>
  <exclusive>
   yes
  </exclusive>
  <sporty>
   no
  </sporty>
 </clothing>
 <clothing>
  <id>
   534593162
  </id>
  <name>
   Brooks T-shirt D-3665
  </name>
  <category>
   T-shirt
  </category>
  <size>
   M
  </size>
  <color>
   Красный
  </color>
  <material>
   Вискоза
  </material>
  <price>
   223162
  </price>
  <rating>
   3.72
  </rating>
  <reviews>
   687056
  </reviews>
  <sporty>
   no
  </sporty>
 </clothing>
 <clothing>
  <id>
   420398788
  </id>
  <name>
   Ellesse Dress J-7288
  </name>
  <category>
   Dress
  </category>
  <size>
   M
  </size>
  <color>
   Синий
  </color>
  <material>
   Кожа
  </material>
  <price>
   557159
  </price>
  <rating>
   4.3
  </rating>
  <reviews>
   864059
  </reviews>
  <new>
   -
  </new>
  <exclusive>
   yes
  </exclusive>
 </clothing>
 <clothing>
  <id>
   648120549
  </id>
  <name>
   Fila Jeans R-2643
  </name>
  <category>
   Jeans
  </category>
  <size>
   L
  </size>
  <color>
   Красный
  </color>
  <material>
   Кожа
  </material>
  <price>
   283518
  </price>
  <rating>
   1.27
  </rating>
  <reviews>
   912371
  </reviews>
  <new>
   -
  </new>
 </clothing>
 <clothing>
  <id>
   848546478
  </id>
  <name>
   Vans Jacket H-4309
  </name>
  <category>
   Jacket
  </category>
  <size>
   S
  </size>
  <color>
   Желтый
  </color>
  <material>
   Нейлон
  </material>
  <price>
   725112
  </price>
  <rating>
   1.61
  </rating>
  <reviews>
   394525
  </reviews>
  <new>
   +
  </new>
  <sporty>
   no
  </sporty>
 </clothing>
 <clothing>
  <id>
   505542705
  </id>
  <name>
   Reebok Umbrellas M-2401
  </name>
  <category>
   Umbrellas
  </category>
  <size>
   XXL
  </size>
  <color>
   Желтый
  </color>
  <material>
   Кожа
  </material>
  <price>
   917683
  </price>
  <rating>
   4.23
  </rating>
  <reviews>
   808069
  </reviews>
  <new>
   +
  </new>
 </clothing>
 <clothing>
  <id>
   349863869
  </id>
  <name>
   Adidas Umbrellas V-5037
  </name>
  <category>
   Umbrellas
  </category>
  <size>
   XL
  </size>
  <color>
   Голубой
  </color>
  <material>
   Кожа
  </material>
  <price>
   573363
  </price>
  <rating>
   1.47
  </rating>
  <reviews>
   408444
  </reviews>
  <new>
   -
  </new>
  <sporty>
   no
  </sporty>
 </clothing>
 <clothing>
  <id>
   730556138
  </id>
  <name>
   Addidas Umbrellas P-3379
  </name>
  <category>
   Umbrellas
  </category>
  <size>
   M
  </size>
  <color>
   Синий
  </color>
  <material>
   Вискоза
  </material>
  <price>
   729790
  </price>
  <rating>
   4.4
  </rating>
  <reviews>
   269215
  </reviews>
  <new>
   -
  </new>
  <exclusive>
   no
  </exclusive>
  <sporty>
   no
  </sporty>
 </clothing>
 <clothing>
  <id>
   285281508
  </id>
  <name>
   Under Armour Belts Z-1948
  </name>
  <category>
   Belts
  </category>
  <size>
   L
  </size>
  <color>
   Оранжевый
  </color>
  <material>
   Полиэстер
  </material>
  <price>
   662385
  </price>
  <rating>
   2.04
  </rating>
  <reviews>
   35342
  </reviews>
  <new>
   -
  </new>
  <sporty>
   no
  </sporty>
 </clothing>
 <clothing>
  <id>
   474227345
  </id>
  <name>
   Nike Jeans I-4306
  </name>
  <category>
   Jeans
  </category>
  <size>
   M
  </size>
  <color>
   Оранжевый
  </color>
  <material>
   Полиэстер
  </material>
  <price>
   697704
  </price>
  <rating>
   4.2
  </rating>
  <reviews>
   655080
  </reviews>
  <exclusive>
   yes
  </exclusive>
 </clothing>
 <clothing>
  <id>
   252855490
  </id>
  <name>
   Converse Shirt N-9032
  </name>
  <category>
   Shirt
  </category>
  <size>
   L
  </size>
  <color>
   Оранжевый
  </color>
  <material>
   Шелк
  </material>
  <price>
   178168
  </price>
  <rating>
   1.91
  </rating>
  <reviews>
   356081
  </reviews>
  <new>
   +
  </new>
  <exclusive>
   no
  </exclusive>
  <sporty>
   no
  </sporty>
 </clothing>
 <clothing>
  <id>
   614689920
  </id>
  <name>
   Vans Sweater O-4275
  </name>
  <category>
   Sweater
  </category>
  <size>
   L
  </size>
  <color>
   Синий
  </color>
  <material>
   Шерсть
  </material>
  <price>
   976904
  </price>
  <rating>
   1.28
  </rating>
  <reviews>
   34668
  </reviews>
  <exclusive>
   yes
  </exclusive>
  <sporty>
   no
  </sporty>
 </clothing>
</clothing-items>
