<?xml version="1.0" encoding="utf-8"?>
<clothing-items>
 <clothing>
  <id>
   440604054
  </id>
  <name>
   PleinSport Socks R-4348
  </name>
  <category>
   Socks
  </category>
  <size>
   M
  </size>
  <color>
   Желтый
  </color>
  <material>
   Нейлон
  </material>
  <price>
   747268
  </price>
  <rating>
   1.71
  </rating>
  <reviews>
   29411
  </reviews>
  <new>
   -
  </new>
  <exclusive>
   yes
  </exclusive>
  <sporty>
   no
  </sporty>
 </clothing>
 <clothing>
  <id>
   435836879
  </id>
  <name>
   Addidas Shirt Q-6973
  </name>
  <category>
   Shirt
  </category>
  <size>
   M
  </size>
  <color>
   Желтый
  </color>
  <material>
   Лен
  </material>
  <price>
   459863
  </price>
  <rating>
   3.15
  </rating>
  <reviews>
   975804
  </reviews>
  <new>
   +
  </new>
 </clothing>
 <clothing>
  <id>
   355171844
  </id>
  <name>
   Brooks Blouse N-1985
  </name>
  <category>
   Blouse
  </category>
  <size>
   M
  </size>
  <color>
   Красный
  </color>
  <material>
   Кожа
  </material>
  <price>
   942319
  </price>
  <rating>
   4.88
  </rating>
  <reviews>
   790971
  </reviews>
  <new>
   +
  </new>
  <exclusive>
   yes
  </exclusive>
 </clothing>
 <clothing>
  <id>
   373960947
  </id>
  <name>
   Reebok Sweater V-6443
  </name>
  <category>
   Sweater
  </category>
  <size>
   S
  </size>
  <color>
   Голубой
  </color>
  <material>
   Шелк
  </material>
  <price>
   725162
  </price>
  <rating>
   4.14
  </rating>
  <reviews>
   83077
  </reviews>
  <new>
   +
  </new>
  <sporty>
   yes
  </sporty>
 </clothing>
 <clothing>
  <id>
   687150645
  </id>
  <name>
   Under Armour Jacket C-6137
  </name>
  <category>
   Jacket
  </category>
  <size>
   M
  </size>
  <color>
   Красный
  </color>
  <material>
   Кожа
  </material>
  <price>
   421896
  </price>
  <rating>
   4.46
  </rating>
  <reviews>
   984124
  </reviews>
  <sporty>
   yes
  </sporty>
 </clothing>
 <clothing>
  <id>
   991925864
  </id>
  <name>
   Asics Umbrellas J-6201
  </name>
  <category>
   Umbrellas
  </category>
  <size>
   XXL
  </size>
  <color>
   Оранжевый
  </color>
  <material>
   Хлопок
  </material>
  <price>
   836848
  </price>
  <rating>
   1.36
  </rating>
  <reviews>
   640187
  </reviews>
  <new>
   -
  </new>
  <exclusive>
   yes
  </exclusive>
  <sporty>
   no
  </sporty>
 </clothing>
 <clothing>
  <id>
   282275356
  </id>
  <name>
   Asics Skirt R-5514
  </name>
  <category>
   Skirt
  </category>
  <size>
   L
  </size>
  <color>
   Голубой
  </color>
  <material>
   Шерсть
  </material>
  <price>
   489897
  </price>
  <rating>
   1.73
  </rating>
  <reviews>
   871994
  </reviews>
  <new>
   -
  </new>
  <exclusive>
   no
  </exclusive>
 </clothing>
 <clothing>
  <id>
   139641377
  </id>
  <name>
   Converse Umbrellas P-8322
  </name>
  <category>
   Umbrellas
  </category>
  <size>
   S
  </size>
  <color>
   Красный
  </color>
  <material>
   Полиэстер
  </material>
  <price>
   439614
  </price>
  <rating>
   3.95
  </rating>
  <reviews>
   433860
  </reviews>
  <new>
   -
  </new>
  <sporty>
   yes
  </sporty>
 </clothing>
 <clothing>
  <id>
   816785700
  </id>
  <name>
   DC Sweater K-8024
  </name>
  <category>
   Sweater
  </category>
  <size>
   L
  </size>
  <color>
   Желтый
  </color>
  <material>
   Хлопок
  </material>
  <price>
   197832
  </price>
  <rating>
   4.07
  </rating>
  <reviews>
   696094
  </reviews>
  <new>
   -
  </new>
  <exclusive>
   yes
  </exclusive>
  <sporty>
   no
  </sporty>
 </clothing>
 <clothing>
  <id>
   405704586
  </id>
  <name>
   Under Armour Skirt E-3247
  </name>
  <category>
   Skirt
  </category>
  <size>
   L
  </size>
  <color>
   Фиолетовый
  </color>
  <material>
   Лен
  </material>
  <price>
   191166
  </price>
  <rating>
   1.87
  </rating>
  <reviews>
   196193
  </reviews>
  <exclusive>
   no
  </exclusive>
 </clothing>
 <clothing>
  <id>
   171807373
  </id>
  <name>
   Under Armour Skirt U-1745
  </name>
  <category>
   Skirt
  </category>
  <size>
   L
  </size>
  <color>
   Голубой
  </color>
  <material>
   Шерсть
  </material>
  <price>
   315290
  </price>
  <rating>
   4.68
  </rating>
  <reviews>
   778316
  </reviews>
 </clothing>
 <clothing>
  <id>
   888582659
  </id>
  <name>
   New Balance Handbags E-3920
  </name>
  <category>
   Handbags
  </category>
  <size>
   XXL
  </size>
  <color>
   Желтый
  </color>
  <material>
   Шерсть
  </material>
  <price>
   601464
  </price>
  <rating>
   2.71
  </rating>
  <reviews>
   370756
  </reviews>
 </clothing>
 <clothing>
  <id>
   955133949
  </id>
  <name>
   Brooks Skirt P-6963
  </name>
  <category>
   Skirt
  </category>
  <size>
   XL
  </size>
  <color>
   Голубой
  </color>
  <material>
   Лен
  </material>
  <price>
   346994
  </price>
  <rating>
   2.24
  </rating>
  <reviews>
   3392
  </reviews>
  <exclusive>
   yes
  </exclusive>
  <sporty>
   yes
  </sporty>
 </clothing>
 <clothing>
  <id>
   601321732
  </id>
  <name>
   Puma T-shirt O-2595
  </name>
  <category>
   T-shirt
  </category>
  <size>
   XXL
  </size>
  <color>
   Зеленый
  </color>
  <material>
   Кожа
  </material>
  <price>
   678364
  </price>
  <rating>
   1.19
  </rating>
  <reviews>
   284376
  </reviews>
  <new>
   +
  </new>
  <exclusive>
   no
  </exclusive>
 </clothing>
 <clothing>
  <id>
   101482097
  </id>
  <name>
   Reebok Hat G-1602
  </name>
  <category>
   Hat
  </category>
  <size>
   L
  </size>
  <color>
   Красный
  </color>
  <material>
   Вискоза
  </material>
  <price>
   946880
  </price>
  <rating>
   2.4
  </rating>
  <reviews>
   191065
  </reviews>
  <new>
   -
  </new>
  <exclusive>
   yes
  </exclusive>
 </clothing>
 <clothing>
  <id>
   350022555
  </id>
  <name>
   Asics Dress F-3483
  </name>
  <category>
   Dress
  </category>
  <size>
   XL
  </size>
  <color>
   Желтый
  </color>
  <material>
   Шерсть
  </material>
  <price>
   919609
  </price>
  <rating>
   3.77
  </rating>
  <reviews>
   835400
  </reviews>
 </clothing>
 <clothing>
  <id>
   855800832
  </id>
  <name>
   Converse Hat M-2194
  </name>
  <category>
   Hat
  </category>
  <size>
   XL
  </size>
  <color>
   Фиолетовый
  </color>
  <material>
   Вискоза
  </material>
  <price>
   851714
  </price>
  <rating>
   1.16
  </rating>
  <reviews>
   632433
  </reviews>
  <exclusive>
   no
  </exclusive>
  <sporty>
   yes
  </sporty>
 </clothing>
 <clothing>
  <id>
   561182452
  </id>
  <name>
   Addidas Gloves M-8758
  </name>
  <category>
   Gloves
  </category>
  <size>
   XXL
  </size>
  <color>
   Голубой
  </color>
  <material>
   Полиэстер
  </material>
  <price>
   148784
  </price>
  <rating>
   1.48
  </rating>
  <reviews>
   440651
  </reviews>
  <new>
   -
  </new>
  <exclusive>
   no
  </exclusive>
  <sporty>
   yes
  </sporty>
 </clothing>
 <clothing>
  <id>
   799868999
  </id>
  <name>
   Brooks Pants E-5353
  </name>
  <category>
   Pants
  </category>
  <size>
   M
  </size>
  <color>
   Красный
  </color>
  <material>
   Шелк
  </material>
  <price>
   560013
  </price>
  <rating>
   4.0
  </rating>
  <reviews>
   425472
  </reviews>
 </clothing>
 <clothing>
  <id>
   969778040
  </id>
  <name>
   PleinSport Umbrellas Q-5752
  </name>
  <category>
   Umbrellas
  </category>
  <size>
   XXL
  </size>
  <color>
   Зеленый
  </color>
  <material>
   Шелк
  </material>
  <price>
   826582
  </price>
  <rating>
   4.75
  </rating>
  <reviews>
   997229
  </reviews>
  <new>
   -
  </new>
  <exclusive>
   no
  </exclusive>
 </clothing>
 <clothing>
  <id>
   205208606
  </id>
  <name>
   Fila Pants Q-5090
  </name>
  <category>
   Pants
  </category>
  <size>
   M
  </size>
  <color>
   Зеленый
  </color>
  <material>
   Хлопок
  </material>
  <price>
   545453
  </price>
  <rating>
   3.66
  </rating>
  <reviews>
   93247
  </reviews>
  <exclusive>
   no
  </exclusive>
 </clothing>
 <clothing>
  <id>
   557799597
  </id>
  <name>
   Reebok Skirt I-5759
  </name>
  <category>
   Skirt
  </category>
  <size>
   L
  </size>
  <color>
   Фиолетовый
  </color>
  <material>
   Полиэстер
  </material>
  <price>
   295017
  </price>
  <rating>
   3.64
  </rating>
  <reviews>
   900105
  </reviews>
  <new>
   -
  </new>
  <sporty>
   yes
  </sporty>
 </clothing>
 <clothing>
  <id>
   430643803
  </id>
  <name>
   New Balance Hat X-9357
  </name>
  <category>
   Hat
  </category>
  <size>
   XL
  </size>
  <color>
   Фиолетовый
  </color>
  <material>
   Полиэстер
  </material>
  <price>
   714237
  </price>
  <rating>
   4.54
  </rating>
  <reviews>
   886437
  </reviews>
  <new>
   -
  </new>
  <exclusive>
   no
  </exclusive>
 </clothing>
 <clothing>
  <id>
   656243209
  </id>
  <name>
   New Balance Jacket M-3112
  </name>
  <category>
   Jacket
  </category>
  <size>
   M
  </size>
  <color>
   Синий
  </color>
  <material>
   Лен
  </material>
  <price>
   946508
  </price>
  <rating>
   1.37
  </rating>
  <reviews>
   339437
  </reviews>
  <new>
   -
  </new>
  <exclusive>
   no
  </exclusive>
 </clothing>
 <clothing>
  <id>
   319274018
  </id>
  <name>
   Converse Blouse W-7087
  </name>
  <category>
   Blouse
  </category>
  <size>
   M
  </size>
  <color>
   Голубой
  </color>
  <material>
   Полиэстер
  </material>
  <price>
   223426
  </price>
  <rating>
   2.67
  </rating>
  <reviews>
   112074
  </reviews>
  <new>
   -
  </new>
  <exclusive>
   no
  </exclusive>
 </clothing>
 <clothing>
  <id>
   413377663
  </id>
  <name>
   Under Armour Belts Y-6366
  </name>
  <category>
   Belts
  </category>
  <size>
   M
  </size>
  <color>
   Синий
  </color>
  <material>
   Шелк
  </material>
  <price>
   778651
  </price>
  <rating>
   3.47
  </rating>
  <reviews>
   784270
  </reviews>
  <new>
   +
  </new>
  <exclusive>
   no
  </exclusive>
 </clothing>
 <clothing>
  <id>
   570104026
  </id>
  <name>
   Adidas T-shirt O-8691
  </name>
  <category>
   T-shirt
  </category>
  <size>
   S
  </size>
  <color>
   Красный
  </color>
  <material>
   Шелк
  </material>
  <price>
   489272
  </price>
  <rating>
   1.05
  </rating>
  <reviews>
   186469
  </reviews>
  <new>
   -
  </new>
  <sporty>
   no
  </sporty>
 </clothing>
 <clothing>
  <id>
   983574357
  </id>
  <name>
   Puma Blouse C-7169
  </name>
  <category>
   Blouse
  </category>
  <size>
   XXL
  </size>
  <color>
   Голубой
  </color>
  <material>
   Хлопок
  </material>
  <price>
   597001
  </price>
  <rating>
   2.71
  </rating>
  <reviews>
   402797
  </reviews>
  <new>
   -
  </new>
  <exclusive>
   no
  </exclusive>
  <sporty>
   no
  </sporty>
 </clothing>
 <clothing>
  <id>
   441822097
  </id>
  <name>
   PleinSport Hat I-7595
  </name>
  <category>
   Hat
  </category>
  <size>
   S
  </size>
  <color>
   Синий
  </color>
  <material>
   Лен
  </material>
  <price>
   173188
  </price>
  <rating>
   4.98
  </rating>
  <reviews>
   469727
  </reviews>
  <sporty>
   no
  </sporty>
 </clothing>
 <clothing>
  <id>
   351353703
  </id>
  <name>
   New Balance Dress C-1423
  </name>
  <category>
   Dress
  </category>
  <size>
   L
  </size>
  <color>
   Синий
  </color>
  <material>
   Полиэстер
  </material>
  <price>
   574055
  </price>
  <rating>
   4.8
  </rating>
  <reviews>
   558781
  </reviews>
  <exclusive>
   yes
  </exclusive>
  <sporty>
   no
  </sporty>
 </clothing>
 <clothing>
  <id>
   622130967
  </id>
  <name>
   DC Blouse Y-5469
  </name>
  <category>
   Blouse
  </category>
  <size>
   M
  </size>
  <color>
   Желтый
  </color>
  <material>
   Кожа
  </material>
  <price>
   603119
  </price>
  <rating>
   3.45
  </rating>
  <reviews>
   920036
  </reviews>
  <exclusive>
   yes
  </exclusive>
 </clothing>
 <clothing>
  <id>
   953672914
  </id>
  <name>
   PleinSport Pants L-4339
  </name>
  <category>
   Pants
  </category>
  <size>
   M
  </size>
  <color>
   Красный
  </color>
  <material>
   Полиэстер
  </material>
  <price>
   405067
  </price>
  <rating>
   1.7
  </rating>
  <reviews>
   614321
  </reviews>
  <new>
   +
  </new>
  <exclusive>
   no
  </exclusive>
 </clothing>
 <clothing>
  <id>
   859554282
  </id>
  <name>
   Brooks Umbrellas N-9330
  </name>
  <category>
   Umbrellas
  </category>
  <size>
   XL
  </size>
  <color>
   Фиолетовый
  </color>
  <material>
   Шерсть
  </material>
  <price>
   758669
  </price>
  <rating>
   3.23
  </rating>
  <reviews>
   286936
  </reviews>
  <new>
   +
  </new>
  <sporty>
   no
  </sporty>
 </clothing>
 <clothing>
  <id>
   357254538
  </id>
  <name>
   Adidas Shirt Y-9117
  </name>
  <category>
   Shirt
  </category>
  <size>
   M
  </size>
  <color>
   Синий
  </color>
  <material>
   Полиэстер
  </material>
  <price>
   916202
  </price>
  <rating>
   1.06
  </rating>
  <reviews>
   659379
  </reviews>
  <exclusive>
   no
  </exclusive>
 </clothing>
 <clothing>
  <id>
   714510077
  </id>
  <name>
   New Balance Handbags M-5000
  </name>
  <category>
   Handbags
  </category>
  <size>
   XXL
  </size>
  <color>
   Голубой
  </color>
  <material>
   Шелк
  </material>
  <price>
   294369
  </price>
  <rating>
   2.11
  </rating>
  <reviews>
   471621
  </reviews>
  <new>
   +
  </new>
  <sporty>
   no
  </sporty>
 </clothing>
 <clothing>
  <id>
   891465804
  </id>
  <name>
   Vans Handbags E-2339
  </name>
  <category>
   Handbags
  </category>
  <size>
   XXL
  </size>
  <color>
   Фиолетовый
  </color>
  <material>
   Нейлон
  </material>
  <price>
   934520
  </price>
  <rating>
   4.97
  </rating>
  <reviews>
   807850
  </reviews>
  <new>
   -
  </new>
  <exclusive>
   no
  </exclusive>
  <sporty>
   no
  </sporty>
 </clothing>
 <clothing>
  <id>
   512416803
  </id>
  <name>
   Vans Blouse E-5834
  </name>
  <category>
   Blouse
  </category>
  <size>
   S
  </size>
  <color>
   Красный
  </color>
  <material>
   Кожа
  </material>
  <price>
   353186
  </price>
  <rating>
   1.01
  </rating>
  <reviews>
   924738
  </reviews>
  <new>
   +
  </new>
  <exclusive>
   no
  </exclusive>
  <sporty>
   no
  </sporty>
 </clothing>
 <clothing>
  <id>
   708208758
  </id>
  <name>
   Reebok Jacket N-2075
  </name>
  <category>
   Jacket
  </category>
  <size>
   XL
  </size>
  <color>
   Зеленый
  </color>
  <material>
   Шерсть
  </material>
  <price>
   540411
  </price>
  <rating>
   4.77
  </rating>
  <reviews>
   479906
  </reviews>
  <new>
   +
  </new>
  <sporty>
   no
  </sporty>
 </clothing>
 <clothing>
  <id>
   107614247
  </id>
  <name>
   PleinSport Blouse A-1139
  </name>
  <category>
   Blouse
  </category>
  <size>
   M
  </size>
  <color>
   Желтый
  </color>
  <material>
   Вискоза
  </material>
  <price>
   683282
  </price>
  <rating>
   4.09
  </rating>
  <reviews>
   64479
  </reviews>
  <new>
   -
  </new>
  <sporty>
   no
  </sporty>
 </clothing>
</clothing-items>
