<?xml version="1.0" encoding="utf-8"?>
<clothing-items>
 <clothing>
  <id>
   456102362
  </id>
  <name>
   Ellesse T-shirt J-7681
  </name>
  <category>
   T-shirt
  </category>
  <size>
   S
  </size>
  <color>
   Зеленый
  </color>
  <material>
   Вискоза
  </material>
  <price>
   885175
  </price>
  <rating>
   4.48
  </rating>
  <reviews>
   145487
  </reviews>
 </clothing>
 <clothing>
  <id>
   403363680
  </id>
  <name>
   Fila Handbags D-1955
  </name>
  <category>
   Handbags
  </category>
  <size>
   M
  </size>
  <color>
   Красный
  </color>
  <material>
   Кожа
  </material>
  <price>
   554797
  </price>
  <rating>
   2.05
  </rating>
  <reviews>
   28008
  </reviews>
  <exclusive>
   no
  </exclusive>
 </clothing>
 <clothing>
  <id>
   266865248
  </id>
  <name>
   PleinSport Shirt W-1154
  </name>
  <category>
   Shirt
  </category>
  <size>
   XL
  </size>
  <color>
   Оранжевый
  </color>
  <material>
   Вискоза
  </material>
  <price>
   864846
  </price>
  <rating>
   4.89
  </rating>
  <reviews>
   597775
  </reviews>
  <sporty>
   no
  </sporty>
 </clothing>
 <clothing>
  <id>
   612913861
  </id>
  <name>
   Nike Sweater N-7745
  </name>
  <category>
   Sweater
  </category>
  <size>
   L
  </size>
  <color>
   Голубой
  </color>
  <material>
   Шерсть
  </material>
  <price>
   462099
  </price>
  <rating>
   4.38
  </rating>
  <reviews>
   183511
  </reviews>
  <new>
   -
  </new>
  <sporty>
   no
  </sporty>
 </clothing>
 <clothing>
  <id>
   925500406
  </id>
  <name>
   Converse Belts D-7324
  </name>
  <category>
   Belts
  </category>
  <size>
   XXL
  </size>
  <color>
   Синий
  </color>
  <material>
   Лен
  </material>
  <price>
   555462
  </price>
  <rating>
   4.73
  </rating>
  <reviews>
   947294
  </reviews>
  <exclusive>
   no
  </exclusive>
  <sporty>
   no
  </sporty>
 </clothing>
 <clothing>
  <id>
   463761312
  </id>
  <name>
   Adidas Shoes F-9671
  </name>
  <category>
   Shoes
  </category>
  <size>
   M
  </size>
  <color>
   Синий
  </color>
  <material>
   Шелк
  </material>
  <price>
   233287
  </price>
  <rating>
   3.95
  </rating>
  <reviews>
   284551
  </reviews>
  <new>
   -
  </new>
  <exclusive>
   yes
  </exclusive>
  <sporty>
   no
  </sporty>
 </clothing>
 <clothing>
  <id>
   648655367
  </id>
  <name>
   Nike Jeans I-7708
  </name>
  <category>
   Jeans
  </category>
  <size>
   XXL
  </size>
  <color>
   Голубой
  </color>
  <material>
   Лен
  </material>
  <price>
   126269
  </price>
  <rating>
   4.71
  </rating>
  <reviews>
   237503
  </reviews>
  <exclusive>
   no
  </exclusive>
  <sporty>
   no
  </sporty>
 </clothing>
 <clothing>
  <id>
   316792557
  </id>
  <name>
   Fila Skirt R-1085
  </name>
  <category>
   Skirt
  </category>
  <size>
   M
  </size>
  <color>
   Оранжевый
  </color>
  <material>
   Полиэстер
  </material>
  <price>
   871775
  </price>
  <rating>
   3.78
  </rating>
  <reviews>
   158583
  </reviews>
  <new>
   -
  </new>
  <exclusive>
   no
  </exclusive>
 </clothing>
 <clothing>
  <id>
   658846957
  </id>
  <name>
   Lacoste Sweater B-3228
  </name>
  <category>
   Sweater
  </category>
  <size>
   XXL
  </size>
  <color>
   Зеленый
  </color>
  <material>
   Лен
  </material>
  <price>
   934207
  </price>
  <rating>
   2.33
  </rating>
  <reviews>
   553696
  </reviews>
  <new>
   -
  </new>
  <sporty>
   yes
  </sporty>
 </clothing>
 <clothing>
  <id>
   451027418
  </id>
  <name>
   Adidas Umbrellas K-9081
  </name>
  <category>
   Umbrellas
  </category>
  <size>
   S
  </size>
  <color>
   Голубой
  </color>
  <material>
   Кожа
  </material>
  <price>
   943042
  </price>
  <rating>
   3.26
  </rating>
  <reviews>
   67915
  </reviews>
  <new>
   -
  </new>
 </clothing>
 <clothing>
  <id>
   489098730
  </id>
  <name>
   Asics Gloves I-1937
  </name>
  <category>
   Gloves
  </category>
  <size>
   XL
  </size>
  <color>
   Желтый
  </color>
  <material>
   Лен
  </material>
  <price>
   974196
  </price>
  <rating>
   3.19
  </rating>
  <reviews>
   947575
  </reviews>
  <new>
   +
  </new>
  <exclusive>
   no
  </exclusive>
  <sporty>
   yes
  </sporty>
 </clothing>
 <clothing>
  <id>
   488320361
  </id>
  <name>
   Asics Umbrellas E-5943
  </name>
  <category>
   Umbrellas
  </category>
  <size>
   S
  </size>
  <color>
   Зеленый
  </color>
  <material>
   Шерсть
  </material>
  <price>
   591175
  </price>
  <rating>
   3.13
  </rating>
  <reviews>
   955905
  </reviews>
  <new>
   +
  </new>
  <exclusive>
   yes
  </exclusive>
 </clothing>
 <clothing>
  <id>
   678817993
  </id>
  <name>
   Reebok Socks E-4593
  </name>
  <category>
   Socks
  </category>
  <size>
   XL
  </size>
  <color>
   Красный
  </color>
  <material>
   Лен
  </material>
  <price>
   901734
  </price>
  <rating>
   1.62
  </rating>
  <reviews>
   217368
  </reviews>
  <sporty>
   yes
  </sporty>
 </clothing>
 <clothing>
  <id>
   464418936
  </id>
  <name>
   New Balance Skirt Z-3998
  </name>
  <category>
   Skirt
  </category>
  <size>
   XL
  </size>
  <color>
   Фиолетовый
  </color>
  <material>
   Нейлон
  </material>
  <price>
   409299
  </price>
  <rating>
   3.44
  </rating>
  <reviews>
   134505
  </reviews>
  <new>
   -
  </new>
 </clothing>
 <clothing>
  <id>
   888549636
  </id>
  <name>
   Converse Socks K-5047
  </name>
  <category>
   Socks
  </category>
  <size>
   XL
  </size>
  <color>
   Желтый
  </color>
  <material>
   Нейлон
  </material>
  <price>
   787223
  </price>
  <rating>
   1.62
  </rating>
  <reviews>
   257887
  </reviews>
  <new>
   -
  </new>
  <sporty>
   no
  </sporty>
 </clothing>
 <clothing>
  <id>
   367352353
  </id>
  <name>
   Adidas Skirt Q-8217
  </name>
  <category>
   Skirt
  </category>
  <size>
   L
  </size>
  <color>
   Фиолетовый
  </color>
  <material>
   Шелк
  </material>
  <price>
   160568
  </price>
  <rating>
   4.07
  </rating>
  <reviews>
   564115
  </reviews>
  <exclusive>
   no
  </exclusive>
 </clothing>
 <clothing>
  <id>
   527914922
  </id>
  <name>
   Reebok Handbags K-1258
  </name>
  <category>
   Handbags
  </category>
  <size>
   M
  </size>
  <color>
   Синий
  </color>
  <material>
   Нейлон
  </material>
  <price>
   664178
  </price>
  <rating>
   3.87
  </rating>
  <reviews>
   249428
  </reviews>
  <new>
   -
  </new>
 </clothing>
 <clothing>
  <id>
   586181223
  </id>
  <name>
   Nike Jacket J-8859
  </name>
  <category>
   Jacket
  </category>
  <size>
   XXL
  </size>
  <color>
   Зеленый
  </color>
  <material>
   Лен
  </material>
  <price>
   423559
  </price>
  <rating>
   1.62
  </rating>
  <reviews>
   161078
  </reviews>
  <exclusive>
   no
  </exclusive>
  <sporty>
   no
  </sporty>
 </clothing>
 <clothing>
  <id>
   975804948
  </id>
  <name>
   PleinSport Pants S-9092
  </name>
  <category>
   Pants
  </category>
  <size>
   XL
  </size>
  <color>
   Синий
  </color>
  <material>
   Полиэстер
  </material>
  <price>
   745227
  </price>
  <rating>
   1.84
  </rating>
  <reviews>
   351228
  </reviews>
 </clothing>
 <clothing>
  <id>
   860335978
  </id>
  <name>
   Puma Hat V-9936
  </name>
  <category>
   Hat
  </category>
  <size>
   XL
  </size>
  <color>
   Красный
  </color>
  <material>
   Шерсть
  </material>
  <price>
   389469
  </price>
  <rating>
   4.33
  </rating>
  <reviews>
   75758
  </reviews>
  <new>
   -
  </new>
  <exclusive>
   yes
  </exclusive>
  <sporty>
   no
  </sporty>
 </clothing>
 <clothing>
  <id>
   864845602
  </id>
  <name>
   Asics Shoes C-9194
  </name>
  <category>
   Shoes
  </category>
  <size>
   L
  </size>
  <color>
   Желтый
  </color>
  <material>
   Вискоза
  </material>
  <price>
   245454
  </price>
  <rating>
   5.0
  </rating>
  <reviews>
   588761
  </reviews>
  <exclusive>
   no
  </exclusive>
  <sporty>
   no
  </sporty>
 </clothing>
 <clothing>
  <id>
   827099588
  </id>
  <name>
   Asics Sweater V-3265
  </name>
  <category>
   Sweater
  </category>
  <size>
   XXL
  </size>
  <color>
   Красный
  </color>
  <material>
   Лен
  </material>
  <price>
   806276
  </price>
  <rating>
   2.77
  </rating>
  <reviews>
   593459
  </reviews>
  <exclusive>
   yes
  </exclusive>
  <sporty>
   no
  </sporty>
 </clothing>
 <clothing>
  <id>
   252900768
  </id>
  <name>
   Reebok Umbrellas I-1789
  </name>
  <category>
   Umbrellas
  </category>
  <size>
   M
  </size>
  <color>
   Синий
  </color>
  <material>
   Шерсть
  </material>
  <price>
   488610
  </price>
  <rating>
   2.5
  </rating>
  <reviews>
   257769
  </reviews>
  <new>
   +
  </new>
  <sporty>
   yes
  </sporty>
 </clothing>
 <clothing>
  <id>
   705565620
  </id>
  <name>
   Converse Belts E-3257
  </name>
  <category>
   Belts
  </category>
  <size>
   M
  </size>
  <color>
   Оранжевый
  </color>
  <material>
   Шерсть
  </material>
  <price>
   640414
  </price>
  <rating>
   4.52
  </rating>
  <reviews>
   107405
  </reviews>
  <new>
   +
  </new>
  <exclusive>
   no
  </exclusive>
  <sporty>
   yes
  </sporty>
 </clothing>
 <clothing>
  <id>
   903335743
  </id>
  <name>
   Ellesse Socks Q-6659
  </name>
  <category>
   Socks
  </category>
  <size>
   XXL
  </size>
  <color>
   Фиолетовый
  </color>
  <material>
   Вискоза
  </material>
  <price>
   830604
  </price>
  <rating>
   1.28
  </rating>
  <reviews>
   868729
  </reviews>
  <sporty>
   yes
  </sporty>
 </clothing>
 <clothing>
  <id>
   513404388
  </id>
  <name>
   Lacoste Gloves I-1278
  </name>
  <category>
   Gloves
  </category>
  <size>
   L
  </size>
  <color>
   Зеленый
  </color>
  <material>
   Нейлон
  </material>
  <price>
   276978
  </price>
  <rating>
   1.13
  </rating>
  <reviews>
   450304
  </reviews>
  <new>
   +
  </new>
  <exclusive>
   yes
  </exclusive>
 </clothing>
 <clothing>
  <id>
   141288363
  </id>
  <name>
   Asics Handbags X-9245
  </name>
  <category>
   Handbags
  </category>
  <size>
   XL
  </size>
  <color>
   Фиолетовый
  </color>
  <material>
   Вискоза
  </material>
  <price>
   762988
  </price>
  <rating>
   4.37
  </rating>
  <reviews>
   194447
  </reviews>
  <exclusive>
   yes
  </exclusive>
  <sporty>
   yes
  </sporty>
 </clothing>
 <clothing>
  <id>
   935027974
  </id>
  <name>
   New Balance Sweater Y-6484
  </name>
  <category>
   Sweater
  </category>
  <size>
   M
  </size>
  <color>
   Красный
  </color>
  <material>
   Шелк
  </material>
  <price>
   923634
  </price>
  <rating>
   3.06
  </rating>
  <reviews>
   839024
  </reviews>
  <new>
   -
  </new>
  <exclusive>
   yes
  </exclusive>
 </clothing>
 <clothing>
  <id>
   738868867
  </id>
  <name>
   Under Armour T-shirt D-3640
  </name>
  <category>
   T-shirt
  </category>
  <size>
   S
  </size>
  <color>
   Зеленый
  </color>
  <material>
   Шерсть
  </material>
  <price>
   616042
  </price>
  <rating>
   3.63
  </rating>
  <reviews>
   921979
  </reviews>
  <new>
   -
  </new>
 </clothing>
</clothing-items>
