<?xml version="1.0" encoding="utf-8"?>
<clothing-items>
 <clothing>
  <id>
   239323073
  </id>
  <name>
   Ellesse Pants R-7083
  </name>
  <category>
   Pants
  </category>
  <size>
   XXL
  </size>
  <color>
   Желтый
  </color>
  <material>
   Вискоза
  </material>
  <price>
   411500
  </price>
  <rating>
   1.21
  </rating>
  <reviews>
   709377
  </reviews>
  <exclusive>
   yes
  </exclusive>
 </clothing>
 <clothing>
  <id>
   625259439
  </id>
  <name>
   Under Armour Hat W-2946
  </name>
  <category>
   Hat
  </category>
  <size>
   XXL
  </size>
  <color>
   Зеленый
  </color>
  <material>
   Лен
  </material>
  <price>
   471456
  </price>
  <rating>
   4.55
  </rating>
  <reviews>
   108778
  </reviews>
  <new>
   -
  </new>
  <exclusive>
   yes
  </exclusive>
 </clothing>
 <clothing>
  <id>
   507476098
  </id>
  <name>
   New Balance Umbrellas A-5623
  </name>
  <category>
   Umbrellas
  </category>
  <size>
   L
  </size>
  <color>
   Желтый
  </color>
  <material>
   Лен
  </material>
  <price>
   411082
  </price>
  <rating>
   4.48
  </rating>
  <reviews>
   102415
  </reviews>
  <new>
   -
  </new>
  <exclusive>
   yes
  </exclusive>
  <sporty>
   no
  </sporty>
 </clothing>
 <clothing>
  <id>
   706589248
  </id>
  <name>
   Brooks Umbrellas U-8125
  </name>
  <category>
   Umbrellas
  </category>
  <size>
   M
  </size>
  <color>
   Желтый
  </color>
  <material>
   Нейлон
  </material>
  <price>
   209367
  </price>
  <rating>
   2.81
  </rating>
  <reviews>
   410193
  </reviews>
  <new>
   +
  </new>
  <exclusive>
   yes
  </exclusive>
 </clothing>
 <clothing>
  <id>
   134785834
  </id>
  <name>
   Addidas Handbags C-6062
  </name>
  <category>
   Handbags
  </category>
  <size>
   XXL
  </size>
  <color>
   Голубой
  </color>
  <material>
   Хлопок
  </material>
  <price>
   230257
  </price>
  <rating>
   2.46
  </rating>
  <reviews>
   346583
  </reviews>
  <new>
   -
  </new>
 </clothing>
 <clothing>
  <id>
   278651271
  </id>
  <name>
   New Balance Socks S-5229
  </name>
  <category>
   Socks
  </category>
  <size>
   S
  </size>
  <color>
   Зеленый
  </color>
  <material>
   Шелк
  </material>
  <price>
   733991
  </price>
  <rating>
   4.79
  </rating>
  <reviews>
   324742
  </reviews>
  <exclusive>
   no
  </exclusive>
  <sporty>
   no
  </sporty>
 </clothing>
 <clothing>
  <id>
   975115581
  </id>
  <name>
   Lacoste Jacket N-6599
  </name>
  <category>
   Jacket
  </category>
  <size>
   XXL
  </size>
  <color>
   Фиолетовый
  </color>
  <material>
   Шерсть
  </material>
  <price>
   202637
  </price>
  <rating>
   3.02
  </rating>
  <reviews>
   420924
  </reviews>
  <new>
   +
  </new>
  <exclusive>
   yes
  </exclusive>
  <sporty>
   no
  </sporty>
 </clothing>
 <clothing>
  <id>
   594575077
  </id>
  <name>
   New Balance Pants V-7825
  </name>
  <category>
   Pants
  </category>
  <size>
   XL
  </size>
  <color>
   Желтый
  </color>
  <material>
   Хлопок
  </material>
  <price>
   508540
  </price>
  <rating>
   2.83
  </rating>
  <reviews>
   190884
  </reviews>
  <new>
   +
  </new>
  <exclusive>
   yes
  </exclusive>
  <sporty>
   no
  </sporty>
 </clothing>
 <clothing>
  <id>
   874975992
  </id>
  <name>
   Ellesse Umbrellas M-2524
  </name>
  <category>
   Umbrellas
  </category>
  <size>
   L
  </size>
  <color>
   Синий
  </color>
  <material>
   Хлопок
  </material>
  <price>
   698298
  </price>
  <rating>
   3.25
  </rating>
  <reviews>
   665577
  </reviews>
  <new>
   -
  </new>
  <sporty>
   yes
  </sporty>
 </clothing>
 <clothing>
  <id>
   264287531
  </id>
  <name>
   Addidas T-shirt B-4631
  </name>
  <category>
   T-shirt
  </category>
  <size>
   L
  </size>
  <color>
   Оранжевый
  </color>
  <material>
   Хлопок
  </material>
  <price>
   328888
  </price>
  <rating>
   4.69
  </rating>
  <reviews>
   18683
  </reviews>
 </clothing>
 <clothing>
  <id>
   556302628
  </id>
  <name>
   Converse Shoes T-5608
  </name>
  <category>
   Shoes
  </category>
  <size>
   M
  </size>
  <color>
   Желтый
  </color>
  <material>
   Хлопок
  </material>
  <price>
   192682
  </price>
  <rating>
   3.02
  </rating>
  <reviews>
   585950
  </reviews>
  <exclusive>
   no
  </exclusive>
  <sporty>
   no
  </sporty>
 </clothing>
 <clothing>
  <id>
   302549808
  </id>
  <name>
   Converse Hat P-6061
  </name>
  <category>
   Hat
  </category>
  <size>
   XXL
  </size>
  <color>
   Оранжевый
  </color>
  <material>
   Шелк
  </material>
  <price>
   790164
  </price>
  <rating>
   1.84
  </rating>
  <reviews>
   23018
  </reviews>
  <new>
   -
  </new>
  <sporty>
   yes
  </sporty>
 </clothing>
 <clothing>
  <id>
   345953778
  </id>
  <name>
   Asics Gloves W-4628
  </name>
  <category>
   Gloves
  </category>
  <size>
   XL
  </size>
  <color>
   Оранжевый
  </color>
  <material>
   Полиэстер
  </material>
  <price>
   355185
  </price>
  <rating>
   2.67
  </rating>
  <reviews>
   604283
  </reviews>
  <exclusive>
   yes
  </exclusive>
  <sporty>
   no
  </sporty>
 </clothing>
 <clothing>
  <id>
   429297990
  </id>
  <name>
   Asics Jacket H-7249
  </name>
  <category>
   Jacket
  </category>
  <size>
   S
  </size>
  <color>
   Желтый
  </color>
  <material>
   Хлопок
  </material>
  <price>
   487743
  </price>
  <rating>
   2.95
  </rating>
  <reviews>
   757116
  </reviews>
  <sporty>
   yes
  </sporty>
 </clothing>
 <clothing>
  <id>
   258861273
  </id>
  <name>
   Puma Gloves M-1491
  </name>
  <category>
   Gloves
  </category>
  <size>
   L
  </size>
  <color>
   Желтый
  </color>
  <material>
   Лен
  </material>
  <price>
   991498
  </price>
  <rating>
   4.5
  </rating>
  <reviews>
   876565
  </reviews>
 </clothing>
 <clothing>
  <id>
   395258721
  </id>
  <name>
   Addidas Shirt C-8460
  </name>
  <category>
   Shirt
  </category>
  <size>
   XXL
  </size>
  <color>
   Фиолетовый
  </color>
  <material>
   Вискоза
  </material>
  <price>
   715979
  </price>
  <rating>
   2.75
  </rating>
  <reviews>
   37461
  </reviews>
  <sporty>
   yes
  </sporty>
 </clothing>
 <clothing>
  <id>
   198643019
  </id>
  <name>
   Converse Hat L-9170
  </name>
  <category>
   Hat
  </category>
  <size>
   XL
  </size>
  <color>
   Желтый
  </color>
  <material>
   Кожа
  </material>
  <price>
   911846
  </price>
  <rating>
   2.75
  </rating>
  <reviews>
   16310
  </reviews>
  <exclusive>
   no
  </exclusive>
 </clothing>
 <clothing>
  <id>
   707326843
  </id>
  <name>
   Asics Sweater X-8830
  </name>
  <category>
   Sweater
  </category>
  <size>
   L
  </size>
  <color>
   Зеленый
  </color>
  <material>
   Хлопок
  </material>
  <price>
   549133
  </price>
  <rating>
   4.19
  </rating>
  <reviews>
   811818
  </reviews>
  <new>
   +
  </new>
  <sporty>
   yes
  </sporty>
 </clothing>
 <clothing>
  <id>
   771348170
  </id>
  <name>
   Addidas Blouse C-8185
  </name>
  <category>
   Blouse
  </category>
  <size>
   L
  </size>
  <color>
   Синий
  </color>
  <material>
   Лен
  </material>
  <price>
   672247
  </price>
  <rating>
   2.03
  </rating>
  <reviews>
   596412
  </reviews>
  <new>
   +
  </new>
  <exclusive>
   no
  </exclusive>
 </clothing>
 <clothing>
  <id>
   166343948
  </id>
  <name>
   New Balance Shirt U-3044
  </name>
  <category>
   Shirt
  </category>
  <size>
   M
  </size>
  <color>
   Зеленый
  </color>
  <material>
   Полиэстер
  </material>
  <price>
   769730
  </price>
  <rating>
   4.42
  </rating>
  <reviews>
   536648
  </reviews>
  <new>
   -
  </new>
  <sporty>
   no
  </sporty>
 </clothing>
 <clothing>
  <id>
   280923262
  </id>
  <name>
   Reebok T-shirt B-6453
  </name>
  <category>
   T-shirt
  </category>
  <size>
   XL
  </size>
  <color>
   Голубой
  </color>
  <material>
   Шелк
  </material>
  <price>
   224508
  </price>
  <rating>
   3.52
  </rating>
  <reviews>
   521340
  </reviews>
  <exclusive>
   no
  </exclusive>
  <sporty>
   no
  </sporty>
 </clothing>
 <clothing>
  <id>
   813060554
  </id>
  <name>
   Reebok Dress H-5830
  </name>
  <category>
   Dress
  </category>
  <size>
   L
  </size>
  <color>
   Фиолетовый
  </color>
  <material>
   Нейлон
  </material>
  <price>
   748825
  </price>
  <rating>
   3.15
  </rating>
  <reviews>
   633945
  </reviews>
  <new>
   -
  </new>
 </clothing>
</clothing-items>
