<?xml version="1.0" encoding="utf-8"?>
<clothing-items>
 <clothing>
  <id>
   369182582
  </id>
  <name>
   Under Armour Shirt X-8308
  </name>
  <category>
   Shirt
  </category>
  <size>
   XL
  </size>
  <color>
   Голубой
  </color>
  <material>
   Лен
  </material>
  <price>
   189478
  </price>
  <rating>
   4.73
  </rating>
  <reviews>
   723135
  </reviews>
  <exclusive>
   yes
  </exclusive>
 </clothing>
 <clothing>
  <id>
   512364440
  </id>
  <name>
   Nike Pants K-9166
  </name>
  <category>
   Pants
  </category>
  <size>
   L
  </size>
  <color>
   Желтый
  </color>
  <material>
   Полиэстер
  </material>
  <price>
   305882
  </price>
  <rating>
   3.52
  </rating>
  <reviews>
   302068
  </reviews>
  <exclusive>
   yes
  </exclusive>
 </clothing>
 <clothing>
  <id>
   609264760
  </id>
  <name>
   Converse Hat Z-3472
  </name>
  <category>
   Hat
  </category>
  <size>
   XXL
  </size>
  <color>
   Голубой
  </color>
  <material>
   Нейлон
  </material>
  <price>
   908400
  </price>
  <rating>
   1.48
  </rating>
  <reviews>
   567144
  </reviews>
  <exclusive>
   no
  </exclusive>
  <sporty>
   yes
  </sporty>
 </clothing>
 <clothing>
  <id>
   443097642
  </id>
  <name>
   Adidas T-shirt D-5011
  </name>
  <category>
   T-shirt
  </category>
  <size>
   M
  </size>
  <color>
   Голубой
  </color>
  <material>
   Хлопок
  </material>
  <price>
   938716
  </price>
  <rating>
   1.16
  </rating>
  <reviews>
   23365
  </reviews>
  <exclusive>
   yes
  </exclusive>
 </clothing>
 <clothing>
  <id>
   434678335
  </id>
  <name>
   PleinSport Skirt P-9171
  </name>
  <category>
   Skirt
  </category>
  <size>
   L
  </size>
  <color>
   Синий
  </color>
  <material>
   Кожа
  </material>
  <price>
   852972
  </price>
  <rating>
   4.19
  </rating>
  <reviews>
   37908
  </reviews>
  <exclusive>
   no
  </exclusive>
  <sporty>
   no
  </sporty>
 </clothing>
 <clothing>
  <id>
   557406586
  </id>
  <name>
   Fila Hat E-2558
  </name>
  <category>
   Hat
  </category>
  <size>
   L
  </size>
  <color>
   Фиолетовый
  </color>
  <material>
   Лен
  </material>
  <price>
   275415
  </price>
  <rating>
   4.71
  </rating>
  <reviews>
   865066
  </reviews>
  <exclusive>
   no
  </exclusive>
 </clothing>
 <clothing>
  <id>
   386378148
  </id>
  <name>
   Reebok Hat J-2046
  </name>
  <category>
   Hat
  </category>
  <size>
   L
  </size>
  <color>
   Желтый
  </color>
  <material>
   Хлопок
  </material>
  <price>
   312382
  </price>
  <rating>
   1.54
  </rating>
  <reviews>
   72249
  </reviews>
  <exclusive>
   no
  </exclusive>
  <sporty>
   no
  </sporty>
 </clothing>
 <clothing>
  <id>
   152899884
  </id>
  <name>
   Brooks Blouse P-4261
  </name>
  <category>
   Blouse
  </category>
  <size>
   L
  </size>
  <color>
   Синий
  </color>
  <material>
   Нейлон
  </material>
  <price>
   259843
  </price>
  <rating>
   3.38
  </rating>
  <reviews>
   92351
  </reviews>
 </clothing>
 <clothing>
  <id>
   266509584
  </id>
  <name>
   Converse Umbrellas C-4209
  </name>
  <category>
   Umbrellas
  </category>
  <size>
   S
  </size>
  <color>
   Красный
  </color>
  <material>
   Шелк
  </material>
  <price>
   355783
  </price>
  <rating>
   4.8
  </rating>
  <reviews>
   483652
  </reviews>
  <exclusive>
   yes
  </exclusive>
 </clothing>
 <clothing>
  <id>
   726640655
  </id>
  <name>
   Adidas Skirt D-2297
  </name>
  <category>
   Skirt
  </category>
  <size>
   XL
  </size>
  <color>
   Оранжевый
  </color>
  <material>
   Вискоза
  </material>
  <price>
   491176
  </price>
  <rating>
   2.2
  </rating>
  <reviews>
   53345
  </reviews>
  <sporty>
   no
  </sporty>
 </clothing>
 <clothing>
  <id>
   278403566
  </id>
  <name>
   DC Handbags C-5322
  </name>
  <category>
   Handbags
  </category>
  <size>
   S
  </size>
  <color>
   Зеленый
  </color>
  <material>
   Лен
  </material>
  <price>
   789148
  </price>
  <rating>
   4.45
  </rating>
  <reviews>
   968116
  </reviews>
  <exclusive>
   no
  </exclusive>
 </clothing>
 <clothing>
  <id>
   273524752
  </id>
  <name>
   Nike Shoes J-1973
  </name>
  <category>
   Shoes
  </category>
  <size>
   XXL
  </size>
  <color>
   Зеленый
  </color>
  <material>
   Хлопок
  </material>
  <price>
   686155
  </price>
  <rating>
   2.41
  </rating>
  <reviews>
   943259
  </reviews>
  <new>
   +
  </new>
  <exclusive>
   yes
  </exclusive>
 </clothing>
 <clothing>
  <id>
   545407586
  </id>
  <name>
   Puma Dress E-4028
  </name>
  <category>
   Dress
  </category>
  <size>
   XXL
  </size>
  <color>
   Желтый
  </color>
  <material>
   Кожа
  </material>
  <price>
   668306
  </price>
  <rating>
   4.53
  </rating>
  <reviews>
   965607
  </reviews>
  <new>
   +
  </new>
  <sporty>
   yes
  </sporty>
 </clothing>
 <clothing>
  <id>
   979155213
  </id>
  <name>
   Asics Umbrellas F-7986
  </name>
  <category>
   Umbrellas
  </category>
  <size>
   M
  </size>
  <color>
   Фиолетовый
  </color>
  <material>
   Шерсть
  </material>
  <price>
   637267
  </price>
  <rating>
   1.73
  </rating>
  <reviews>
   973256
  </reviews>
  <sporty>
   yes
  </sporty>
 </clothing>
 <clothing>
  <id>
   519216314
  </id>
  <name>
   Asics T-shirt O-3906
  </name>
  <category>
   T-shirt
  </category>
  <size>
   XL
  </size>
  <color>
   Голубой
  </color>
  <material>
   Лен
  </material>
  <price>
   165632
  </price>
  <rating>
   2.72
  </rating>
  <reviews>
   292070
  </reviews>
  <new>
   -
  </new>
  <exclusive>
   no
  </exclusive>
 </clothing>
 <clothing>
  <id>
   921499203
  </id>
  <name>
   Addidas Gloves O-8975
  </name>
  <category>
   Gloves
  </category>
  <size>
   XXL
  </size>
  <color>
   Голубой
  </color>
  <material>
   Кожа
  </material>
  <price>
   187679
  </price>
  <rating>
   1.93
  </rating>
  <reviews>
   356831
  </reviews>
  <sporty>
   yes
  </sporty>
 </clothing>
 <clothing>
  <id>
   536233211
  </id>
  <name>
   Addidas Sweater O-1689
  </name>
  <category>
   Sweater
  </category>
  <size>
   XXL
  </size>
  <color>
   Фиолетовый
  </color>
  <material>
   Шерсть
  </material>
  <price>
   469233
  </price>
  <rating>
   4.09
  </rating>
  <reviews>
   386843
  </reviews>
  <new>
   +
  </new>
  <exclusive>
   no
  </exclusive>
 </clothing>
 <clothing>
  <id>
   852862245
  </id>
  <name>
   Addidas Dress W-2151
  </name>
  <category>
   Dress
  </category>
  <size>
   S
  </size>
  <color>
   Красный
  </color>
  <material>
   Кожа
  </material>
  <price>
   121636
  </price>
  <rating>
   3.32
  </rating>
  <reviews>
   967722
  </reviews>
  <new>
   +
  </new>
  <sporty>
   no
  </sporty>
 </clothing>
 <clothing>
  <id>
   939599447
  </id>
  <name>
   Asics T-shirt B-5177
  </name>
  <category>
   T-shirt
  </category>
  <size>
   XXL
  </size>
  <color>
   Красный
  </color>
  <material>
   Нейлон
  </material>
  <price>
   747357
  </price>
  <rating>
   4.27
  </rating>
  <reviews>
   726210
  </reviews>
  <new>
   -
  </new>
  <sporty>
   no
  </sporty>
 </clothing>
 <clothing>
  <id>
   212087525
  </id>
  <name>
   Asics Shirt G-2643
  </name>
  <category>
   Shirt
  </category>
  <size>
   XXL
  </size>
  <color>
   Желтый
  </color>
  <material>
   Хлопок
  </material>
  <price>
   145584
  </price>
  <rating>
   3.23
  </rating>
  <reviews>
   503605
  </reviews>
  <exclusive>
   no
  </exclusive>
  <sporty>
   no
  </sporty>
 </clothing>
 <clothing>
  <id>
   803760574
  </id>
  <name>
   Nike Blouse F-1963
  </name>
  <category>
   Blouse
  </category>
  <size>
   M
  </size>
  <color>
   Фиолетовый
  </color>
  <material>
   Шерсть
  </material>
  <price>
   514434
  </price>
  <rating>
   1.4
  </rating>
  <reviews>
   65329
  </reviews>
 </clothing>
 <clothing>
  <id>
   190445266
  </id>
  <name>
   Fila Umbrellas A-8967
  </name>
  <category>
   Umbrellas
  </category>
  <size>
   XXL
  </size>
  <color>
   Оранжевый
  </color>
  <material>
   Кожа
  </material>
  <price>
   379805
  </price>
  <rating>
   3.19
  </rating>
  <reviews>
   309704
  </reviews>
 </clothing>
 <clothing>
  <id>
   206129884
  </id>
  <name>
   Brooks Umbrellas S-4686
  </name>
  <category>
   Umbrellas
  </category>
  <size>
   XXL
  </size>
  <color>
   Желтый
  </color>
  <material>
   Полиэстер
  </material>
  <price>
   267345
  </price>
  <rating>
   4.74
  </rating>
  <reviews>
   98251
  </reviews>
  <new>
   +
  </new>
  <exclusive>
   yes
  </exclusive>
 </clothing>
 <clothing>
  <id>
   682269124
  </id>
  <name>
   Under Armour Shoes H-1742
  </name>
  <category>
   Shoes
  </category>
  <size>
   XXL
  </size>
  <color>
   Голубой
  </color>
  <material>
   Кожа
  </material>
  <price>
   916788
  </price>
  <rating>
   3.0
  </rating>
  <reviews>
   597903
  </reviews>
  <new>
   +
  </new>
  <exclusive>
   no
  </exclusive>
  <sporty>
   no
  </sporty>
 </clothing>
 <clothing>
  <id>
   293805167
  </id>
  <name>
   New Balance Jeans V-2090
  </name>
  <category>
   Jeans
  </category>
  <size>
   M
  </size>
  <color>
   Красный
  </color>
  <material>
   Кожа
  </material>
  <price>
   843668
  </price>
  <rating>
   3.88
  </rating>
  <reviews>
   708088
  </reviews>
  <new>
   +
  </new>
  <exclusive>
   no
  </exclusive>
  <sporty>
   yes
  </sporty>
 </clothing>
 <clothing>
  <id>
   893340529
  </id>
  <name>
   Ellesse Shirt J-2803
  </name>
  <category>
   Shirt
  </category>
  <size>
   XXL
  </size>
  <color>
   Зеленый
  </color>
  <material>
   Шелк
  </material>
  <price>
   184420
  </price>
  <rating>
   4.82
  </rating>
  <reviews>
   11729
  </reviews>
  <new>
   -
  </new>
  <exclusive>
   no
  </exclusive>
  <sporty>
   no
  </sporty>
 </clothing>
 <clothing>
  <id>
   575563559
  </id>
  <name>
   Asics Belts A-2784
  </name>
  <category>
   Belts
  </category>
  <size>
   L
  </size>
  <color>
   Зеленый
  </color>
  <material>
   Шерсть
  </material>
  <price>
   961590
  </price>
  <rating>
   4.29
  </rating>
  <reviews>
   89399
  </reviews>
  <exclusive>
   no
  </exclusive>
 </clothing>
 <clothing>
  <id>
   978977145
  </id>
  <name>
   Addidas Pants E-9921
  </name>
  <category>
   Pants
  </category>
  <size>
   M
  </size>
  <color>
   Желтый
  </color>
  <material>
   Хлопок
  </material>
  <price>
   373592
  </price>
  <rating>
   1.28
  </rating>
  <reviews>
   73283
  </reviews>
  <new>
   +
  </new>
  <exclusive>
   yes
  </exclusive>
  <sporty>
   no
  </sporty>
 </clothing>
 <clothing>
  <id>
   118771304
  </id>
  <name>
   DC T-shirt Z-4236
  </name>
  <category>
   T-shirt
  </category>
  <size>
   XL
  </size>
  <color>
   Оранжевый
  </color>
  <material>
   Нейлон
  </material>
  <price>
   383207
  </price>
  <rating>
   4.71
  </rating>
  <reviews>
   483495
  </reviews>
  <new>
   -
  </new>
  <exclusive>
   yes
  </exclusive>
  <sporty>
   no
  </sporty>
 </clothing>
 <clothing>
  <id>
   495384448
  </id>
  <name>
   Addidas Skirt E-2224
  </name>
  <category>
   Skirt
  </category>
  <size>
   S
  </size>
  <color>
   Оранжевый
  </color>
  <material>
   Нейлон
  </material>
  <price>
   838793
  </price>
  <rating>
   1.1
  </rating>
  <reviews>
   162402
  </reviews>
  <new>
   -
  </new>
  <exclusive>
   no
  </exclusive>
  <sporty>
   yes
  </sporty>
 </clothing>
</clothing-items>
