<?xml version="1.0" encoding="utf-8"?>
<clothing-items>
 <clothing>
  <id>
   331405552
  </id>
  <name>
   Fila Pants T-6246
  </name>
  <category>
   Pants
  </category>
  <size>
   M
  </size>
  <color>
   Голубой
  </color>
  <material>
   Шелк
  </material>
  <price>
   594399
  </price>
  <rating>
   4.32
  </rating>
  <reviews>
   84273
  </reviews>
  <sporty>
   no
  </sporty>
 </clothing>
 <clothing>
  <id>
   983538300
  </id>
  <name>
   Converse Jeans Q-4235
  </name>
  <category>
   Jeans
  </category>
  <size>
   S
  </size>
  <color>
   Оранжевый
  </color>
  <material>
   Полиэстер
  </material>
  <price>
   171058
  </price>
  <rating>
   2.04
  </rating>
  <reviews>
   777619
  </reviews>
  <new>
   -
  </new>
  <exclusive>
   yes
  </exclusive>
  <sporty>
   no
  </sporty>
 </clothing>
 <clothing>
  <id>
   115450085
  </id>
  <name>
   Addidas Umbrellas U-2279
  </name>
  <category>
   Umbrellas
  </category>
  <size>
   XXL
  </size>
  <color>
   Зеленый
  </color>
  <material>
   Хлопок
  </material>
  <price>
   894323
  </price>
  <rating>
   2.93
  </rating>
  <reviews>
   871703
  </reviews>
  <new>
   -
  </new>
  <exclusive>
   yes
  </exclusive>
  <sporty>
   no
  </sporty>
 </clothing>
 <clothing>
  <id>
   279370564
  </id>
  <name>
   Vans Gloves K-9020
  </name>
  <category>
   Gloves
  </category>
  <size>
   L
  </size>
  <color>
   Синий
  </color>
  <material>
   Шерсть
  </material>
  <price>
   647889
  </price>
  <rating>
   1.37
  </rating>
  <reviews>
   858509
  </reviews>
  <new>
   -
  </new>
  <exclusive>
   no
  </exclusive>
 </clothing>
 <clothing>
  <id>
   636527825
  </id>
  <name>
   Converse Dress R-7546
  </name>
  <category>
   Dress
  </category>
  <size>
   L
  </size>
  <color>
   Синий
  </color>
  <material>
   Вискоза
  </material>
  <price>
   749323
  </price>
  <rating>
   2.89
  </rating>
  <reviews>
   304272
  </reviews>
  <new>
   +
  </new>
  <sporty>
   no
  </sporty>
 </clothing>
 <clothing>
  <id>
   721760842
  </id>
  <name>
   New Balance Socks O-4074
  </name>
  <category>
   Socks
  </category>
  <size>
   M
  </size>
  <color>
   Красный
  </color>
  <material>
   Нейлон
  </material>
  <price>
   151578
  </price>
  <rating>
   1.96
  </rating>
  <reviews>
   48413
  </reviews>
  <exclusive>
   no
  </exclusive>
  <sporty>
   yes
  </sporty>
 </clothing>
 <clothing>
  <id>
   919716821
  </id>
  <name>
   Ellesse Hat I-4514
  </name>
  <category>
   Hat
  </category>
  <size>
   L
  </size>
  <color>
   Синий
  </color>
  <material>
   Кожа
  </material>
  <price>
   949892
  </price>
  <rating>
   2.72
  </rating>
  <reviews>
   624126
  </reviews>
  <sporty>
   no
  </sporty>
 </clothing>
 <clothing>
  <id>
   530364341
  </id>
  <name>
   Under Armour Jeans Y-1972
  </name>
  <category>
   Jeans
  </category>
  <size>
   M
  </size>
  <color>
   Фиолетовый
  </color>
  <material>
   Шерсть
  </material>
  <price>
   564430
  </price>
  <rating>
   2.86
  </rating>
  <reviews>
   431772
  </reviews>
  <new>
   +
  </new>
  <sporty>
   yes
  </sporty>
 </clothing>
 <clothing>
  <id>
   268831979
  </id>
  <name>
   Vans Jacket A-6564
  </name>
  <category>
   Jacket
  </category>
  <size>
   L
  </size>
  <color>
   Красный
  </color>
  <material>
   Лен
  </material>
  <price>
   859229
  </price>
  <rating>
   4.71
  </rating>
  <reviews>
   657483
  </reviews>
  <new>
   +
  </new>
  <exclusive>
   yes
  </exclusive>
  <sporty>
   yes
  </sporty>
 </clothing>
 <clothing>
  <id>
   780911245
  </id>
  <name>
   Under Armour Jacket P-3742
  </name>
  <category>
   Jacket
  </category>
  <size>
   XL
  </size>
  <color>
   Оранжевый
  </color>
  <material>
   Нейлон
  </material>
  <price>
   290884
  </price>
  <rating>
   4.1
  </rating>
  <reviews>
   518855
  </reviews>
  <new>
   +
  </new>
  <exclusive>
   no
  </exclusive>
 </clothing>
 <clothing>
  <id>
   435535245
  </id>
  <name>
   New Balance Jeans S-3876
  </name>
  <category>
   Jeans
  </category>
  <size>
   XL
  </size>
  <color>
   Синий
  </color>
  <material>
   Кожа
  </material>
  <price>
   315483
  </price>
  <rating>
   2.32
  </rating>
  <reviews>
   820732
  </reviews>
  <new>
   -
  </new>
  <sporty>
   no
  </sporty>
 </clothing>
 <clothing>
  <id>
   149219592
  </id>
  <name>
   Fila Jeans T-1493
  </name>
  <category>
   Jeans
  </category>
  <size>
   XL
  </size>
  <color>
   Зеленый
  </color>
  <material>
   Вискоза
  </material>
  <price>
   723534
  </price>
  <rating>
   4.5
  </rating>
  <reviews>
   597586
  </reviews>
  <exclusive>
   no
  </exclusive>
  <sporty>
   no
  </sporty>
 </clothing>
 <clothing>
  <id>
   330911463
  </id>
  <name>
   Brooks Belts E-1195
  </name>
  <category>
   Belts
  </category>
  <size>
   XXL
  </size>
  <color>
   Зеленый
  </color>
  <material>
   Хлопок
  </material>
  <price>
   511145
  </price>
  <rating>
   3.67
  </rating>
  <reviews>
   92676
  </reviews>
  <sporty>
   yes
  </sporty>
 </clothing>
 <clothing>
  <id>
   219150988
  </id>
  <name>
   Under Armour Hat Z-8962
  </name>
  <category>
   Hat
  </category>
  <size>
   L
  </size>
  <color>
   Голубой
  </color>
  <material>
   Кожа
  </material>
  <price>
   910223
  </price>
  <rating>
   4.85
  </rating>
  <reviews>
   441521
  </reviews>
  <sporty>
   yes
  </sporty>
 </clothing>
 <clothing>
  <id>
   484650912
  </id>
  <name>
   Asics Jeans S-5608
  </name>
  <category>
   Jeans
  </category>
  <size>
   M
  </size>
  <color>
   Красный
  </color>
  <material>
   Нейлон
  </material>
  <price>
   196338
  </price>
  <rating>
   4.2
  </rating>
  <reviews>
   781953
  </reviews>
  <exclusive>
   no
  </exclusive>
  <sporty>
   yes
  </sporty>
 </clothing>
 <clothing>
  <id>
   326313135
  </id>
  <name>
   New Balance Shirt D-8869
  </name>
  <category>
   Shirt
  </category>
  <size>
   XXL
  </size>
  <color>
   Оранжевый
  </color>
  <material>
   Нейлон
  </material>
  <price>
   731468
  </price>
  <rating>
   2.08
  </rating>
  <reviews>
   330319
  </reviews>
  <new>
   +
  </new>
  <exclusive>
   yes
  </exclusive>
  <sporty>
   yes
  </sporty>
 </clothing>
 <clothing>
  <id>
   962021232
  </id>
  <name>
   Addidas Pants F-5800
  </name>
  <category>
   Pants
  </category>
  <size>
   S
  </size>
  <color>
   Оранжевый
  </color>
  <material>
   Полиэстер
  </material>
  <price>
   573344
  </price>
  <rating>
   4.36
  </rating>
  <reviews>
   93160
  </reviews>
  <new>
   +
  </new>
  <sporty>
   yes
  </sporty>
 </clothing>
 <clothing>
  <id>
   147822379
  </id>
  <name>
   Under Armour Shoes X-1066
  </name>
  <category>
   Shoes
  </category>
  <size>
   XXL
  </size>
  <color>
   Голубой
  </color>
  <material>
   Лен
  </material>
  <price>
   244541
  </price>
  <rating>
   2.73
  </rating>
  <reviews>
   946324
  </reviews>
  <new>
   -
  </new>
  <exclusive>
   no
  </exclusive>
  <sporty>
   yes
  </sporty>
 </clothing>
 <clothing>
  <id>
   918177204
  </id>
  <name>
   DC Jeans D-3875
  </name>
  <category>
   Jeans
  </category>
  <size>
   L
  </size>
  <color>
   Оранжевый
  </color>
  <material>
   Шерсть
  </material>
  <price>
   793564
  </price>
  <rating>
   1.67
  </rating>
  <reviews>
   425924
  </reviews>
  <sporty>
   yes
  </sporty>
 </clothing>
 <clothing>
  <id>
   712166656
  </id>
  <name>
   Nike Socks I-5162
  </name>
  <category>
   Socks
  </category>
  <size>
   XL
  </size>
  <color>
   Голубой
  </color>
  <material>
   Полиэстер
  </material>
  <price>
   909620
  </price>
  <rating>
   3.52
  </rating>
  <reviews>
   916886
  </reviews>
 </clothing>
 <clothing>
  <id>
   599186787
  </id>
  <name>
   Asics Shirt A-8568
  </name>
  <category>
   Shirt
  </category>
  <size>
   XXL
  </size>
  <color>
   Голубой
  </color>
  <material>
   Кожа
  </material>
  <price>
   978347
  </price>
  <rating>
   2.09
  </rating>
  <reviews>
   552804
  </reviews>
  <new>
   -
  </new>
  <sporty>
   yes
  </sporty>
 </clothing>
 <clothing>
  <id>
   743215414
  </id>
  <name>
   Ellesse Blouse Y-1285
  </name>
  <category>
   Blouse
  </category>
  <size>
   L
  </size>
  <color>
   Зеленый
  </color>
  <material>
   Кожа
  </material>
  <price>
   298885
  </price>
  <rating>
   2.36
  </rating>
  <reviews>
   104878
  </reviews>
  <exclusive>
   no
  </exclusive>
 </clothing>
 <clothing>
  <id>
   732452038
  </id>
  <name>
   Adidas Shirt S-3131
  </name>
  <category>
   Shirt
  </category>
  <size>
   XXL
  </size>
  <color>
   Фиолетовый
  </color>
  <material>
   Хлопок
  </material>
  <price>
   374209
  </price>
  <rating>
   4.56
  </rating>
  <reviews>
   109904
  </reviews>
  <new>
   -
  </new>
 </clothing>
 <clothing>
  <id>
   655899279
  </id>
  <name>
   Asics Shoes U-3240
  </name>
  <category>
   Shoes
  </category>
  <size>
   XXL
  </size>
  <color>
   Синий
  </color>
  <material>
   Нейлон
  </material>
  <price>
   596679
  </price>
  <rating>
   3.34
  </rating>
  <reviews>
   953196
  </reviews>
  <new>
   -
  </new>
  <sporty>
   yes
  </sporty>
 </clothing>
 <clothing>
  <id>
   922646764
  </id>
  <name>
   New Balance Hat O-3476
  </name>
  <category>
   Hat
  </category>
  <size>
   XL
  </size>
  <color>
   Красный
  </color>
  <material>
   Вискоза
  </material>
  <price>
   906939
  </price>
  <rating>
   4.21
  </rating>
  <reviews>
   353173
  </reviews>
  <new>
   -
  </new>
  <exclusive>
   no
  </exclusive>
 </clothing>
 <clothing>
  <id>
   814615297
  </id>
  <name>
   Vans Belts T-5284
  </name>
  <category>
   Belts
  </category>
  <size>
   XXL
  </size>
  <color>
   Оранжевый
  </color>
  <material>
   Полиэстер
  </material>
  <price>
   593794
  </price>
  <rating>
   2.43
  </rating>
  <reviews>
   787060
  </reviews>
  <new>
   +
  </new>
  <exclusive>
   yes
  </exclusive>
  <sporty>
   no
  </sporty>
 </clothing>
 <clothing>
  <id>
   491843130
  </id>
  <name>
   Nike Skirt G-2791
  </name>
  <category>
   Skirt
  </category>
  <size>
   L
  </size>
  <color>
   Голубой
  </color>
  <material>
   Хлопок
  </material>
  <price>
   642298
  </price>
  <rating>
   2.26
  </rating>
  <reviews>
   755877
  </reviews>
  <exclusive>
   yes
  </exclusive>
 </clothing>
 <clothing>
  <id>
   201254451
  </id>
  <name>
   Vans Gloves R-6913
  </name>
  <category>
   Gloves
  </category>
  <size>
   M
  </size>
  <color>
   Оранжевый
  </color>
  <material>
   Кожа
  </material>
  <price>
   509019
  </price>
  <rating>
   4.22
  </rating>
  <reviews>
   407343
  </reviews>
  <new>
   -
  </new>
  <sporty>
   yes
  </sporty>
 </clothing>
 <clothing>
  <id>
   456204895
  </id>
  <name>
   Asics Dress H-9117
  </name>
  <category>
   Dress
  </category>
  <size>
   XL
  </size>
  <color>
   Голубой
  </color>
  <material>
   Шелк
  </material>
  <price>
   485379
  </price>
  <rating>
   3.06
  </rating>
  <reviews>
   89932
  </reviews>
 </clothing>
 <clothing>
  <id>
   497125677
  </id>
  <name>
   Fila Dress S-9815
  </name>
  <category>
   Dress
  </category>
  <size>
   S
  </size>
  <color>
   Голубой
  </color>
  <material>
   Полиэстер
  </material>
  <price>
   340679
  </price>
  <rating>
   4.73
  </rating>
  <reviews>
   324122
  </reviews>
  <exclusive>
   no
  </exclusive>
 </clothing>
 <clothing>
  <id>
   643739259
  </id>
  <name>
   Converse Skirt T-5550
  </name>
  <category>
   Skirt
  </category>
  <size>
   M
  </size>
  <color>
   Желтый
  </color>
  <material>
   Лен
  </material>
  <price>
   551013
  </price>
  <rating>
   3.13
  </rating>
  <reviews>
   935335
  </reviews>
  <sporty>
   yes
  </sporty>
 </clothing>
 <clothing>
  <id>
   860295846
  </id>
  <name>
   Nike Blouse A-2069
  </name>
  <category>
   Blouse
  </category>
  <size>
   S
  </size>
  <color>
   Оранжевый
  </color>
  <material>
   Хлопок
  </material>
  <price>
   190460
  </price>
  <rating>
   4.18
  </rating>
  <reviews>
   370878
  </reviews>
  <sporty>
   no
  </sporty>
 </clothing>
 <clothing>
  <id>
   204935816
  </id>
  <name>
   PleinSport Pants L-5785
  </name>
  <category>
   Pants
  </category>
  <size>
   L
  </size>
  <color>
   Синий
  </color>
  <material>
   Шелк
  </material>
  <price>
   907200
  </price>
  <rating>
   2.88
  </rating>
  <reviews>
   24457
  </reviews>
  <new>
   -
  </new>
 </clothing>
 <clothing>
  <id>
   258219459
  </id>
  <name>
   Asics Shoes P-6050
  </name>
  <category>
   Shoes
  </category>
  <size>
   XXL
  </size>
  <color>
   Голубой
  </color>
  <material>
   Нейлон
  </material>
  <price>
   792106
  </price>
  <rating>
   4.29
  </rating>
  <reviews>
   851438
  </reviews>
  <new>
   +
  </new>
 </clothing>
 <clothing>
  <id>
   375796563
  </id>
  <name>
   Addidas Blouse M-4895
  </name>
  <category>
   Blouse
  </category>
  <size>
   XXL
  </size>
  <color>
   Оранжевый
  </color>
  <material>
   Хлопок
  </material>
  <price>
   863261
  </price>
  <rating>
   1.23
  </rating>
  <reviews>
   128316
  </reviews>
  <new>
   -
  </new>
  <sporty>
   yes
  </sporty>
 </clothing>
 <clothing>
  <id>
   690444386
  </id>
  <name>
   Converse Umbrellas O-9914
  </name>
  <category>
   Umbrellas
  </category>
  <size>
   L
  </size>
  <color>
   Зеленый
  </color>
  <material>
   Полиэстер
  </material>
  <price>
   628536
  </price>
  <rating>
   1.3
  </rating>
  <reviews>
   740815
  </reviews>
  <sporty>
   yes
  </sporty>
 </clothing>
 <clothing>
  <id>
   866346871
  </id>
  <name>
   Reebok Jeans A-9325
  </name>
  <category>
   Jeans
  </category>
  <size>
   L
  </size>
  <color>
   Оранжевый
  </color>
  <material>
   Шерсть
  </material>
  <price>
   571314
  </price>
  <rating>
   2.25
  </rating>
  <reviews>
   30397
  </reviews>
  <exclusive>
   yes
  </exclusive>
 </clothing>
 <clothing>
  <id>
   560157790
  </id>
  <name>
   Nike Jeans T-6911
  </name>
  <category>
   Jeans
  </category>
  <size>
   L
  </size>
  <color>
   Голубой
  </color>
  <material>
   Кожа
  </material>
  <price>
   563943
  </price>
  <rating>
   4.24
  </rating>
  <reviews>
   865632
  </reviews>
  <new>
   -
  </new>
  <exclusive>
   no
  </exclusive>
 </clothing>
 <clothing>
  <id>
   562967717
  </id>
  <name>
   Addidas Jacket Y-3692
  </name>
  <category>
   Jacket
  </category>
  <size>
   L
  </size>
  <color>
   Синий
  </color>
  <material>
   Нейлон
  </material>
  <price>
   847048
  </price>
  <rating>
   3.45
  </rating>
  <reviews>
   535815
  </reviews>
  <new>
   -
  </new>
  <exclusive>
   no
  </exclusive>
 </clothing>
 <clothing>
  <id>
   545277365
  </id>
  <name>
   Adidas Gloves U-1449
  </name>
  <category>
   Gloves
  </category>
  <size>
   M
  </size>
  <color>
   Желтый
  </color>
  <material>
   Полиэстер
  </material>
  <price>
   658107
  </price>
  <rating>
   1.52
  </rating>
  <reviews>
   757424
  </reviews>
  <new>
   -
  </new>
  <exclusive>
   no
  </exclusive>
  <sporty>
   no
  </sporty>
 </clothing>
 <clothing>
  <id>
   244888744
  </id>
  <name>
   Addidas T-shirt W-8438
  </name>
  <category>
   T-shirt
  </category>
  <size>
   XXL
  </size>
  <color>
   Желтый
  </color>
  <material>
   Шелк
  </material>
  <price>
   238731
  </price>
  <rating>
   2.11
  </rating>
  <reviews>
   504721
  </reviews>
  <exclusive>
   no
  </exclusive>
  <sporty>
   no
  </sporty>
 </clothing>
 <clothing>
  <id>
   777156385
  </id>
  <name>
   Reebok Dress I-3193
  </name>
  <category>
   Dress
  </category>
  <size>
   S
  </size>
  <color>
   Фиолетовый
  </color>
  <material>
   Полиэстер
  </material>
  <price>
   532413
  </price>
  <rating>
   3.46
  </rating>
  <reviews>
   564749
  </reviews>
  <new>
   -
  </new>
  <exclusive>
   no
  </exclusive>
  <sporty>
   no
  </sporty>
 </clothing>
 <clothing>
  <id>
   781090568
  </id>
  <name>
   Adidas Belts P-6893
  </name>
  <category>
   Belts
  </category>
  <size>
   L
  </size>
  <color>
   Фиолетовый
  </color>
  <material>
   Лен
  </material>
  <price>
   849712
  </price>
  <rating>
   4.27
  </rating>
  <reviews>
   850250
  </reviews>
  <sporty>
   no
  </sporty>
 </clothing>
 <clothing>
  <id>
   539671859
  </id>
  <name>
   Addidas Hat U-7309
  </name>
  <category>
   Hat
  </category>
  <size>
   XL
  </size>
  <color>
   Зеленый
  </color>
  <material>
   Полиэстер
  </material>
  <price>
   807973
  </price>
  <rating>
   1.09
  </rating>
  <reviews>
   509267
  </reviews>
  <new>
   -
  </new>
  <exclusive>
   yes
  </exclusive>
  <sporty>
   no
  </sporty>
 </clothing>
 <clothing>
  <id>
   197251487
  </id>
  <name>
   Brooks Hat B-3821
  </name>
  <category>
   Hat
  </category>
  <size>
   XL
  </size>
  <color>
   Зеленый
  </color>
  <material>
   Нейлон
  </material>
  <price>
   939277
  </price>
  <rating>
   2.6
  </rating>
  <reviews>
   522214
  </reviews>
  <new>
   +
  </new>
  <exclusive>
   no
  </exclusive>
  <sporty>
   yes
  </sporty>
 </clothing>
 <clothing>
  <id>
   319596053
  </id>
  <name>
   Puma Umbrellas J-1711
  </name>
  <category>
   Umbrellas
  </category>
  <size>
   XXL
  </size>
  <color>
   Оранжевый
  </color>
  <material>
   Нейлон
  </material>
  <price>
   739690
  </price>
  <rating>
   4.2
  </rating>
  <reviews>
   852200
  </reviews>
 </clothing>
 <clothing>
  <id>
   643791297
  </id>
  <name>
   Vans T-shirt X-2808
  </name>
  <category>
   T-shirt
  </category>
  <size>
   L
  </size>
  <color>
   Оранжевый
  </color>
  <material>
   Лен
  </material>
  <price>
   969020
  </price>
  <rating>
   3.27
  </rating>
  <reviews>
   19643
  </reviews>
  <new>
   -
  </new>
  <sporty>
   no
  </sporty>
 </clothing>
 <clothing>
  <id>
   365892862
  </id>
  <name>
   Converse T-shirt Y-8120
  </name>
  <category>
   T-shirt
  </category>
  <size>
   L
  </size>
  <color>
   Зеленый
  </color>
  <material>
   Кожа
  </material>
  <price>
   268320
  </price>
  <rating>
   2.39
  </rating>
  <reviews>
   612932
  </reviews>
  <new>
   -
  </new>
 </clothing>
 <clothing>
  <id>
   141861027
  </id>
  <name>
   Reebok Jeans U-9084
  </name>
  <category>
   Jeans
  </category>
  <size>
   M
  </size>
  <color>
   Зеленый
  </color>
  <material>
   Хлопок
  </material>
  <price>
   717715
  </price>
  <rating>
   3.04
  </rating>
  <reviews>
   95285
  </reviews>
  <new>
   +
  </new>
  <exclusive>
   yes
  </exclusive>
 </clothing>
</clothing-items>
