<?xml version="1.0" encoding="utf-8"?>
<clothing-items>
 <clothing>
  <id>
   997908127
  </id>
  <name>
   PleinSport T-shirt F-4554
  </name>
  <category>
   T-shirt
  </category>
  <size>
   XXL
  </size>
  <color>
   Фиолетовый
  </color>
  <material>
   Шерсть
  </material>
  <price>
   161081
  </price>
  <rating>
   1.78
  </rating>
  <reviews>
   320565
  </reviews>
  <exclusive>
   yes
  </exclusive>
  <sporty>
   yes
  </sporty>
 </clothing>
 <clothing>
  <id>
   420591494
  </id>
  <name>
   Brooks Handbags K-4069
  </name>
  <category>
   Handbags
  </category>
  <size>
   L
  </size>
  <color>
   Желтый
  </color>
  <material>
   Кожа
  </material>
  <price>
   601454
  </price>
  <rating>
   4.73
  </rating>
  <reviews>
   403392
  </reviews>
  <exclusive>
   yes
  </exclusive>
  <sporty>
   yes
  </sporty>
 </clothing>
 <clothing>
  <id>
   738206742
  </id>
  <name>
   Converse Jacket J-8709
  </name>
  <category>
   Jacket
  </category>
  <size>
   S
  </size>
  <color>
   Желтый
  </color>
  <material>
   Шелк
  </material>
  <price>
   954442
  </price>
  <rating>
   3.39
  </rating>
  <reviews>
   771931
  </reviews>
  <new>
   -
  </new>
  <exclusive>
   no
  </exclusive>
  <sporty>
   yes
  </sporty>
 </clothing>
 <clothing>
  <id>
   936194514
  </id>
  <name>
   DC Blouse D-1714
  </name>
  <category>
   Blouse
  </category>
  <size>
   M
  </size>
  <color>
   Синий
  </color>
  <material>
   Полиэстер
  </material>
  <price>
   196645
  </price>
  <rating>
   3.96
  </rating>
  <reviews>
   332328
  </reviews>
 </clothing>
 <clothing>
  <id>
   165511800
  </id>
  <name>
   PleinSport Sweater Z-6917
  </name>
  <category>
   Sweater
  </category>
  <size>
   XL
  </size>
  <color>
   Зеленый
  </color>
  <material>
   Вискоза
  </material>
  <price>
   313429
  </price>
  <rating>
   4.41
  </rating>
  <reviews>
   229004
  </reviews>
 </clothing>
 <clothing>
  <id>
   426522814
  </id>
  <name>
   New Balance Dress E-7283
  </name>
  <category>
   Dress
  </category>
  <size>
   S
  </size>
  <color>
   Зеленый
  </color>
  <material>
   Нейлон
  </material>
  <price>
   573197
  </price>
  <rating>
   2.79
  </rating>
  <reviews>
   270549
  </reviews>
  <new>
   +
  </new>
 </clothing>
 <clothing>
  <id>
   726050534
  </id>
  <name>
   Lacoste Shirt H-5513
  </name>
  <category>
   Shirt
  </category>
  <size>
   XL
  </size>
  <color>
   Красный
  </color>
  <material>
   Полиэстер
  </material>
  <price>
   616247
  </price>
  <rating>
   2.15
  </rating>
  <reviews>
   144779
  </reviews>
  <new>
   -
  </new>
  <exclusive>
   no
  </exclusive>
 </clothing>
 <clothing>
  <id>
   277438711
  </id>
  <name>
   Brooks Skirt E-7808
  </name>
  <category>
   Skirt
  </category>
  <size>
   S
  </size>
  <color>
   Голубой
  </color>
  <material>
   Шерсть
  </material>
  <price>
   277012
  </price>
  <rating>
   1.79
  </rating>
  <reviews>
   203255
  </reviews>
 </clothing>
 <clothing>
  <id>
   931228901
  </id>
  <name>
   Addidas Pants R-2629
  </name>
  <category>
   Pants
  </category>
  <size>
   L
  </size>
  <color>
   Желтый
  </color>
  <material>
   Лен
  </material>
  <price>
   476691
  </price>
  <rating>
   2.6
  </rating>
  <reviews>
   538017
  </reviews>
  <exclusive>
   no
  </exclusive>
  <sporty>
   no
  </sporty>
 </clothing>
 <clothing>
  <id>
   877371356
  </id>
  <name>
   Lacoste Shoes C-3972
  </name>
  <category>
   Shoes
  </category>
  <size>
   XL
  </size>
  <color>
   Оранжевый
  </color>
  <material>
   Шерсть
  </material>
  <price>
   163581
  </price>
  <rating>
   3.82
  </rating>
  <reviews>
   122560
  </reviews>
  <exclusive>
   no
  </exclusive>
  <sporty>
   yes
  </sporty>
 </clothing>
 <clothing>
  <id>
   105404367
  </id>
  <name>
   Under Armour Gloves L-5175
  </name>
  <category>
   Gloves
  </category>
  <size>
   M
  </size>
  <color>
   Оранжевый
  </color>
  <material>
   Хлопок
  </material>
  <price>
   884665
  </price>
  <rating>
   3.23
  </rating>
  <reviews>
   443822
  </reviews>
  <new>
   -
  </new>
  <sporty>
   no
  </sporty>
 </clothing>
 <clothing>
  <id>
   347835753
  </id>
  <name>
   Puma Belts Y-4293
  </name>
  <category>
   Belts
  </category>
  <size>
   S
  </size>
  <color>
   Фиолетовый
  </color>
  <material>
   Нейлон
  </material>
  <price>
   140576
  </price>
  <rating>
   4.15
  </rating>
  <reviews>
   819644
  </reviews>
  <new>
   +
  </new>
  <sporty>
   no
  </sporty>
 </clothing>
 <clothing>
  <id>
   758629089
  </id>
  <name>
   Lacoste Sweater P-3476
  </name>
  <category>
   Sweater
  </category>
  <size>
   S
  </size>
  <color>
   Оранжевый
  </color>
  <material>
   Лен
  </material>
  <price>
   615291
  </price>
  <rating>
   4.17
  </rating>
  <reviews>
   964326
  </reviews>
  <new>
   +
  </new>
  <sporty>
   no
  </sporty>
 </clothing>
 <clothing>
  <id>
   843553536
  </id>
  <name>
   PleinSport Blouse S-3874
  </name>
  <category>
   Blouse
  </category>
  <size>
   S
  </size>
  <color>
   Зеленый
  </color>
  <material>
   Шелк
  </material>
  <price>
   932416
  </price>
  <rating>
   2.34
  </rating>
  <reviews>
   789393
  </reviews>
  <new>
   -
  </new>
  <sporty>
   no
  </sporty>
 </clothing>
 <clothing>
  <id>
   575249729
  </id>
  <name>
   New Balance Socks N-3731
  </name>
  <category>
   Socks
  </category>
  <size>
   XXL
  </size>
  <color>
   Фиолетовый
  </color>
  <material>
   Кожа
  </material>
  <price>
   504920
  </price>
  <rating>
   2.94
  </rating>
  <reviews>
   666957
  </reviews>
  <exclusive>
   yes
  </exclusive>
  <sporty>
   no
  </sporty>
 </clothing>
 <clothing>
  <id>
   796885985
  </id>
  <name>
   Fila Gloves P-8179
  </name>
  <category>
   Gloves
  </category>
  <size>
   S
  </size>
  <color>
   Красный
  </color>
  <material>
   Шелк
  </material>
  <price>
   583904
  </price>
  <rating>
   1.6
  </rating>
  <reviews>
   314695
  </reviews>
  <new>
   -
  </new>
  <sporty>
   no
  </sporty>
 </clothing>
 <clothing>
  <id>
   237288581
  </id>
  <name>
   Reebok Socks T-8671
  </name>
  <category>
   Socks
  </category>
  <size>
   XXL
  </size>
  <color>
   Голубой
  </color>
  <material>
   Полиэстер
  </material>
  <price>
   997198
  </price>
  <rating>
   2.94
  </rating>
  <reviews>
   98359
  </reviews>
  <new>
   +
  </new>
  <exclusive>
   yes
  </exclusive>
  <sporty>
   yes
  </sporty>
 </clothing>
 <clothing>
  <id>
   298046696
  </id>
  <name>
   Addidas Shirt V-7126
  </name>
  <category>
   Shirt
  </category>
  <size>
   S
  </size>
  <color>
   Оранжевый
  </color>
  <material>
   Вискоза
  </material>
  <price>
   403315
  </price>
  <rating>
   4.21
  </rating>
  <reviews>
   461366
  </reviews>
  <new>
   +
  </new>
  <exclusive>
   no
  </exclusive>
 </clothing>
 <clothing>
  <id>
   139014679
  </id>
  <name>
   Adidas Handbags G-5354
  </name>
  <category>
   Handbags
  </category>
  <size>
   L
  </size>
  <color>
   Зеленый
  </color>
  <material>
   Полиэстер
  </material>
  <price>
   342511
  </price>
  <rating>
   1.91
  </rating>
  <reviews>
   564072
  </reviews>
  <new>
   -
  </new>
  <exclusive>
   yes
  </exclusive>
 </clothing>
 <clothing>
  <id>
   706513710
  </id>
  <name>
   Ellesse Blouse D-7416
  </name>
  <category>
   Blouse
  </category>
  <size>
   M
  </size>
  <color>
   Зеленый
  </color>
  <material>
   Полиэстер
  </material>
  <price>
   643807
  </price>
  <rating>
   2.01
  </rating>
  <reviews>
   330521
  </reviews>
  <new>
   +
  </new>
  <exclusive>
   no
  </exclusive>
  <sporty>
   no
  </sporty>
 </clothing>
 <clothing>
  <id>
   434668423
  </id>
  <name>
   Nike Sweater I-9134
  </name>
  <category>
   Sweater
  </category>
  <size>
   S
  </size>
  <color>
   Зеленый
  </color>
  <material>
   Полиэстер
  </material>
  <price>
   789467
  </price>
  <rating>
   1.6
  </rating>
  <reviews>
   961432
  </reviews>
  <exclusive>
   no
  </exclusive>
 </clothing>
 <clothing>
  <id>
   591500798
  </id>
  <name>
   Fila Jeans T-2555
  </name>
  <category>
   Jeans
  </category>
  <size>
   XXL
  </size>
  <color>
   Зеленый
  </color>
  <material>
   Кожа
  </material>
  <price>
   886398
  </price>
  <rating>
   1.19
  </rating>
  <reviews>
   570997
  </reviews>
  <new>
   -
  </new>
  <exclusive>
   no
  </exclusive>
  <sporty>
   yes
  </sporty>
 </clothing>
 <clothing>
  <id>
   778540493
  </id>
  <name>
   Adidas Skirt X-2056
  </name>
  <category>
   Skirt
  </category>
  <size>
   M
  </size>
  <color>
   Синий
  </color>
  <material>
   Шелк
  </material>
  <price>
   420512
  </price>
  <rating>
   2.27
  </rating>
  <reviews>
   313008
  </reviews>
  <new>
   -
  </new>
  <sporty>
   no
  </sporty>
 </clothing>
 <clothing>
  <id>
   447308486
  </id>
  <name>
   Under Armour Socks L-9306
  </name>
  <category>
   Socks
  </category>
  <size>
   XXL
  </size>
  <color>
   Оранжевый
  </color>
  <material>
   Лен
  </material>
  <price>
   858699
  </price>
  <rating>
   3.72
  </rating>
  <reviews>
   673949
  </reviews>
  <sporty>
   yes
  </sporty>
 </clothing>
 <clothing>
  <id>
   709557803
  </id>
  <name>
   Lacoste Jeans N-2279
  </name>
  <category>
   Jeans
  </category>
  <size>
   XL
  </size>
  <color>
   Голубой
  </color>
  <material>
   Кожа
  </material>
  <price>
   932886
  </price>
  <rating>
   4.14
  </rating>
  <reviews>
   930787
  </reviews>
  <new>
   -
  </new>
 </clothing>
 <clothing>
  <id>
   286518972
  </id>
  <name>
   Nike Blouse Q-4043
  </name>
  <category>
   Blouse
  </category>
  <size>
   XXL
  </size>
  <color>
   Фиолетовый
  </color>
  <material>
   Полиэстер
  </material>
  <price>
   585345
  </price>
  <rating>
   2.49
  </rating>
  <reviews>
   450710
  </reviews>
  <new>
   +
  </new>
  <exclusive>
   no
  </exclusive>
 </clothing>
 <clothing>
  <id>
   824717733
  </id>
  <name>
   DC Belts K-9074
  </name>
  <category>
   Belts
  </category>
  <size>
   S
  </size>
  <color>
   Желтый
  </color>
  <material>
   Хлопок
  </material>
  <price>
   651202
  </price>
  <rating>
   4.99
  </rating>
  <reviews>
   251051
  </reviews>
 </clothing>
 <clothing>
  <id>
   292880657
  </id>
  <name>
   New Balance Belts O-8994
  </name>
  <category>
   Belts
  </category>
  <size>
   S
  </size>
  <color>
   Фиолетовый
  </color>
  <material>
   Нейлон
  </material>
  <price>
   769175
  </price>
  <rating>
   2.87
  </rating>
  <reviews>
   75437
  </reviews>
  <new>
   +
  </new>
  <exclusive>
   no
  </exclusive>
  <sporty>
   no
  </sporty>
 </clothing>
 <clothing>
  <id>
   219910731
  </id>
  <name>
   Vans Dress H-6496
  </name>
  <category>
   Dress
  </category>
  <size>
   L
  </size>
  <color>
   Желтый
  </color>
  <material>
   Вискоза
  </material>
  <price>
   679176
  </price>
  <rating>
   4.55
  </rating>
  <reviews>
   702108
  </reviews>
  <exclusive>
   yes
  </exclusive>
  <sporty>
   yes
  </sporty>
 </clothing>
 <clothing>
  <id>
   200815835
  </id>
  <name>
   Adidas T-shirt O-5713
  </name>
  <category>
   T-shirt
  </category>
  <size>
   S
  </size>
  <color>
   Оранжевый
  </color>
  <material>
   Вискоза
  </material>
  <price>
   411810
  </price>
  <rating>
   1.71
  </rating>
  <reviews>
   281128
  </reviews>
  <sporty>
   no
  </sporty>
 </clothing>
 <clothing>
  <id>
   768159102
  </id>
  <name>
   Brooks Blouse U-6984
  </name>
  <category>
   Blouse
  </category>
  <size>
   M
  </size>
  <color>
   Голубой
  </color>
  <material>
   Кожа
  </material>
  <price>
   339315
  </price>
  <rating>
   1.36
  </rating>
  <reviews>
   730454
  </reviews>
  <sporty>
   yes
  </sporty>
 </clothing>
</clothing-items>
