<?xml version="1.0" encoding="utf-8"?>
<clothing-items>
 <clothing>
  <id>
   439358712
  </id>
  <name>
   Puma Pants Y-1661
  </name>
  <category>
   Pants
  </category>
  <size>
   XXL
  </size>
  <color>
   Красный
  </color>
  <material>
   Хлопок
  </material>
  <price>
   640915
  </price>
  <rating>
   4.47
  </rating>
  <reviews>
   113249
  </reviews>
  <exclusive>
   no
  </exclusive>
  <sporty>
   yes
  </sporty>
 </clothing>
 <clothing>
  <id>
   509094293
  </id>
  <name>
   Reebok Skirt R-6715
  </name>
  <category>
   Skirt
  </category>
  <size>
   M
  </size>
  <color>
   Синий
  </color>
  <material>
   Шерсть
  </material>
  <price>
   810361
  </price>
  <rating>
   4.69
  </rating>
  <reviews>
   528890
  </reviews>
  <new>
   +
  </new>
 </clothing>
 <clothing>
  <id>
   611545798
  </id>
  <name>
   Lacoste Blouse O-9098
  </name>
  <category>
   Blouse
  </category>
  <size>
   M
  </size>
  <color>
   Желтый
  </color>
  <material>
   Нейлон
  </material>
  <price>
   509678
  </price>
  <rating>
   4.45
  </rating>
  <reviews>
   308694
  </reviews>
 </clothing>
 <clothing>
  <id>
   579832527
  </id>
  <name>
   Adidas Gloves A-5514
  </name>
  <category>
   Gloves
  </category>
  <size>
   XL
  </size>
  <color>
   Синий
  </color>
  <material>
   Шерсть
  </material>
  <price>
   553398
  </price>
  <rating>
   4.82
  </rating>
  <reviews>
   376055
  </reviews>
  <new>
   -
  </new>
  <sporty>
   yes
  </sporty>
 </clothing>
 <clothing>
  <id>
   568173419
  </id>
  <name>
   Reebok Hat R-6038
  </name>
  <category>
   Hat
  </category>
  <size>
   S
  </size>
  <color>
   Оранжевый
  </color>
  <material>
   Шерсть
  </material>
  <price>
   829021
  </price>
  <rating>
   2.63
  </rating>
  <reviews>
   462678
  </reviews>
  <exclusive>
   no
  </exclusive>
 </clothing>
 <clothing>
  <id>
   560325323
  </id>
  <name>
   Addidas Dress E-6606
  </name>
  <category>
   Dress
  </category>
  <size>
   S
  </size>
  <color>
   Голубой
  </color>
  <material>
   Шерсть
  </material>
  <price>
   527350
  </price>
  <rating>
   4.97
  </rating>
  <reviews>
   985477
  </reviews>
  <new>
   -
  </new>
 </clothing>
 <clothing>
  <id>
   116040681
  </id>
  <name>
   Converse Dress R-1780
  </name>
  <category>
   Dress
  </category>
  <size>
   XL
  </size>
  <color>
   Синий
  </color>
  <material>
   Нейлон
  </material>
  <price>
   982778
  </price>
  <rating>
   2.86
  </rating>
  <reviews>
   714076
  </reviews>
  <new>
   +
  </new>
  <exclusive>
   yes
  </exclusive>
 </clothing>
 <clothing>
  <id>
   755388060
  </id>
  <name>
   Lacoste Sweater I-9818
  </name>
  <category>
   Sweater
  </category>
  <size>
   XL
  </size>
  <color>
   Фиолетовый
  </color>
  <material>
   Шерсть
  </material>
  <price>
   599701
  </price>
  <rating>
   2.13
  </rating>
  <reviews>
   353781
  </reviews>
  <new>
   -
  </new>
  <exclusive>
   no
  </exclusive>
  <sporty>
   yes
  </sporty>
 </clothing>
 <clothing>
  <id>
   460244463
  </id>
  <name>
   Vans Handbags B-6044
  </name>
  <category>
   Handbags
  </category>
  <size>
   XXL
  </size>
  <color>
   Зеленый
  </color>
  <material>
   Хлопок
  </material>
  <price>
   646041
  </price>
  <rating>
   2.43
  </rating>
  <reviews>
   661451
  </reviews>
  <new>
   +
  </new>
 </clothing>
 <clothing>
  <id>
   989585016
  </id>
  <name>
   Under Armour Hat P-3295
  </name>
  <category>
   Hat
  </category>
  <size>
   XL
  </size>
  <color>
   Зеленый
  </color>
  <material>
   Шерсть
  </material>
  <price>
   302115
  </price>
  <rating>
   2.25
  </rating>
  <reviews>
   749200
  </reviews>
  <new>
   -
  </new>
  <exclusive>
   no
  </exclusive>
  <sporty>
   yes
  </sporty>
 </clothing>
 <clothing>
  <id>
   521711530
  </id>
  <name>
   DC Hat A-8347
  </name>
  <category>
   Hat
  </category>
  <size>
   S
  </size>
  <color>
   Фиолетовый
  </color>
  <material>
   Хлопок
  </material>
  <price>
   145136
  </price>
  <rating>
   4.9
  </rating>
  <reviews>
   39195
  </reviews>
  <new>
   +
  </new>
  <exclusive>
   no
  </exclusive>
  <sporty>
   no
  </sporty>
 </clothing>
 <clothing>
  <id>
   851759119
  </id>
  <name>
   Converse Umbrellas E-4341
  </name>
  <category>
   Umbrellas
  </category>
  <size>
   M
  </size>
  <color>
   Голубой
  </color>
  <material>
   Шелк
  </material>
  <price>
   276539
  </price>
  <rating>
   1.88
  </rating>
  <reviews>
   708883
  </reviews>
  <new>
   +
  </new>
  <sporty>
   no
  </sporty>
 </clothing>
 <clothing>
  <id>
   586207697
  </id>
  <name>
   Nike Shirt A-4155
  </name>
  <category>
   Shirt
  </category>
  <size>
   M
  </size>
  <color>
   Красный
  </color>
  <material>
   Хлопок
  </material>
  <price>
   329655
  </price>
  <rating>
   4.36
  </rating>
  <reviews>
   551391
  </reviews>
  <exclusive>
   no
  </exclusive>
 </clothing>
 <clothing>
  <id>
   381174911
  </id>
  <name>
   New Balance Belts K-1712
  </name>
  <category>
   Belts
  </category>
  <size>
   S
  </size>
  <color>
   Желтый
  </color>
  <material>
   Хлопок
  </material>
  <price>
   702823
  </price>
  <rating>
   4.25
  </rating>
  <reviews>
   473252
  </reviews>
  <new>
   -
  </new>
  <exclusive>
   no
  </exclusive>
  <sporty>
   no
  </sporty>
 </clothing>
 <clothing>
  <id>
   627517228
  </id>
  <name>
   Asics Socks D-7871
  </name>
  <category>
   Socks
  </category>
  <size>
   M
  </size>
  <color>
   Синий
  </color>
  <material>
   Хлопок
  </material>
  <price>
   687344
  </price>
  <rating>
   3.71
  </rating>
  <reviews>
   271916
  </reviews>
  <new>
   -
  </new>
 </clothing>
 <clothing>
  <id>
   173363376
  </id>
  <name>
   Nike Umbrellas V-1857
  </name>
  <category>
   Umbrellas
  </category>
  <size>
   S
  </size>
  <color>
   Оранжевый
  </color>
  <material>
   Шерсть
  </material>
  <price>
   779819
  </price>
  <rating>
   3.32
  </rating>
  <reviews>
   129863
  </reviews>
  <new>
   +
  </new>
  <exclusive>
   no
  </exclusive>
 </clothing>
 <clothing>
  <id>
   913308432
  </id>
  <name>
   Adidas Gloves G-5655
  </name>
  <category>
   Gloves
  </category>
  <size>
   XL
  </size>
  <color>
   Желтый
  </color>
  <material>
   Нейлон
  </material>
  <price>
   302879
  </price>
  <rating>
   3.49
  </rating>
  <reviews>
   636990
  </reviews>
  <exclusive>
   yes
  </exclusive>
  <sporty>
   yes
  </sporty>
 </clothing>
 <clothing>
  <id>
   594056739
  </id>
  <name>
   Converse Hat N-8577
  </name>
  <category>
   Hat
  </category>
  <size>
   S
  </size>
  <color>
   Фиолетовый
  </color>
  <material>
   Нейлон
  </material>
  <price>
   588411
  </price>
  <rating>
   2.31
  </rating>
  <reviews>
   253644
  </reviews>
  <new>
   +
  </new>
  <exclusive>
   no
  </exclusive>
  <sporty>
   yes
  </sporty>
 </clothing>
 <clothing>
  <id>
   915043493
  </id>
  <name>
   PleinSport Dress K-3973
  </name>
  <category>
   Dress
  </category>
  <size>
   S
  </size>
  <color>
   Оранжевый
  </color>
  <material>
   Полиэстер
  </material>
  <price>
   635316
  </price>
  <rating>
   2.73
  </rating>
  <reviews>
   4702
  </reviews>
  <new>
   -
  </new>
  <sporty>
   yes
  </sporty>
 </clothing>
 <clothing>
  <id>
   323256854
  </id>
  <name>
   Fila Socks D-7982
  </name>
  <category>
   Socks
  </category>
  <size>
   M
  </size>
  <color>
   Зеленый
  </color>
  <material>
   Хлопок
  </material>
  <price>
   449102
  </price>
  <rating>
   2.07
  </rating>
  <reviews>
   466053
  </reviews>
  <new>
   -
  </new>
  <sporty>
   no
  </sporty>
 </clothing>
 <clothing>
  <id>
   908231174
  </id>
  <name>
   Under Armour Umbrellas E-2139
  </name>
  <category>
   Umbrellas
  </category>
  <size>
   XL
  </size>
  <color>
   Желтый
  </color>
  <material>
   Полиэстер
  </material>
  <price>
   202328
  </price>
  <rating>
   4.33
  </rating>
  <reviews>
   588423
  </reviews>
  <new>
   +
  </new>
 </clothing>
 <clothing>
  <id>
   281604939
  </id>
  <name>
   Adidas Umbrellas C-4287
  </name>
  <category>
   Umbrellas
  </category>
  <size>
   XL
  </size>
  <color>
   Голубой
  </color>
  <material>
   Кожа
  </material>
  <price>
   240198
  </price>
  <rating>
   1.43
  </rating>
  <reviews>
   253955
  </reviews>
  <new>
   -
  </new>
  <exclusive>
   no
  </exclusive>
  <sporty>
   yes
  </sporty>
 </clothing>
 <clothing>
  <id>
   365277377
  </id>
  <name>
   Addidas Skirt I-1599
  </name>
  <category>
   Skirt
  </category>
  <size>
   L
  </size>
  <color>
   Зеленый
  </color>
  <material>
   Полиэстер
  </material>
  <price>
   265654
  </price>
  <rating>
   2.33
  </rating>
  <reviews>
   373046
  </reviews>
  <sporty>
   no
  </sporty>
 </clothing>
 <clothing>
  <id>
   795934302
  </id>
  <name>
   Adidas Handbags C-4923
  </name>
  <category>
   Handbags
  </category>
  <size>
   M
  </size>
  <color>
   Фиолетовый
  </color>
  <material>
   Шерсть
  </material>
  <price>
   315486
  </price>
  <rating>
   3.74
  </rating>
  <reviews>
   427413
  </reviews>
  <new>
   -
  </new>
  <exclusive>
   no
  </exclusive>
 </clothing>
 <clothing>
  <id>
   410556023
  </id>
  <name>
   PleinSport Umbrellas B-6504
  </name>
  <category>
   Umbrellas
  </category>
  <size>
   S
  </size>
  <color>
   Желтый
  </color>
  <material>
   Вискоза
  </material>
  <price>
   503695
  </price>
  <rating>
   2.44
  </rating>
  <reviews>
   916968
  </reviews>
  <new>
   -
  </new>
  <exclusive>
   yes
  </exclusive>
  <sporty>
   yes
  </sporty>
 </clothing>
 <clothing>
  <id>
   981300360
  </id>
  <name>
   Nike Gloves V-8156
  </name>
  <category>
   Gloves
  </category>
  <size>
   M
  </size>
  <color>
   Оранжевый
  </color>
  <material>
   Шерсть
  </material>
  <price>
   225200
  </price>
  <rating>
   2.86
  </rating>
  <reviews>
   571546
  </reviews>
  <exclusive>
   no
  </exclusive>
 </clothing>
 <clothing>
  <id>
   302799921
  </id>
  <name>
   Adidas Pants S-9708
  </name>
  <category>
   Pants
  </category>
  <size>
   M
  </size>
  <color>
   Оранжевый
  </color>
  <material>
   Хлопок
  </material>
  <price>
   736246
  </price>
  <rating>
   4.73
  </rating>
  <reviews>
   76700
  </reviews>
  <exclusive>
   no
  </exclusive>
 </clothing>
 <clothing>
  <id>
   122401523
  </id>
  <name>
   Adidas Pants G-9274
  </name>
  <category>
   Pants
  </category>
  <size>
   L
  </size>
  <color>
   Фиолетовый
  </color>
  <material>
   Лен
  </material>
  <price>
   643360
  </price>
  <rating>
   4.85
  </rating>
  <reviews>
   906850
  </reviews>
  <new>
   +
  </new>
  <exclusive>
   no
  </exclusive>
  <sporty>
   yes
  </sporty>
 </clothing>
 <clothing>
  <id>
   610854523
  </id>
  <name>
   Puma Shoes H-9802
  </name>
  <category>
   Shoes
  </category>
  <size>
   S
  </size>
  <color>
   Красный
  </color>
  <material>
   Шелк
  </material>
  <price>
   695490
  </price>
  <rating>
   2.03
  </rating>
  <reviews>
   904268
  </reviews>
  <new>
   +
  </new>
  <sporty>
   no
  </sporty>
 </clothing>
 <clothing>
  <id>
   899457091
  </id>
  <name>
   Vans Belts Z-6976
  </name>
  <category>
   Belts
  </category>
  <size>
   M
  </size>
  <color>
   Желтый
  </color>
  <material>
   Хлопок
  </material>
  <price>
   722791
  </price>
  <rating>
   1.8
  </rating>
  <reviews>
   774796
  </reviews>
  <new>
   -
  </new>
  <exclusive>
   no
  </exclusive>
 </clothing>
 <clothing>
  <id>
   153804333
  </id>
  <name>
   Nike Dress B-4467
  </name>
  <category>
   Dress
  </category>
  <size>
   L
  </size>
  <color>
   Синий
  </color>
  <material>
   Полиэстер
  </material>
  <price>
   103682
  </price>
  <rating>
   1.76
  </rating>
  <reviews>
   504752
  </reviews>
  <new>
   -
  </new>
  <sporty>
   yes
  </sporty>
 </clothing>
 <clothing>
  <id>
   335061797
  </id>
  <name>
   Asics Handbags B-9279
  </name>
  <category>
   Handbags
  </category>
  <size>
   S
  </size>
  <color>
   Желтый
  </color>
  <material>
   Кожа
  </material>
  <price>
   926538
  </price>
  <rating>
   2.53
  </rating>
  <reviews>
   589963
  </reviews>
 </clothing>
 <clothing>
  <id>
   775203885
  </id>
  <name>
   Under Armour T-shirt A-8637
  </name>
  <category>
   T-shirt
  </category>
  <size>
   M
  </size>
  <color>
   Красный
  </color>
  <material>
   Вискоза
  </material>
  <price>
   950795
  </price>
  <rating>
   4.38
  </rating>
  <reviews>
   608616
  </reviews>
  <new>
   -
  </new>
 </clothing>
 <clothing>
  <id>
   342291717
  </id>
  <name>
   Nike Gloves K-9608
  </name>
  <category>
   Gloves
  </category>
  <size>
   XXL
  </size>
  <color>
   Голубой
  </color>
  <material>
   Кожа
  </material>
  <price>
   296123
  </price>
  <rating>
   1.07
  </rating>
  <reviews>
   264904
  </reviews>
  <exclusive>
   no
  </exclusive>
  <sporty>
   no
  </sporty>
 </clothing>
 <clothing>
  <id>
   999223419
  </id>
  <name>
   Reebok Shoes A-5304
  </name>
  <category>
   Shoes
  </category>
  <size>
   M
  </size>
  <color>
   Голубой
  </color>
  <material>
   Лен
  </material>
  <price>
   723770
  </price>
  <rating>
   3.43
  </rating>
  <reviews>
   819238
  </reviews>
  <new>
   +
  </new>
  <exclusive>
   yes
  </exclusive>
 </clothing>
 <clothing>
  <id>
   482161776
  </id>
  <name>
   Addidas Jacket C-4841
  </name>
  <category>
   Jacket
  </category>
  <size>
   XL
  </size>
  <color>
   Фиолетовый
  </color>
  <material>
   Кожа
  </material>
  <price>
   819577
  </price>
  <rating>
   4.96
  </rating>
  <reviews>
   912783
  </reviews>
  <new>
   +
  </new>
 </clothing>
 <clothing>
  <id>
   973339641
  </id>
  <name>
   Lacoste Shirt C-7337
  </name>
  <category>
   Shirt
  </category>
  <size>
   L
  </size>
  <color>
   Оранжевый
  </color>
  <material>
   Лен
  </material>
  <price>
   888512
  </price>
  <rating>
   1.75
  </rating>
  <reviews>
   122917
  </reviews>
  <sporty>
   no
  </sporty>
 </clothing>
 <clothing>
  <id>
   980180641
  </id>
  <name>
   DC Shoes B-3718
  </name>
  <category>
   Shoes
  </category>
  <size>
   XXL
  </size>
  <color>
   Зеленый
  </color>
  <material>
   Шерсть
  </material>
  <price>
   954815
  </price>
  <rating>
   3.0
  </rating>
  <reviews>
   685191
  </reviews>
  <exclusive>
   no
  </exclusive>
 </clothing>
 <clothing>
  <id>
   617093334
  </id>
  <name>
   Adidas Belts W-2743
  </name>
  <category>
   Belts
  </category>
  <size>
   M
  </size>
  <color>
   Желтый
  </color>
  <material>
   Хлопок
  </material>
  <price>
   689553
  </price>
  <rating>
   3.65
  </rating>
  <reviews>
   791858
  </reviews>
  <new>
   +
  </new>
 </clothing>
 <clothing>
  <id>
   177919767
  </id>
  <name>
   Converse Hat C-7710
  </name>
  <category>
   Hat
  </category>
  <size>
   L
  </size>
  <color>
   Голубой
  </color>
  <material>
   Кожа
  </material>
  <price>
   720327
  </price>
  <rating>
   3.15
  </rating>
  <reviews>
   299660
  </reviews>
  <new>
   -
  </new>
  <exclusive>
   yes
  </exclusive>
  <sporty>
   no
  </sporty>
 </clothing>
 <clothing>
  <id>
   791707942
  </id>
  <name>
   Addidas Umbrellas B-4430
  </name>
  <category>
   Umbrellas
  </category>
  <size>
   M
  </size>
  <color>
   Оранжевый
  </color>
  <material>
   Нейлон
  </material>
  <price>
   852475
  </price>
  <rating>
   4.56
  </rating>
  <reviews>
   262814
  </reviews>
  <new>
   +
  </new>
 </clothing>
 <clothing>
  <id>
   855898140
  </id>
  <name>
   New Balance Jacket F-3200
  </name>
  <category>
   Jacket
  </category>
  <size>
   M
  </size>
  <color>
   Синий
  </color>
  <material>
   Полиэстер
  </material>
  <price>
   820940
  </price>
  <rating>
   2.98
  </rating>
  <reviews>
   271571
  </reviews>
  <new>
   -
  </new>
  <sporty>
   no
  </sporty>
 </clothing>
 <clothing>
  <id>
   297642927
  </id>
  <name>
   Adidas Umbrellas Q-8125
  </name>
  <category>
   Umbrellas
  </category>
  <size>
   XXL
  </size>
  <color>
   Синий
  </color>
  <material>
   Лен
  </material>
  <price>
   612521
  </price>
  <rating>
   1.62
  </rating>
  <reviews>
   161505
  </reviews>
  <exclusive>
   yes
  </exclusive>
 </clothing>
 <clothing>
  <id>
   429636913
  </id>
  <name>
   Adidas Sweater Y-7704
  </name>
  <category>
   Sweater
  </category>
  <size>
   XL
  </size>
  <color>
   Красный
  </color>
  <material>
   Хлопок
  </material>
  <price>
   149101
  </price>
  <rating>
   1.69
  </rating>
  <reviews>
   735273
  </reviews>
  <sporty>
   yes
  </sporty>
 </clothing>
 <clothing>
  <id>
   225857738
  </id>
  <name>
   Brooks Hat G-4589
  </name>
  <category>
   Hat
  </category>
  <size>
   XL
  </size>
  <color>
   Зеленый
  </color>
  <material>
   Полиэстер
  </material>
  <price>
   972243
  </price>
  <rating>
   3.44
  </rating>
  <reviews>
   374224
  </reviews>
  <new>
   +
  </new>
  <sporty>
   yes
  </sporty>
 </clothing>
 <clothing>
  <id>
   123583950
  </id>
  <name>
   Reebok Shirt W-8160
  </name>
  <category>
   Shirt
  </category>
  <size>
   L
  </size>
  <color>
   Синий
  </color>
  <material>
   Кожа
  </material>
  <price>
   700714
  </price>
  <rating>
   2.16
  </rating>
  <reviews>
   418401
  </reviews>
  <exclusive>
   no
  </exclusive>
 </clothing>
 <clothing>
  <id>
   530772857
  </id>
  <name>
   Vans Skirt C-6036
  </name>
  <category>
   Skirt
  </category>
  <size>
   L
  </size>
  <color>
   Синий
  </color>
  <material>
   Лен
  </material>
  <price>
   893538
  </price>
  <rating>
   4.41
  </rating>
  <reviews>
   744377
  </reviews>
  <new>
   -
  </new>
  <exclusive>
   yes
  </exclusive>
 </clothing>
</clothing-items>
