<?xml version="1.0" encoding="utf-8"?>
<clothing-items>
 <clothing>
  <id>
   712002420
  </id>
  <name>
   Ellesse Jeans D-7987
  </name>
  <category>
   Jeans
  </category>
  <size>
   L
  </size>
  <color>
   Желтый
  </color>
  <material>
   Кожа
  </material>
  <price>
   722530
  </price>
  <rating>
   4.33
  </rating>
  <reviews>
   671185
  </reviews>
  <exclusive>
   yes
  </exclusive>
 </clothing>
 <clothing>
  <id>
   338482572
  </id>
  <name>
   Reebok Shoes M-5945
  </name>
  <category>
   Shoes
  </category>
  <size>
   M
  </size>
  <color>
   Оранжевый
  </color>
  <material>
   Хлопок
  </material>
  <price>
   416671
  </price>
  <rating>
   4.29
  </rating>
  <reviews>
   121678
  </reviews>
  <exclusive>
   yes
  </exclusive>
 </clothing>
 <clothing>
  <id>
   319617384
  </id>
  <name>
   Fila Dress H-4862
  </name>
  <category>
   Dress
  </category>
  <size>
   S
  </size>
  <color>
   Красный
  </color>
  <material>
   Нейлон
  </material>
  <price>
   232709
  </price>
  <rating>
   2.68
  </rating>
  <reviews>
   464696
  </reviews>
  <exclusive>
   yes
  </exclusive>
  <sporty>
   no
  </sporty>
 </clothing>
 <clothing>
  <id>
   932335591
  </id>
  <name>
   Fila Skirt R-7347
  </name>
  <category>
   Skirt
  </category>
  <size>
   XL
  </size>
  <color>
   Желтый
  </color>
  <material>
   Кожа
  </material>
  <price>
   501475
  </price>
  <rating>
   1.7
  </rating>
  <reviews>
   842788
  </reviews>
 </clothing>
 <clothing>
  <id>
   691215656
  </id>
  <name>
   New Balance Skirt C-6195
  </name>
  <category>
   Skirt
  </category>
  <size>
   S
  </size>
  <color>
   Фиолетовый
  </color>
  <material>
   Нейлон
  </material>
  <price>
   665738
  </price>
  <rating>
   2.92
  </rating>
  <reviews>
   915554
  </reviews>
  <exclusive>
   no
  </exclusive>
 </clothing>
 <clothing>
  <id>
   665589531
  </id>
  <name>
   PleinSport Gloves B-2909
  </name>
  <category>
   Gloves
  </category>
  <size>
   L
  </size>
  <color>
   Зеленый
  </color>
  <material>
   Лен
  </material>
  <price>
   209385
  </price>
  <rating>
   2.33
  </rating>
  <reviews>
   369182
  </reviews>
  <new>
   -
  </new>
  <sporty>
   no
  </sporty>
 </clothing>
 <clothing>
  <id>
   395952728
  </id>
  <name>
   Lacoste Umbrellas Y-3011
  </name>
  <category>
   Umbrellas
  </category>
  <size>
   S
  </size>
  <color>
   Синий
  </color>
  <material>
   Шелк
  </material>
  <price>
   193405
  </price>
  <rating>
   1.09
  </rating>
  <reviews>
   661314
  </reviews>
  <new>
   -
  </new>
  <sporty>
   yes
  </sporty>
 </clothing>
 <clothing>
  <id>
   835844829
  </id>
  <name>
   Asics Hat U-5930
  </name>
  <category>
   Hat
  </category>
  <size>
   XXL
  </size>
  <color>
   Оранжевый
  </color>
  <material>
   Кожа
  </material>
  <price>
   930304
  </price>
  <rating>
   1.44
  </rating>
  <reviews>
   644550
  </reviews>
  <exclusive>
   no
  </exclusive>
  <sporty>
   no
  </sporty>
 </clothing>
 <clothing>
  <id>
   934716223
  </id>
  <name>
   Vans Dress M-6082
  </name>
  <category>
   Dress
  </category>
  <size>
   S
  </size>
  <color>
   Красный
  </color>
  <material>
   Хлопок
  </material>
  <price>
   956195
  </price>
  <rating>
   4.28
  </rating>
  <reviews>
   937278
  </reviews>
  <new>
   -
  </new>
 </clothing>
 <clothing>
  <id>
   525420159
  </id>
  <name>
   Under Armour Dress A-9308
  </name>
  <category>
   Dress
  </category>
  <size>
   XXL
  </size>
  <color>
   Зеленый
  </color>
  <material>
   Нейлон
  </material>
  <price>
   319260
  </price>
  <rating>
   1.65
  </rating>
  <reviews>
   793692
  </reviews>
  <exclusive>
   no
  </exclusive>
  <sporty>
   no
  </sporty>
 </clothing>
 <clothing>
  <id>
   209072107
  </id>
  <name>
   Addidas Sweater F-2065
  </name>
  <category>
   Sweater
  </category>
  <size>
   S
  </size>
  <color>
   Синий
  </color>
  <material>
   Шелк
  </material>
  <price>
   688930
  </price>
  <rating>
   3.09
  </rating>
  <reviews>
   908544
  </reviews>
  <new>
   -
  </new>
  <exclusive>
   yes
  </exclusive>
  <sporty>
   no
  </sporty>
 </clothing>
 <clothing>
  <id>
   752845033
  </id>
  <name>
   Nike Sweater G-2839
  </name>
  <category>
   Sweater
  </category>
  <size>
   XL
  </size>
  <color>
   Зеленый
  </color>
  <material>
   Шерсть
  </material>
  <price>
   487950
  </price>
  <rating>
   3.91
  </rating>
  <reviews>
   794064
  </reviews>
  <new>
   +
  </new>
  <exclusive>
   no
  </exclusive>
 </clothing>
 <clothing>
  <id>
   837151325
  </id>
  <name>
   Ellesse Handbags I-8871
  </name>
  <category>
   Handbags
  </category>
  <size>
   XL
  </size>
  <color>
   Оранжевый
  </color>
  <material>
   Шерсть
  </material>
  <price>
   200932
  </price>
  <rating>
   3.29
  </rating>
  <reviews>
   804343
  </reviews>
  <new>
   +
  </new>
 </clothing>
 <clothing>
  <id>
   937738977
  </id>
  <name>
   Asics Gloves A-2212
  </name>
  <category>
   Gloves
  </category>
  <size>
   XL
  </size>
  <color>
   Фиолетовый
  </color>
  <material>
   Кожа
  </material>
  <price>
   134791
  </price>
  <rating>
   1.3
  </rating>
  <reviews>
   661687
  </reviews>
  <new>
   -
  </new>
  <sporty>
   no
  </sporty>
 </clothing>
 <clothing>
  <id>
   297148701
  </id>
  <name>
   Fila Pants S-5326
  </name>
  <category>
   Pants
  </category>
  <size>
   XXL
  </size>
  <color>
   Голубой
  </color>
  <material>
   Полиэстер
  </material>
  <price>
   903942
  </price>
  <rating>
   4.3
  </rating>
  <reviews>
   414507
  </reviews>
  <exclusive>
   no
  </exclusive>
  <sporty>
   no
  </sporty>
 </clothing>
 <clothing>
  <id>
   742377149
  </id>
  <name>
   Ellesse Umbrellas Q-5158
  </name>
  <category>
   Umbrellas
  </category>
  <size>
   XL
  </size>
  <color>
   Синий
  </color>
  <material>
   Кожа
  </material>
  <price>
   415905
  </price>
  <rating>
   2.96
  </rating>
  <reviews>
   657908
  </reviews>
  <new>
   -
  </new>
  <exclusive>
   no
  </exclusive>
  <sporty>
   no
  </sporty>
 </clothing>
 <clothing>
  <id>
   103548544
  </id>
  <name>
   Lacoste Sweater X-1452
  </name>
  <category>
   Sweater
  </category>
  <size>
   L
  </size>
  <color>
   Оранжевый
  </color>
  <material>
   Вискоза
  </material>
  <price>
   955169
  </price>
  <rating>
   5.0
  </rating>
  <reviews>
   303728
  </reviews>
  <new>
   +
  </new>
 </clothing>
 <clothing>
  <id>
   560756362
  </id>
  <name>
   Asics Jacket Z-9323
  </name>
  <category>
   Jacket
  </category>
  <size>
   M
  </size>
  <color>
   Оранжевый
  </color>
  <material>
   Вискоза
  </material>
  <price>
   297284
  </price>
  <rating>
   1.61
  </rating>
  <reviews>
   820110
  </reviews>
  <new>
   -
  </new>
  <sporty>
   yes
  </sporty>
 </clothing>
 <clothing>
  <id>
   215446402
  </id>
  <name>
   Puma Belts T-2536
  </name>
  <category>
   Belts
  </category>
  <size>
   L
  </size>
  <color>
   Оранжевый
  </color>
  <material>
   Шерсть
  </material>
  <price>
   445490
  </price>
  <rating>
   4.97
  </rating>
  <reviews>
   821071
  </reviews>
  <exclusive>
   no
  </exclusive>
 </clothing>
 <clothing>
  <id>
   205773372
  </id>
  <name>
   Reebok Shirt N-6895
  </name>
  <category>
   Shirt
  </category>
  <size>
   XL
  </size>
  <color>
   Зеленый
  </color>
  <material>
   Полиэстер
  </material>
  <price>
   527699
  </price>
  <rating>
   4.53
  </rating>
  <reviews>
   539804
  </reviews>
  <new>
   -
  </new>
  <sporty>
   no
  </sporty>
 </clothing>
 <clothing>
  <id>
   874113214
  </id>
  <name>
   Ellesse Sweater M-7810
  </name>
  <category>
   Sweater
  </category>
  <size>
   S
  </size>
  <color>
   Желтый
  </color>
  <material>
   Кожа
  </material>
  <price>
   807725
  </price>
  <rating>
   3.08
  </rating>
  <reviews>
   469796
  </reviews>
  <new>
   -
  </new>
  <sporty>
   yes
  </sporty>
 </clothing>
 <clothing>
  <id>
   685079795
  </id>
  <name>
   Reebok Jacket M-9185
  </name>
  <category>
   Jacket
  </category>
  <size>
   XXL
  </size>
  <color>
   Желтый
  </color>
  <material>
   Шелк
  </material>
  <price>
   526157
  </price>
  <rating>
   1.33
  </rating>
  <reviews>
   208477
  </reviews>
  <new>
   -
  </new>
  <exclusive>
   no
  </exclusive>
  <sporty>
   yes
  </sporty>
 </clothing>
 <clothing>
  <id>
   318970175
  </id>
  <name>
   DC Umbrellas C-2952
  </name>
  <category>
   Umbrellas
  </category>
  <size>
   L
  </size>
  <color>
   Фиолетовый
  </color>
  <material>
   Шерсть
  </material>
  <price>
   736874
  </price>
  <rating>
   2.5
  </rating>
  <reviews>
   697153
  </reviews>
  <new>
   -
  </new>
  <exclusive>
   no
  </exclusive>
 </clothing>
 <clothing>
  <id>
   530044559
  </id>
  <name>
   Fila Jeans X-5171
  </name>
  <category>
   Jeans
  </category>
  <size>
   M
  </size>
  <color>
   Фиолетовый
  </color>
  <material>
   Хлопок
  </material>
  <price>
   651004
  </price>
  <rating>
   2.62
  </rating>
  <reviews>
   990544
  </reviews>
  <new>
   -
  </new>
 </clothing>
 <clothing>
  <id>
   284168025
  </id>
  <name>
   Vans Jeans Q-9881
  </name>
  <category>
   Jeans
  </category>
  <size>
   S
  </size>
  <color>
   Синий
  </color>
  <material>
   Шерсть
  </material>
  <price>
   421307
  </price>
  <rating>
   3.29
  </rating>
  <reviews>
   187428
  </reviews>
  <new>
   +
  </new>
  <sporty>
   no
  </sporty>
 </clothing>
</clothing-items>
