<?xml version="1.0" encoding="utf-8"?>
<clothing-items>
 <clothing>
  <id>
   858615903
  </id>
  <name>
   Converse Pants B-6822
  </name>
  <category>
   Pants
  </category>
  <size>
   XL
  </size>
  <color>
   Голубой
  </color>
  <material>
   Полиэстер
  </material>
  <price>
   766662
  </price>
  <rating>
   1.08
  </rating>
  <reviews>
   299026
  </reviews>
  <new>
   +
  </new>
  <exclusive>
   yes
  </exclusive>
  <sporty>
   no
  </sporty>
 </clothing>
 <clothing>
  <id>
   184405708
  </id>
  <name>
   Asics Shoes H-5650
  </name>
  <category>
   Shoes
  </category>
  <size>
   L
  </size>
  <color>
   Оранжевый
  </color>
  <material>
   Лен
  </material>
  <price>
   897627
  </price>
  <rating>
   4.65
  </rating>
  <reviews>
   652840
  </reviews>
  <new>
   -
  </new>
  <sporty>
   no
  </sporty>
 </clothing>
 <clothing>
  <id>
   123495299
  </id>
  <name>
   Ellesse Pants K-7527
  </name>
  <category>
   Pants
  </category>
  <size>
   S
  </size>
  <color>
   Голубой
  </color>
  <material>
   Шелк
  </material>
  <price>
   607166
  </price>
  <rating>
   1.92
  </rating>
  <reviews>
   980061
  </reviews>
  <new>
   +
  </new>
  <exclusive>
   no
  </exclusive>
  <sporty>
   no
  </sporty>
 </clothing>
 <clothing>
  <id>
   706069576
  </id>
  <name>
   Converse Jacket Z-2316
  </name>
  <category>
   Jacket
  </category>
  <size>
   XXL
  </size>
  <color>
   Синий
  </color>
  <material>
   Вискоза
  </material>
  <price>
   368817
  </price>
  <rating>
   3.16
  </rating>
  <reviews>
   320984
  </reviews>
  <sporty>
   yes
  </sporty>
 </clothing>
 <clothing>
  <id>
   170615882
  </id>
  <name>
   DC Handbags B-5665
  </name>
  <category>
   Handbags
  </category>
  <size>
   M
  </size>
  <color>
   Зеленый
  </color>
  <material>
   Шерсть
  </material>
  <price>
   742858
  </price>
  <rating>
   2.94
  </rating>
  <reviews>
   791464
  </reviews>
  <sporty>
   no
  </sporty>
 </clothing>
 <clothing>
  <id>
   596066959
  </id>
  <name>
   Fila Handbags M-6139
  </name>
  <category>
   Handbags
  </category>
  <size>
   M
  </size>
  <color>
   Зеленый
  </color>
  <material>
   Полиэстер
  </material>
  <price>
   660171
  </price>
  <rating>
   4.61
  </rating>
  <reviews>
   289422
  </reviews>
  <new>
   +
  </new>
  <exclusive>
   no
  </exclusive>
  <sporty>
   no
  </sporty>
 </clothing>
 <clothing>
  <id>
   188447583
  </id>
  <name>
   Ellesse Belts A-1399
  </name>
  <category>
   Belts
  </category>
  <size>
   S
  </size>
  <color>
   Оранжевый
  </color>
  <material>
   Вискоза
  </material>
  <price>
   944922
  </price>
  <rating>
   2.69
  </rating>
  <reviews>
   910526
  </reviews>
  <new>
   +
  </new>
  <sporty>
   no
  </sporty>
 </clothing>
 <clothing>
  <id>
   325336180
  </id>
  <name>
   Nike Umbrellas F-7587
  </name>
  <category>
   Umbrellas
  </category>
  <size>
   M
  </size>
  <color>
   Синий
  </color>
  <material>
   Хлопок
  </material>
  <price>
   684364
  </price>
  <rating>
   3.55
  </rating>
  <reviews>
   813073
  </reviews>
  <exclusive>
   yes
  </exclusive>
 </clothing>
 <clothing>
  <id>
   518528806
  </id>
  <name>
   Ellesse Shoes X-1084
  </name>
  <category>
   Shoes
  </category>
  <size>
   XXL
  </size>
  <color>
   Оранжевый
  </color>
  <material>
   Вискоза
  </material>
  <price>
   278703
  </price>
  <rating>
   1.46
  </rating>
  <reviews>
   225725
  </reviews>
  <exclusive>
   yes
  </exclusive>
  <sporty>
   yes
  </sporty>
 </clothing>
 <clothing>
  <id>
   546956649
  </id>
  <name>
   Asics T-shirt L-3273
  </name>
  <category>
   T-shirt
  </category>
  <size>
   M
  </size>
  <color>
   Голубой
  </color>
  <material>
   Шерсть
  </material>
  <price>
   882445
  </price>
  <rating>
   3.17
  </rating>
  <reviews>
   786310
  </reviews>
  <new>
   -
  </new>
  <sporty>
   no
  </sporty>
 </clothing>
 <clothing>
  <id>
   114466627
  </id>
  <name>
   DC Jacket N-7840
  </name>
  <category>
   Jacket
  </category>
  <size>
   M
  </size>
  <color>
   Желтый
  </color>
  <material>
   Нейлон
  </material>
  <price>
   415346
  </price>
  <rating>
   4.95
  </rating>
  <reviews>
   333957
  </reviews>
  <new>
   -
  </new>
  <exclusive>
   no
  </exclusive>
  <sporty>
   no
  </sporty>
 </clothing>
 <clothing>
  <id>
   590543722
  </id>
  <name>
   Adidas Hat E-7138
  </name>
  <category>
   Hat
  </category>
  <size>
   M
  </size>
  <color>
   Голубой
  </color>
  <material>
   Нейлон
  </material>
  <price>
   273244
  </price>
  <rating>
   4.85
  </rating>
  <reviews>
   596514
  </reviews>
  <exclusive>
   no
  </exclusive>
  <sporty>
   yes
  </sporty>
 </clothing>
 <clothing>
  <id>
   727185035
  </id>
  <name>
   Brooks Umbrellas V-6512
  </name>
  <category>
   Umbrellas
  </category>
  <size>
   L
  </size>
  <color>
   Голубой
  </color>
  <material>
   Кожа
  </material>
  <price>
   749360
  </price>
  <rating>
   2.32
  </rating>
  <reviews>
   319951
  </reviews>
  <exclusive>
   yes
  </exclusive>
  <sporty>
   yes
  </sporty>
 </clothing>
 <clothing>
  <id>
   203319543
  </id>
  <name>
   PleinSport Skirt O-7708
  </name>
  <category>
   Skirt
  </category>
  <size>
   M
  </size>
  <color>
   Желтый
  </color>
  <material>
   Хлопок
  </material>
  <price>
   244811
  </price>
  <rating>
   1.27
  </rating>
  <reviews>
   767607
  </reviews>
  <new>
   +
  </new>
  <exclusive>
   no
  </exclusive>
  <sporty>
   no
  </sporty>
 </clothing>
 <clothing>
  <id>
   310487075
  </id>
  <name>
   Under Armour Jeans W-2348
  </name>
  <category>
   Jeans
  </category>
  <size>
   L
  </size>
  <color>
   Желтый
  </color>
  <material>
   Нейлон
  </material>
  <price>
   700593
  </price>
  <rating>
   3.75
  </rating>
  <reviews>
   869588
  </reviews>
 </clothing>
 <clothing>
  <id>
   724279947
  </id>
  <name>
   PleinSport Handbags C-6349
  </name>
  <category>
   Handbags
  </category>
  <size>
   S
  </size>
  <color>
   Желтый
  </color>
  <material>
   Нейлон
  </material>
  <price>
   406057
  </price>
  <rating>
   3.53
  </rating>
  <reviews>
   420110
  </reviews>
  <sporty>
   no
  </sporty>
 </clothing>
 <clothing>
  <id>
   126154332
  </id>
  <name>
   Puma T-shirt T-3239
  </name>
  <category>
   T-shirt
  </category>
  <size>
   S
  </size>
  <color>
   Голубой
  </color>
  <material>
   Нейлон
  </material>
  <price>
   752734
  </price>
  <rating>
   2.18
  </rating>
  <reviews>
   952246
  </reviews>
  <exclusive>
   no
  </exclusive>
  <sporty>
   no
  </sporty>
 </clothing>
 <clothing>
  <id>
   144840284
  </id>
  <name>
   Ellesse Hat P-4067
  </name>
  <category>
   Hat
  </category>
  <size>
   S
  </size>
  <color>
   Оранжевый
  </color>
  <material>
   Шерсть
  </material>
  <price>
   730304
  </price>
  <rating>
   2.5
  </rating>
  <reviews>
   315396
  </reviews>
  <new>
   -
  </new>
  <exclusive>
   yes
  </exclusive>
  <sporty>
   no
  </sporty>
 </clothing>
 <clothing>
  <id>
   465873041
  </id>
  <name>
   Adidas Umbrellas O-4070
  </name>
  <category>
   Umbrellas
  </category>
  <size>
   M
  </size>
  <color>
   Зеленый
  </color>
  <material>
   Лен
  </material>
  <price>
   227471
  </price>
  <rating>
   3.47
  </rating>
  <reviews>
   237981
  </reviews>
  <new>
   +
  </new>
  <sporty>
   no
  </sporty>
 </clothing>
 <clothing>
  <id>
   955925947
  </id>
  <name>
   Under Armour Jacket W-7032
  </name>
  <category>
   Jacket
  </category>
  <size>
   L
  </size>
  <color>
   Фиолетовый
  </color>
  <material>
   Вискоза
  </material>
  <price>
   487406
  </price>
  <rating>
   4.64
  </rating>
  <reviews>
   203139
  </reviews>
  <new>
   +
  </new>
  <sporty>
   yes
  </sporty>
 </clothing>
 <clothing>
  <id>
   112039380
  </id>
  <name>
   Converse Belts K-8487
  </name>
  <category>
   Belts
  </category>
  <size>
   M
  </size>
  <color>
   Желтый
  </color>
  <material>
   Полиэстер
  </material>
  <price>
   636379
  </price>
  <rating>
   3.74
  </rating>
  <reviews>
   728024
  </reviews>
  <exclusive>
   yes
  </exclusive>
  <sporty>
   no
  </sporty>
 </clothing>
 <clothing>
  <id>
   788845892
  </id>
  <name>
   Asics Jeans D-6067
  </name>
  <category>
   Jeans
  </category>
  <size>
   XL
  </size>
  <color>
   Синий
  </color>
  <material>
   Хлопок
  </material>
  <price>
   363023
  </price>
  <rating>
   1.93
  </rating>
  <reviews>
   630502
  </reviews>
  <new>
   -
  </new>
  <exclusive>
   no
  </exclusive>
  <sporty>
   no
  </sporty>
 </clothing>
 <clothing>
  <id>
   380204947
  </id>
  <name>
   Vans Handbags U-3259
  </name>
  <category>
   Handbags
  </category>
  <size>
   L
  </size>
  <color>
   Желтый
  </color>
  <material>
   Шерсть
  </material>
  <price>
   913183
  </price>
  <rating>
   3.71
  </rating>
  <reviews>
   818464
  </reviews>
  <new>
   -
  </new>
  <exclusive>
   no
  </exclusive>
  <sporty>
   no
  </sporty>
 </clothing>
 <clothing>
  <id>
   377401317
  </id>
  <name>
   Adidas Gloves Y-2823
  </name>
  <category>
   Gloves
  </category>
  <size>
   XL
  </size>
  <color>
   Оранжевый
  </color>
  <material>
   Полиэстер
  </material>
  <price>
   721766
  </price>
  <rating>
   4.14
  </rating>
  <reviews>
   566330
  </reviews>
  <exclusive>
   yes
  </exclusive>
  <sporty>
   no
  </sporty>
 </clothing>
 <clothing>
  <id>
   996697130
  </id>
  <name>
   Converse Blouse Y-3906
  </name>
  <category>
   Blouse
  </category>
  <size>
   S
  </size>
  <color>
   Голубой
  </color>
  <material>
   Вискоза
  </material>
  <price>
   151623
  </price>
  <rating>
   4.06
  </rating>
  <reviews>
   212008
  </reviews>
  <new>
   +
  </new>
  <sporty>
   no
  </sporty>
 </clothing>
 <clothing>
  <id>
   866086342
  </id>
  <name>
   DC Handbags A-3682
  </name>
  <category>
   Handbags
  </category>
  <size>
   L
  </size>
  <color>
   Оранжевый
  </color>
  <material>
   Кожа
  </material>
  <price>
   132612
  </price>
  <rating>
   4.82
  </rating>
  <reviews>
   861059
  </reviews>
  <new>
   +
  </new>
  <exclusive>
   no
  </exclusive>
  <sporty>
   no
  </sporty>
 </clothing>
 <clothing>
  <id>
   224980080
  </id>
  <name>
   Nike Handbags C-4645
  </name>
  <category>
   Handbags
  </category>
  <size>
   L
  </size>
  <color>
   Зеленый
  </color>
  <material>
   Вискоза
  </material>
  <price>
   567339
  </price>
  <rating>
   2.59
  </rating>
  <reviews>
   180996
  </reviews>
  <new>
   +
  </new>
  <exclusive>
   no
  </exclusive>
  <sporty>
   no
  </sporty>
 </clothing>
 <clothing>
  <id>
   524057507
  </id>
  <name>
   Fila Shirt F-9553
  </name>
  <category>
   Shirt
  </category>
  <size>
   XL
  </size>
  <color>
   Оранжевый
  </color>
  <material>
   Кожа
  </material>
  <price>
   872595
  </price>
  <rating>
   4.63
  </rating>
  <reviews>
   241599
  </reviews>
  <new>
   -
  </new>
  <exclusive>
   no
  </exclusive>
 </clothing>
 <clothing>
  <id>
   694884929
  </id>
  <name>
   Lacoste Skirt R-8063
  </name>
  <category>
   Skirt
  </category>
  <size>
   M
  </size>
  <color>
   Желтый
  </color>
  <material>
   Шелк
  </material>
  <price>
   605808
  </price>
  <rating>
   4.06
  </rating>
  <reviews>
   753295
  </reviews>
  <new>
   -
  </new>
  <exclusive>
   no
  </exclusive>
  <sporty>
   no
  </sporty>
 </clothing>
 <clothing>
  <id>
   835657309
  </id>
  <name>
   Fila Pants U-7996
  </name>
  <category>
   Pants
  </category>
  <size>
   S
  </size>
  <color>
   Голубой
  </color>
  <material>
   Кожа
  </material>
  <price>
   675966
  </price>
  <rating>
   4.62
  </rating>
  <reviews>
   49799
  </reviews>
  <exclusive>
   yes
  </exclusive>
 </clothing>
 <clothing>
  <id>
   177673459
  </id>
  <name>
   Brooks Handbags U-3757
  </name>
  <category>
   Handbags
  </category>
  <size>
   M
  </size>
  <color>
   Фиолетовый
  </color>
  <material>
   Вискоза
  </material>
  <price>
   267984
  </price>
  <rating>
   2.35
  </rating>
  <reviews>
   362385
  </reviews>
  <new>
   -
  </new>
  <exclusive>
   yes
  </exclusive>
  <sporty>
   no
  </sporty>
 </clothing>
 <clothing>
  <id>
   752267163
  </id>
  <name>
   Under Armour Umbrellas L-9882
  </name>
  <category>
   Umbrellas
  </category>
  <size>
   S
  </size>
  <color>
   Оранжевый
  </color>
  <material>
   Нейлон
  </material>
  <price>
   587148
  </price>
  <rating>
   1.15
  </rating>
  <reviews>
   130641
  </reviews>
  <new>
   -
  </new>
 </clothing>
 <clothing>
  <id>
   143853603
  </id>
  <name>
   Nike Shirt M-3726
  </name>
  <category>
   Shirt
  </category>
  <size>
   XL
  </size>
  <color>
   Голубой
  </color>
  <material>
   Шерсть
  </material>
  <price>
   133973
  </price>
  <rating>
   3.51
  </rating>
  <reviews>
   442280
  </reviews>
  <new>
   -
  </new>
  <exclusive>
   no
  </exclusive>
  <sporty>
   no
  </sporty>
 </clothing>
 <clothing>
  <id>
   509927819
  </id>
  <name>
   Brooks Dress F-2843
  </name>
  <category>
   Dress
  </category>
  <size>
   XXL
  </size>
  <color>
   Голубой
  </color>
  <material>
   Шерсть
  </material>
  <price>
   386377
  </price>
  <rating>
   4.68
  </rating>
  <reviews>
   815327
  </reviews>
  <new>
   -
  </new>
  <sporty>
   no
  </sporty>
 </clothing>
 <clothing>
  <id>
   903705368
  </id>
  <name>
   Asics Belts L-1600
  </name>
  <category>
   Belts
  </category>
  <size>
   XL
  </size>
  <color>
   Синий
  </color>
  <material>
   Шерсть
  </material>
  <price>
   953503
  </price>
  <rating>
   3.82
  </rating>
  <reviews>
   686015
  </reviews>
  <exclusive>
   no
  </exclusive>
 </clothing>
 <clothing>
  <id>
   721281349
  </id>
  <name>
   Brooks Skirt S-8791
  </name>
  <category>
   Skirt
  </category>
  <size>
   XL
  </size>
  <color>
   Оранжевый
  </color>
  <material>
   Шерсть
  </material>
  <price>
   185132
  </price>
  <rating>
   3.36
  </rating>
  <reviews>
   944751
  </reviews>
  <new>
   -
  </new>
  <exclusive>
   yes
  </exclusive>
 </clothing>
 <clothing>
  <id>
   326458815
  </id>
  <name>
   New Balance Jacket M-1645
  </name>
  <category>
   Jacket
  </category>
  <size>
   M
  </size>
  <color>
   Желтый
  </color>
  <material>
   Нейлон
  </material>
  <price>
   848948
  </price>
  <rating>
   1.72
  </rating>
  <reviews>
   533762
  </reviews>
  <new>
   -
  </new>
  <exclusive>
   no
  </exclusive>
 </clothing>
 <clothing>
  <id>
   621906883
  </id>
  <name>
   Under Armour T-shirt O-3748
  </name>
  <category>
   T-shirt
  </category>
  <size>
   L
  </size>
  <color>
   Зеленый
  </color>
  <material>
   Нейлон
  </material>
  <price>
   366120
  </price>
  <rating>
   2.03
  </rating>
  <reviews>
   232845
  </reviews>
  <new>
   +
  </new>
  <exclusive>
   yes
  </exclusive>
 </clothing>
 <clothing>
  <id>
   233761395
  </id>
  <name>
   Asics Pants D-9589
  </name>
  <category>
   Pants
  </category>
  <size>
   M
  </size>
  <color>
   Красный
  </color>
  <material>
   Лен
  </material>
  <price>
   348916
  </price>
  <rating>
   1.04
  </rating>
  <reviews>
   830837
  </reviews>
  <new>
   +
  </new>
 </clothing>
 <clothing>
  <id>
   683694394
  </id>
  <name>
   DC Sweater D-7221
  </name>
  <category>
   Sweater
  </category>
  <size>
   S
  </size>
  <color>
   Голубой
  </color>
  <material>
   Нейлон
  </material>
  <price>
   988297
  </price>
  <rating>
   4.8
  </rating>
  <reviews>
   955269
  </reviews>
 </clothing>
 <clothing>
  <id>
   869067273
  </id>
  <name>
   Ellesse Dress A-7878
  </name>
  <category>
   Dress
  </category>
  <size>
   L
  </size>
  <color>
   Зеленый
  </color>
  <material>
   Нейлон
  </material>
  <price>
   137076
  </price>
  <rating>
   4.97
  </rating>
  <reviews>
   763727
  </reviews>
  <new>
   -
  </new>
  <exclusive>
   no
  </exclusive>
 </clothing>
 <clothing>
  <id>
   619056467
  </id>
  <name>
   Puma Handbags N-7788
  </name>
  <category>
   Handbags
  </category>
  <size>
   L
  </size>
  <color>
   Голубой
  </color>
  <material>
   Шерсть
  </material>
  <price>
   833535
  </price>
  <rating>
   4.49
  </rating>
  <reviews>
   838801
  </reviews>
  <sporty>
   no
  </sporty>
 </clothing>
 <clothing>
  <id>
   557134933
  </id>
  <name>
   Converse Umbrellas Y-4487
  </name>
  <category>
   Umbrellas
  </category>
  <size>
   XL
  </size>
  <color>
   Красный
  </color>
  <material>
   Вискоза
  </material>
  <price>
   408858
  </price>
  <rating>
   1.86
  </rating>
  <reviews>
   392999
  </reviews>
  <exclusive>
   no
  </exclusive>
  <sporty>
   yes
  </sporty>
 </clothing>
 <clothing>
  <id>
   843787429
  </id>
  <name>
   Under Armour Dress B-1193
  </name>
  <category>
   Dress
  </category>
  <size>
   L
  </size>
  <color>
   Зеленый
  </color>
  <material>
   Лен
  </material>
  <price>
   302126
  </price>
  <rating>
   4.94
  </rating>
  <reviews>
   695511
  </reviews>
  <new>
   +
  </new>
  <exclusive>
   yes
  </exclusive>
  <sporty>
   yes
  </sporty>
 </clothing>
 <clothing>
  <id>
   522736524
  </id>
  <name>
   Asics Dress A-5066
  </name>
  <category>
   Dress
  </category>
  <size>
   S
  </size>
  <color>
   Желтый
  </color>
  <material>
   Кожа
  </material>
  <price>
   372110
  </price>
  <rating>
   1.14
  </rating>
  <reviews>
   73682
  </reviews>
  <new>
   -
  </new>
 </clothing>
 <clothing>
  <id>
   485427157
  </id>
  <name>
   Lacoste Hat K-2805
  </name>
  <category>
   Hat
  </category>
  <size>
   XXL
  </size>
  <color>
   Зеленый
  </color>
  <material>
   Полиэстер
  </material>
  <price>
   189258
  </price>
  <rating>
   4.62
  </rating>
  <reviews>
   664485
  </reviews>
  <new>
   -
  </new>
  <sporty>
   no
  </sporty>
 </clothing>
</clothing-items>
