<?xml version="1.0" encoding="utf-8"?>
<clothing-items>
 <clothing>
  <id>
   157373474
  </id>
  <name>
   Nike Blouse U-4073
  </name>
  <category>
   Blouse
  </category>
  <size>
   S
  </size>
  <color>
   Оранжевый
  </color>
  <material>
   Хлопок
  </material>
  <price>
   363638
  </price>
  <rating>
   4.0
  </rating>
  <reviews>
   411813
  </reviews>
  <new>
   -
  </new>
  <exclusive>
   no
  </exclusive>
  <sporty>
   no
  </sporty>
 </clothing>
 <clothing>
  <id>
   606307447
  </id>
  <name>
   Under Armour Sweater U-5827
  </name>
  <category>
   Sweater
  </category>
  <size>
   S
  </size>
  <color>
   Зеленый
  </color>
  <material>
   Вискоза
  </material>
  <price>
   358465
  </price>
  <rating>
   3.63
  </rating>
  <reviews>
   761558
  </reviews>
  <exclusive>
   no
  </exclusive>
 </clothing>
 <clothing>
  <id>
   770870705
  </id>
  <name>
   Adidas Skirt Y-6597
  </name>
  <category>
   Skirt
  </category>
  <size>
   M
  </size>
  <color>
   Голубой
  </color>
  <material>
   Шелк
  </material>
  <price>
   382362
  </price>
  <rating>
   1.22
  </rating>
  <reviews>
   832025
  </reviews>
  <new>
   +
  </new>
  <sporty>
   yes
  </sporty>
 </clothing>
 <clothing>
  <id>
   718097466
  </id>
  <name>
   Ellesse Skirt Q-6234
  </name>
  <category>
   Skirt
  </category>
  <size>
   XXL
  </size>
  <color>
   Синий
  </color>
  <material>
   Нейлон
  </material>
  <price>
   712671
  </price>
  <rating>
   4.1
  </rating>
  <reviews>
   344818
  </reviews>
  <new>
   -
  </new>
  <exclusive>
   yes
  </exclusive>
 </clothing>
 <clothing>
  <id>
   689499460
  </id>
  <name>
   DC Shirt N-9773
  </name>
  <category>
   Shirt
  </category>
  <size>
   M
  </size>
  <color>
   Голубой
  </color>
  <material>
   Лен
  </material>
  <price>
   690709
  </price>
  <rating>
   2.96
  </rating>
  <reviews>
   679239
  </reviews>
  <sporty>
   no
  </sporty>
 </clothing>
 <clothing>
  <id>
   479613498
  </id>
  <name>
   DC Dress S-5125
  </name>
  <category>
   Dress
  </category>
  <size>
   L
  </size>
  <color>
   Фиолетовый
  </color>
  <material>
   Вискоза
  </material>
  <price>
   724718
  </price>
  <rating>
   2.76
  </rating>
  <reviews>
   569960
  </reviews>
  <sporty>
   yes
  </sporty>
 </clothing>
 <clothing>
  <id>
   565088193
  </id>
  <name>
   Brooks Pants B-2465
  </name>
  <category>
   Pants
  </category>
  <size>
   XL
  </size>
  <color>
   Голубой
  </color>
  <material>
   Хлопок
  </material>
  <price>
   230009
  </price>
  <rating>
   3.67
  </rating>
  <reviews>
   514044
  </reviews>
  <new>
   -
  </new>
  <exclusive>
   yes
  </exclusive>
  <sporty>
   no
  </sporty>
 </clothing>
 <clothing>
  <id>
   761850027
  </id>
  <name>
   Nike Skirt G-2930
  </name>
  <category>
   Skirt
  </category>
  <size>
   M
  </size>
  <color>
   Желтый
  </color>
  <material>
   Шерсть
  </material>
  <price>
   138880
  </price>
  <rating>
   3.57
  </rating>
  <reviews>
   390018
  </reviews>
  <new>
   -
  </new>
  <exclusive>
   yes
  </exclusive>
 </clothing>
 <clothing>
  <id>
   854003145
  </id>
  <name>
   Converse Pants R-3738
  </name>
  <category>
   Pants
  </category>
  <size>
   M
  </size>
  <color>
   Оранжевый
  </color>
  <material>
   Хлопок
  </material>
  <price>
   404639
  </price>
  <rating>
   3.16
  </rating>
  <reviews>
   998999
  </reviews>
  <new>
   +
  </new>
 </clothing>
 <clothing>
  <id>
   211999276
  </id>
  <name>
   PleinSport Belts U-8931
  </name>
  <category>
   Belts
  </category>
  <size>
   XXL
  </size>
  <color>
   Оранжевый
  </color>
  <material>
   Нейлон
  </material>
  <price>
   199988
  </price>
  <rating>
   3.93
  </rating>
  <reviews>
   95100
  </reviews>
  <new>
   +
  </new>
 </clothing>
 <clothing>
  <id>
   463019212
  </id>
  <name>
   Brooks Socks M-1056
  </name>
  <category>
   Socks
  </category>
  <size>
   XXL
  </size>
  <color>
   Синий
  </color>
  <material>
   Нейлон
  </material>
  <price>
   784347
  </price>
  <rating>
   4.67
  </rating>
  <reviews>
   313213
  </reviews>
  <exclusive>
   no
  </exclusive>
 </clothing>
 <clothing>
  <id>
   809681346
  </id>
  <name>
   Ellesse Skirt N-5835
  </name>
  <category>
   Skirt
  </category>
  <size>
   L
  </size>
  <color>
   Желтый
  </color>
  <material>
   Шелк
  </material>
  <price>
   536846
  </price>
  <rating>
   3.46
  </rating>
  <reviews>
   932284
  </reviews>
  <sporty>
   no
  </sporty>
 </clothing>
 <clothing>
  <id>
   590229190
  </id>
  <name>
   Lacoste Belts M-4536
  </name>
  <category>
   Belts
  </category>
  <size>
   S
  </size>
  <color>
   Красный
  </color>
  <material>
   Кожа
  </material>
  <price>
   653650
  </price>
  <rating>
   1.79
  </rating>
  <reviews>
   871119
  </reviews>
  <new>
   -
  </new>
  <sporty>
   yes
  </sporty>
 </clothing>
 <clothing>
  <id>
   433783640
  </id>
  <name>
   DC Skirt D-1352
  </name>
  <category>
   Skirt
  </category>
  <size>
   M
  </size>
  <color>
   Фиолетовый
  </color>
  <material>
   Шерсть
  </material>
  <price>
   144788
  </price>
  <rating>
   4.9
  </rating>
  <reviews>
   108882
  </reviews>
  <new>
   -
  </new>
  <sporty>
   yes
  </sporty>
 </clothing>
 <clothing>
  <id>
   615775780
  </id>
  <name>
   Puma Shoes G-9535
  </name>
  <category>
   Shoes
  </category>
  <size>
   L
  </size>
  <color>
   Оранжевый
  </color>
  <material>
   Кожа
  </material>
  <price>
   254248
  </price>
  <rating>
   3.4
  </rating>
  <reviews>
   296473
  </reviews>
  <new>
   -
  </new>
  <exclusive>
   no
  </exclusive>
  <sporty>
   no
  </sporty>
 </clothing>
 <clothing>
  <id>
   458322739
  </id>
  <name>
   Fila Umbrellas B-7363
  </name>
  <category>
   Umbrellas
  </category>
  <size>
   XXL
  </size>
  <color>
   Зеленый
  </color>
  <material>
   Шерсть
  </material>
  <price>
   243461
  </price>
  <rating>
   3.17
  </rating>
  <reviews>
   377276
  </reviews>
  <sporty>
   yes
  </sporty>
 </clothing>
 <clothing>
  <id>
   508704636
  </id>
  <name>
   Ellesse Belts T-3640
  </name>
  <category>
   Belts
  </category>
  <size>
   XXL
  </size>
  <color>
   Красный
  </color>
  <material>
   Полиэстер
  </material>
  <price>
   503960
  </price>
  <rating>
   3.23
  </rating>
  <reviews>
   32860
  </reviews>
  <sporty>
   no
  </sporty>
 </clothing>
 <clothing>
  <id>
   989548836
  </id>
  <name>
   Nike T-shirt A-3225
  </name>
  <category>
   T-shirt
  </category>
  <size>
   XXL
  </size>
  <color>
   Фиолетовый
  </color>
  <material>
   Шелк
  </material>
  <price>
   706897
  </price>
  <rating>
   2.08
  </rating>
  <reviews>
   395563
  </reviews>
  <exclusive>
   yes
  </exclusive>
 </clothing>
 <clothing>
  <id>
   430060186
  </id>
  <name>
   Vans Shirt K-3910
  </name>
  <category>
   Shirt
  </category>
  <size>
   XXL
  </size>
  <color>
   Оранжевый
  </color>
  <material>
   Вискоза
  </material>
  <price>
   655142
  </price>
  <rating>
   2.5
  </rating>
  <reviews>
   955457
  </reviews>
  <new>
   +
  </new>
  <sporty>
   yes
  </sporty>
 </clothing>
 <clothing>
  <id>
   793314966
  </id>
  <name>
   Lacoste Hat Y-9396
  </name>
  <category>
   Hat
  </category>
  <size>
   S
  </size>
  <color>
   Фиолетовый
  </color>
  <material>
   Вискоза
  </material>
  <price>
   186250
  </price>
  <rating>
   2.72
  </rating>
  <reviews>
   207076
  </reviews>
  <new>
   +
  </new>
 </clothing>
 <clothing>
  <id>
   130506594
  </id>
  <name>
   Fila Pants T-2061
  </name>
  <category>
   Pants
  </category>
  <size>
   M
  </size>
  <color>
   Оранжевый
  </color>
  <material>
   Кожа
  </material>
  <price>
   946978
  </price>
  <rating>
   2.75
  </rating>
  <reviews>
   818463
  </reviews>
  <new>
   -
  </new>
  <exclusive>
   yes
  </exclusive>
 </clothing>
 <clothing>
  <id>
   255794269
  </id>
  <name>
   Fila Sweater M-6940
  </name>
  <category>
   Sweater
  </category>
  <size>
   M
  </size>
  <color>
   Фиолетовый
  </color>
  <material>
   Нейлон
  </material>
  <price>
   576559
  </price>
  <rating>
   4.57
  </rating>
  <reviews>
   946000
  </reviews>
 </clothing>
 <clothing>
  <id>
   881300862
  </id>
  <name>
   Reebok Shirt S-6168
  </name>
  <category>
   Shirt
  </category>
  <size>
   XL
  </size>
  <color>
   Фиолетовый
  </color>
  <material>
   Шелк
  </material>
  <price>
   846728
  </price>
  <rating>
   1.22
  </rating>
  <reviews>
   622725
  </reviews>
  <sporty>
   no
  </sporty>
 </clothing>
 <clothing>
  <id>
   261924992
  </id>
  <name>
   Reebok Shirt B-5663
  </name>
  <category>
   Shirt
  </category>
  <size>
   M
  </size>
  <color>
   Синий
  </color>
  <material>
   Шерсть
  </material>
  <price>
   200243
  </price>
  <rating>
   2.05
  </rating>
  <reviews>
   335097
  </reviews>
  <new>
   -
  </new>
  <exclusive>
   yes
  </exclusive>
  <sporty>
   no
  </sporty>
 </clothing>
 <clothing>
  <id>
   263290730
  </id>
  <name>
   Asics Jeans G-6736
  </name>
  <category>
   Jeans
  </category>
  <size>
   S
  </size>
  <color>
   Фиолетовый
  </color>
  <material>
   Хлопок
  </material>
  <price>
   111026
  </price>
  <rating>
   4.51
  </rating>
  <reviews>
   101510
  </reviews>
  <new>
   -
  </new>
  <exclusive>
   yes
  </exclusive>
  <sporty>
   no
  </sporty>
 </clothing>
 <clothing>
  <id>
   605632371
  </id>
  <name>
   Puma Jacket Z-7876
  </name>
  <category>
   Jacket
  </category>
  <size>
   S
  </size>
  <color>
   Красный
  </color>
  <material>
   Полиэстер
  </material>
  <price>
   130951
  </price>
  <rating>
   2.97
  </rating>
  <reviews>
   557492
  </reviews>
  <new>
   -
  </new>
  <sporty>
   no
  </sporty>
 </clothing>
 <clothing>
  <id>
   573933485
  </id>
  <name>
   Lacoste Jacket P-1408
  </name>
  <category>
   Jacket
  </category>
  <size>
   M
  </size>
  <color>
   Синий
  </color>
  <material>
   Шелк
  </material>
  <price>
   774090
  </price>
  <rating>
   1.31
  </rating>
  <reviews>
   580988
  </reviews>
  <new>
   +
  </new>
  <exclusive>
   no
  </exclusive>
  <sporty>
   no
  </sporty>
 </clothing>
 <clothing>
  <id>
   301211814
  </id>
  <name>
   Ellesse Jeans T-8114
  </name>
  <category>
   Jeans
  </category>
  <size>
   XL
  </size>
  <color>
   Синий
  </color>
  <material>
   Шелк
  </material>
  <price>
   501037
  </price>
  <rating>
   1.66
  </rating>
  <reviews>
   951301
  </reviews>
  <exclusive>
   no
  </exclusive>
  <sporty>
   no
  </sporty>
 </clothing>
 <clothing>
  <id>
   387064502
  </id>
  <name>
   DC Skirt C-1873
  </name>
  <category>
   Skirt
  </category>
  <size>
   XXL
  </size>
  <color>
   Оранжевый
  </color>
  <material>
   Лен
  </material>
  <price>
   571363
  </price>
  <rating>
   2.72
  </rating>
  <reviews>
   94126
  </reviews>
  <new>
   -
  </new>
  <exclusive>
   yes
  </exclusive>
 </clothing>
 <clothing>
  <id>
   913494806
  </id>
  <name>
   Ellesse Jacket M-1281
  </name>
  <category>
   Jacket
  </category>
  <size>
   M
  </size>
  <color>
   Синий
  </color>
  <material>
   Кожа
  </material>
  <price>
   892057
  </price>
  <rating>
   2.15
  </rating>
  <reviews>
   37625
  </reviews>
  <new>
   +
  </new>
  <exclusive>
   no
  </exclusive>
  <sporty>
   no
  </sporty>
 </clothing>
 <clothing>
  <id>
   647204394
  </id>
  <name>
   PleinSport Jacket K-4218
  </name>
  <category>
   Jacket
  </category>
  <size>
   XL
  </size>
  <color>
   Желтый
  </color>
  <material>
   Нейлон
  </material>
  <price>
   377495
  </price>
  <rating>
   1.27
  </rating>
  <reviews>
   700757
  </reviews>
  <new>
   -
  </new>
 </clothing>
 <clothing>
  <id>
   259789706
  </id>
  <name>
   DC Gloves V-8919
  </name>
  <category>
   Gloves
  </category>
  <size>
   S
  </size>
  <color>
   Голубой
  </color>
  <material>
   Полиэстер
  </material>
  <price>
   339144
  </price>
  <rating>
   1.07
  </rating>
  <reviews>
   800387
  </reviews>
  <sporty>
   no
  </sporty>
 </clothing>
 <clothing>
  <id>
   792368399
  </id>
  <name>
   Brooks Shoes L-1140
  </name>
  <category>
   Shoes
  </category>
  <size>
   L
  </size>
  <color>
   Желтый
  </color>
  <material>
   Нейлон
  </material>
  <price>
   973309
  </price>
  <rating>
   3.87
  </rating>
  <reviews>
   830973
  </reviews>
  <new>
   -
  </new>
  <exclusive>
   yes
  </exclusive>
  <sporty>
   yes
  </sporty>
 </clothing>
 <clothing>
  <id>
   413201735
  </id>
  <name>
   New Balance Dress X-5051
  </name>
  <category>
   Dress
  </category>
  <size>
   S
  </size>
  <color>
   Оранжевый
  </color>
  <material>
   Нейлон
  </material>
  <price>
   668077
  </price>
  <rating>
   2.62
  </rating>
  <reviews>
   6166
  </reviews>
  <sporty>
   yes
  </sporty>
 </clothing>
</clothing-items>
