<?xml version="1.0" encoding="utf-8"?>
<clothing-items>
 <clothing>
  <id>
   386072123
  </id>
  <name>
   Reebok Shoes W-8507
  </name>
  <category>
   Shoes
  </category>
  <size>
   M
  </size>
  <color>
   Фиолетовый
  </color>
  <material>
   Шелк
  </material>
  <price>
   972481
  </price>
  <rating>
   1.35
  </rating>
  <reviews>
   113893
  </reviews>
  <new>
   -
  </new>
  <exclusive>
   yes
  </exclusive>
 </clothing>
 <clothing>
  <id>
   965744515
  </id>
  <name>
   PleinSport Umbrellas B-6636
  </name>
  <category>
   Umbrellas
  </category>
  <size>
   M
  </size>
  <color>
   Красный
  </color>
  <material>
   Полиэстер
  </material>
  <price>
   950346
  </price>
  <rating>
   1.47
  </rating>
  <reviews>
   920655
  </reviews>
 </clothing>
 <clothing>
  <id>
   219752491
  </id>
  <name>
   New Balance Handbags V-3356
  </name>
  <category>
   Handbags
  </category>
  <size>
   XXL
  </size>
  <color>
   Желтый
  </color>
  <material>
   Кожа
  </material>
  <price>
   575559
  </price>
  <rating>
   4.85
  </rating>
  <reviews>
   387162
  </reviews>
  <new>
   -
  </new>
  <sporty>
   yes
  </sporty>
 </clothing>
 <clothing>
  <id>
   596918210
  </id>
  <name>
   DC Jeans Y-8480
  </name>
  <category>
   Jeans
  </category>
  <size>
   XXL
  </size>
  <color>
   Голубой
  </color>
  <material>
   Лен
  </material>
  <price>
   157148
  </price>
  <rating>
   4.85
  </rating>
  <reviews>
   258276
  </reviews>
  <exclusive>
   no
  </exclusive>
  <sporty>
   yes
  </sporty>
 </clothing>
 <clothing>
  <id>
   215887737
  </id>
  <name>
   Addidas Belts Y-2898
  </name>
  <category>
   Belts
  </category>
  <size>
   L
  </size>
  <color>
   Голубой
  </color>
  <material>
   Нейлон
  </material>
  <price>
   389628
  </price>
  <rating>
   1.18
  </rating>
  <reviews>
   790274
  </reviews>
  <new>
   -
  </new>
  <sporty>
   no
  </sporty>
 </clothing>
 <clothing>
  <id>
   702962641
  </id>
  <name>
   Fila Shoes P-6090
  </name>
  <category>
   Shoes
  </category>
  <size>
   XXL
  </size>
  <color>
   Синий
  </color>
  <material>
   Хлопок
  </material>
  <price>
   492505
  </price>
  <rating>
   3.17
  </rating>
  <reviews>
   156333
  </reviews>
  <new>
   +
  </new>
  <exclusive>
   no
  </exclusive>
 </clothing>
 <clothing>
  <id>
   139603702
  </id>
  <name>
   Reebok Blouse R-5660
  </name>
  <category>
   Blouse
  </category>
  <size>
   L
  </size>
  <color>
   Желтый
  </color>
  <material>
   Хлопок
  </material>
  <price>
   936275
  </price>
  <rating>
   3.26
  </rating>
  <reviews>
   558208
  </reviews>
  <new>
   -
  </new>
  <exclusive>
   no
  </exclusive>
  <sporty>
   no
  </sporty>
 </clothing>
 <clothing>
  <id>
   468313169
  </id>
  <name>
   Fila Belts C-8442
  </name>
  <category>
   Belts
  </category>
  <size>
   XL
  </size>
  <color>
   Красный
  </color>
  <material>
   Шелк
  </material>
  <price>
   178982
  </price>
  <rating>
   4.01
  </rating>
  <reviews>
   834769
  </reviews>
  <new>
   -
  </new>
  <exclusive>
   no
  </exclusive>
 </clothing>
 <clothing>
  <id>
   378794938
  </id>
  <name>
   Converse Skirt H-5064
  </name>
  <category>
   Skirt
  </category>
  <size>
   XXL
  </size>
  <color>
   Фиолетовый
  </color>
  <material>
   Хлопок
  </material>
  <price>
   327471
  </price>
  <rating>
   1.72
  </rating>
  <reviews>
   186487
  </reviews>
  <exclusive>
   yes
  </exclusive>
  <sporty>
   no
  </sporty>
 </clothing>
 <clothing>
  <id>
   940339473
  </id>
  <name>
   Brooks Dress V-7438
  </name>
  <category>
   Dress
  </category>
  <size>
   XXL
  </size>
  <color>
   Голубой
  </color>
  <material>
   Кожа
  </material>
  <price>
   681832
  </price>
  <rating>
   4.41
  </rating>
  <reviews>
   545336
  </reviews>
  <new>
   -
  </new>
  <exclusive>
   no
  </exclusive>
 </clothing>
 <clothing>
  <id>
   779649607
  </id>
  <name>
   Lacoste Skirt O-4477
  </name>
  <category>
   Skirt
  </category>
  <size>
   M
  </size>
  <color>
   Синий
  </color>
  <material>
   Хлопок
  </material>
  <price>
   857001
  </price>
  <rating>
   1.06
  </rating>
  <reviews>
   206192
  </reviews>
  <new>
   -
  </new>
 </clothing>
 <clothing>
  <id>
   317742602
  </id>
  <name>
   Vans Shoes K-8412
  </name>
  <category>
   Shoes
  </category>
  <size>
   XXL
  </size>
  <color>
   Голубой
  </color>
  <material>
   Кожа
  </material>
  <price>
   468857
  </price>
  <rating>
   1.35
  </rating>
  <reviews>
   603812
  </reviews>
  <new>
   +
  </new>
 </clothing>
 <clothing>
  <id>
   851670469
  </id>
  <name>
   Vans Shirt G-2950
  </name>
  <category>
   Shirt
  </category>
  <size>
   XL
  </size>
  <color>
   Красный
  </color>
  <material>
   Лен
  </material>
  <price>
   123280
  </price>
  <rating>
   2.41
  </rating>
  <reviews>
   824512
  </reviews>
  <new>
   +
  </new>
  <exclusive>
   yes
  </exclusive>
  <sporty>
   no
  </sporty>
 </clothing>
 <clothing>
  <id>
   859249231
  </id>
  <name>
   Ellesse Belts O-7165
  </name>
  <category>
   Belts
  </category>
  <size>
   XXL
  </size>
  <color>
   Желтый
  </color>
  <material>
   Шелк
  </material>
  <price>
   300674
  </price>
  <rating>
   4.16
  </rating>
  <reviews>
   318821
  </reviews>
  <new>
   +
  </new>
  <exclusive>
   no
  </exclusive>
  <sporty>
   yes
  </sporty>
 </clothing>
 <clothing>
  <id>
   294018244
  </id>
  <name>
   Lacoste Dress F-1522
  </name>
  <category>
   Dress
  </category>
  <size>
   M
  </size>
  <color>
   Оранжевый
  </color>
  <material>
   Лен
  </material>
  <price>
   750170
  </price>
  <rating>
   2.67
  </rating>
  <reviews>
   850613
  </reviews>
  <new>
   -
  </new>
  <exclusive>
   no
  </exclusive>
 </clothing>
 <clothing>
  <id>
   780435656
  </id>
  <name>
   Reebok Umbrellas C-4195
  </name>
  <category>
   Umbrellas
  </category>
  <size>
   M
  </size>
  <color>
   Красный
  </color>
  <material>
   Шерсть
  </material>
  <price>
   227857
  </price>
  <rating>
   3.49
  </rating>
  <reviews>
   309238
  </reviews>
  <exclusive>
   yes
  </exclusive>
  <sporty>
   yes
  </sporty>
 </clothing>
 <clothing>
  <id>
   123370094
  </id>
  <name>
   New Balance Hat T-3461
  </name>
  <category>
   Hat
  </category>
  <size>
   L
  </size>
  <color>
   Фиолетовый
  </color>
  <material>
   Нейлон
  </material>
  <price>
   860896
  </price>
  <rating>
   1.08
  </rating>
  <reviews>
   750816
  </reviews>
  <new>
   +
  </new>
  <exclusive>
   no
  </exclusive>
 </clothing>
 <clothing>
  <id>
   291895868
  </id>
  <name>
   DC Blouse Q-7768
  </name>
  <category>
   Blouse
  </category>
  <size>
   M
  </size>
  <color>
   Зеленый
  </color>
  <material>
   Шелк
  </material>
  <price>
   786435
  </price>
  <rating>
   4.3
  </rating>
  <reviews>
   348292
  </reviews>
  <new>
   +
  </new>
  <sporty>
   no
  </sporty>
 </clothing>
 <clothing>
  <id>
   861033283
  </id>
  <name>
   Fila Umbrellas N-2428
  </name>
  <category>
   Umbrellas
  </category>
  <size>
   L
  </size>
  <color>
   Зеленый
  </color>
  <material>
   Полиэстер
  </material>
  <price>
   541552
  </price>
  <rating>
   4.4
  </rating>
  <reviews>
   433813
  </reviews>
 </clothing>
 <clothing>
  <id>
   575778452
  </id>
  <name>
   PleinSport T-shirt G-6297
  </name>
  <category>
   T-shirt
  </category>
  <size>
   L
  </size>
  <color>
   Оранжевый
  </color>
  <material>
   Хлопок
  </material>
  <price>
   280495
  </price>
  <rating>
   4.89
  </rating>
  <reviews>
   134780
  </reviews>
  <exclusive>
   yes
  </exclusive>
 </clothing>
 <clothing>
  <id>
   673075875
  </id>
  <name>
   Asics Jeans I-6741
  </name>
  <category>
   Jeans
  </category>
  <size>
   L
  </size>
  <color>
   Зеленый
  </color>
  <material>
   Полиэстер
  </material>
  <price>
   482441
  </price>
  <rating>
   2.51
  </rating>
  <reviews>
   872897
  </reviews>
  <exclusive>
   yes
  </exclusive>
 </clothing>
 <clothing>
  <id>
   260614930
  </id>
  <name>
   Brooks Socks W-1357
  </name>
  <category>
   Socks
  </category>
  <size>
   XXL
  </size>
  <color>
   Красный
  </color>
  <material>
   Шелк
  </material>
  <price>
   576083
  </price>
  <rating>
   3.81
  </rating>
  <reviews>
   716507
  </reviews>
  <new>
   -
  </new>
 </clothing>
 <clothing>
  <id>
   185077828
  </id>
  <name>
   Brooks Belts W-3785
  </name>
  <category>
   Belts
  </category>
  <size>
   L
  </size>
  <color>
   Голубой
  </color>
  <material>
   Вискоза
  </material>
  <price>
   437643
  </price>
  <rating>
   2.42
  </rating>
  <reviews>
   849677
  </reviews>
  <new>
   +
  </new>
  <exclusive>
   yes
  </exclusive>
  <sporty>
   no
  </sporty>
 </clothing>
 <clothing>
  <id>
   525439051
  </id>
  <name>
   Adidas Handbags G-8365
  </name>
  <category>
   Handbags
  </category>
  <size>
   L
  </size>
  <color>
   Голубой
  </color>
  <material>
   Полиэстер
  </material>
  <price>
   880142
  </price>
  <rating>
   3.2
  </rating>
  <reviews>
   959797
  </reviews>
 </clothing>
 <clothing>
  <id>
   437403509
  </id>
  <name>
   Puma Socks B-6269
  </name>
  <category>
   Socks
  </category>
  <size>
   M
  </size>
  <color>
   Фиолетовый
  </color>
  <material>
   Полиэстер
  </material>
  <price>
   111833
  </price>
  <rating>
   3.75
  </rating>
  <reviews>
   90060
  </reviews>
  <new>
   -
  </new>
  <exclusive>
   no
  </exclusive>
  <sporty>
   yes
  </sporty>
 </clothing>
 <clothing>
  <id>
   416730653
  </id>
  <name>
   DC Socks G-7012
  </name>
  <category>
   Socks
  </category>
  <size>
   XL
  </size>
  <color>
   Зеленый
  </color>
  <material>
   Шерсть
  </material>
  <price>
   429695
  </price>
  <rating>
   4.22
  </rating>
  <reviews>
   104340
  </reviews>
  <new>
   -
  </new>
  <sporty>
   no
  </sporty>
 </clothing>
 <clothing>
  <id>
   347348613
  </id>
  <name>
   New Balance Socks Y-2606
  </name>
  <category>
   Socks
  </category>
  <size>
   M
  </size>
  <color>
   Красный
  </color>
  <material>
   Лен
  </material>
  <price>
   814275
  </price>
  <rating>
   4.52
  </rating>
  <reviews>
   156940
  </reviews>
  <exclusive>
   yes
  </exclusive>
 </clothing>
 <clothing>
  <id>
   245172318
  </id>
  <name>
   Puma Blouse T-2896
  </name>
  <category>
   Blouse
  </category>
  <size>
   L
  </size>
  <color>
   Синий
  </color>
  <material>
   Шерсть
  </material>
  <price>
   584851
  </price>
  <rating>
   3.03
  </rating>
  <reviews>
   441285
  </reviews>
  <new>
   +
  </new>
  <exclusive>
   no
  </exclusive>
  <sporty>
   no
  </sporty>
 </clothing>
 <clothing>
  <id>
   626044279
  </id>
  <name>
   Ellesse Jacket X-3366
  </name>
  <category>
   Jacket
  </category>
  <size>
   S
  </size>
  <color>
   Голубой
  </color>
  <material>
   Лен
  </material>
  <price>
   128808
  </price>
  <rating>
   2.85
  </rating>
  <reviews>
   797116
  </reviews>
  <exclusive>
   no
  </exclusive>
  <sporty>
   no
  </sporty>
 </clothing>
 <clothing>
  <id>
   210328396
  </id>
  <name>
   Nike Blouse K-2267
  </name>
  <category>
   Blouse
  </category>
  <size>
   L
  </size>
  <color>
   Желтый
  </color>
  <material>
   Шерсть
  </material>
  <price>
   148709
  </price>
  <rating>
   4.39
  </rating>
  <reviews>
   155566
  </reviews>
  <new>
   +
  </new>
  <sporty>
   no
  </sporty>
 </clothing>
 <clothing>
  <id>
   130598044
  </id>
  <name>
   Brooks Socks T-9667
  </name>
  <category>
   Socks
  </category>
  <size>
   L
  </size>
  <color>
   Голубой
  </color>
  <material>
   Шерсть
  </material>
  <price>
   953817
  </price>
  <rating>
   3.2
  </rating>
  <reviews>
   749657
  </reviews>
  <exclusive>
   no
  </exclusive>
 </clothing>
 <clothing>
  <id>
   589633147
  </id>
  <name>
   Asics Skirt A-5438
  </name>
  <category>
   Skirt
  </category>
  <size>
   M
  </size>
  <color>
   Красный
  </color>
  <material>
   Кожа
  </material>
  <price>
   687472
  </price>
  <rating>
   3.48
  </rating>
  <reviews>
   680779
  </reviews>
  <new>
   +
  </new>
  <exclusive>
   no
  </exclusive>
  <sporty>
   no
  </sporty>
 </clothing>
 <clothing>
  <id>
   542134330
  </id>
  <name>
   Addidas Hat Z-4330
  </name>
  <category>
   Hat
  </category>
  <size>
   XXL
  </size>
  <color>
   Оранжевый
  </color>
  <material>
   Хлопок
  </material>
  <price>
   664520
  </price>
  <rating>
   2.36
  </rating>
  <reviews>
   824834
  </reviews>
  <new>
   +
  </new>
  <exclusive>
   yes
  </exclusive>
 </clothing>
 <clothing>
  <id>
   119501615
  </id>
  <name>
   Puma Gloves C-7557
  </name>
  <category>
   Gloves
  </category>
  <size>
   M
  </size>
  <color>
   Фиолетовый
  </color>
  <material>
   Полиэстер
  </material>
  <price>
   632805
  </price>
  <rating>
   4.54
  </rating>
  <reviews>
   201629
  </reviews>
  <new>
   -
  </new>
 </clothing>
 <clothing>
  <id>
   703998932
  </id>
  <name>
   Brooks Belts Z-9961
  </name>
  <category>
   Belts
  </category>
  <size>
   L
  </size>
  <color>
   Желтый
  </color>
  <material>
   Шелк
  </material>
  <price>
   603823
  </price>
  <rating>
   2.58
  </rating>
  <reviews>
   559380
  </reviews>
  <new>
   -
  </new>
  <exclusive>
   yes
  </exclusive>
  <sporty>
   yes
  </sporty>
 </clothing>
 <clothing>
  <id>
   492953184
  </id>
  <name>
   New Balance Shirt I-4117
  </name>
  <category>
   Shirt
  </category>
  <size>
   XXL
  </size>
  <color>
   Фиолетовый
  </color>
  <material>
   Лен
  </material>
  <price>
   298648
  </price>
  <rating>
   2.96
  </rating>
  <reviews>
   777619
  </reviews>
  <new>
   -
  </new>
  <exclusive>
   yes
  </exclusive>
  <sporty>
   yes
  </sporty>
 </clothing>
 <clothing>
  <id>
   434633965
  </id>
  <name>
   Reebok Sweater Y-5424
  </name>
  <category>
   Sweater
  </category>
  <size>
   L
  </size>
  <color>
   Зеленый
  </color>
  <material>
   Шелк
  </material>
  <price>
   885032
  </price>
  <rating>
   4.8
  </rating>
  <reviews>
   862550
  </reviews>
  <new>
   +
  </new>
  <exclusive>
   no
  </exclusive>
  <sporty>
   yes
  </sporty>
 </clothing>
 <clothing>
  <id>
   482037865
  </id>
  <name>
   Ellesse Handbags O-1619
  </name>
  <category>
   Handbags
  </category>
  <size>
   L
  </size>
  <color>
   Оранжевый
  </color>
  <material>
   Кожа
  </material>
  <price>
   780465
  </price>
  <rating>
   1.19
  </rating>
  <reviews>
   281576
  </reviews>
  <exclusive>
   no
  </exclusive>
 </clothing>
</clothing-items>
