<?xml version="1.0" encoding="utf-8"?>
<clothing-items>
 <clothing>
  <id>
   847159607
  </id>
  <name>
   Brooks Umbrellas C-3830
  </name>
  <category>
   Umbrellas
  </category>
  <size>
   L
  </size>
  <color>
   Красный
  </color>
  <material>
   Полиэстер
  </material>
  <price>
   145278
  </price>
  <rating>
   2.02
  </rating>
  <reviews>
   486567
  </reviews>
  <new>
   +
  </new>
  <exclusive>
   no
  </exclusive>
 </clothing>
 <clothing>
  <id>
   522997641
  </id>
  <name>
   Asics Handbags R-5451
  </name>
  <category>
   Handbags
  </category>
  <size>
   XL
  </size>
  <color>
   Синий
  </color>
  <material>
   Кожа
  </material>
  <price>
   337626
  </price>
  <rating>
   4.73
  </rating>
  <reviews>
   858069
  </reviews>
  <new>
   -
  </new>
  <exclusive>
   no
  </exclusive>
  <sporty>
   no
  </sporty>
 </clothing>
 <clothing>
  <id>
   624941731
  </id>
  <name>
   Adidas Skirt L-2535
  </name>
  <category>
   Skirt
  </category>
  <size>
   L
  </size>
  <color>
   Голубой
  </color>
  <material>
   Шелк
  </material>
  <price>
   633243
  </price>
  <rating>
   1.99
  </rating>
  <reviews>
   584781
  </reviews>
  <new>
   -
  </new>
  <exclusive>
   yes
  </exclusive>
  <sporty>
   yes
  </sporty>
 </clothing>
 <clothing>
  <id>
   698670257
  </id>
  <name>
   DC Dress M-1834
  </name>
  <category>
   Dress
  </category>
  <size>
   L
  </size>
  <color>
   Желтый
  </color>
  <material>
   Шерсть
  </material>
  <price>
   469624
  </price>
  <rating>
   4.51
  </rating>
  <reviews>
   751440
  </reviews>
  <new>
   -
  </new>
  <exclusive>
   no
  </exclusive>
  <sporty>
   yes
  </sporty>
 </clothing>
 <clothing>
  <id>
   235259119
  </id>
  <name>
   Ellesse T-shirt V-6235
  </name>
  <category>
   T-shirt
  </category>
  <size>
   XXL
  </size>
  <color>
   Голубой
  </color>
  <material>
   Шерсть
  </material>
  <price>
   258172
  </price>
  <rating>
   3.59
  </rating>
  <reviews>
   302866
  </reviews>
  <exclusive>
   yes
  </exclusive>
 </clothing>
 <clothing>
  <id>
   756681441
  </id>
  <name>
   Addidas Blouse J-1670
  </name>
  <category>
   Blouse
  </category>
  <size>
   XXL
  </size>
  <color>
   Синий
  </color>
  <material>
   Вискоза
  </material>
  <price>
   406026
  </price>
  <rating>
   1.12
  </rating>
  <reviews>
   763240
  </reviews>
  <new>
   -
  </new>
  <exclusive>
   yes
  </exclusive>
 </clothing>
 <clothing>
  <id>
   528225137
  </id>
  <name>
   Vans Jacket X-9922
  </name>
  <category>
   Jacket
  </category>
  <size>
   M
  </size>
  <color>
   Красный
  </color>
  <material>
   Нейлон
  </material>
  <price>
   988780
  </price>
  <rating>
   4.15
  </rating>
  <reviews>
   620405
  </reviews>
  <sporty>
   no
  </sporty>
 </clothing>
 <clothing>
  <id>
   995850590
  </id>
  <name>
   Reebok Shoes N-8673
  </name>
  <category>
   Shoes
  </category>
  <size>
   XXL
  </size>
  <color>
   Красный
  </color>
  <material>
   Шелк
  </material>
  <price>
   553819
  </price>
  <rating>
   2.2
  </rating>
  <reviews>
   449795
  </reviews>
  <new>
   +
  </new>
 </clothing>
 <clothing>
  <id>
   573481425
  </id>
  <name>
   New Balance Shirt S-4274
  </name>
  <category>
   Shirt
  </category>
  <size>
   S
  </size>
  <color>
   Зеленый
  </color>
  <material>
   Хлопок
  </material>
  <price>
   578301
  </price>
  <rating>
   2.78
  </rating>
  <reviews>
   256551
  </reviews>
  <sporty>
   no
  </sporty>
 </clothing>
 <clothing>
  <id>
   993589358
  </id>
  <name>
   Converse Gloves W-9234
  </name>
  <category>
   Gloves
  </category>
  <size>
   XL
  </size>
  <color>
   Зеленый
  </color>
  <material>
   Хлопок
  </material>
  <price>
   155235
  </price>
  <rating>
   3.36
  </rating>
  <reviews>
   544579
  </reviews>
  <new>
   +
  </new>
  <sporty>
   no
  </sporty>
 </clothing>
 <clothing>
  <id>
   187778704
  </id>
  <name>
   Nike Pants P-1332
  </name>
  <category>
   Pants
  </category>
  <size>
   XL
  </size>
  <color>
   Оранжевый
  </color>
  <material>
   Полиэстер
  </material>
  <price>
   677195
  </price>
  <rating>
   3.79
  </rating>
  <reviews>
   705699
  </reviews>
  <exclusive>
   no
  </exclusive>
 </clothing>
 <clothing>
  <id>
   386876430
  </id>
  <name>
   Asics Socks J-7021
  </name>
  <category>
   Socks
  </category>
  <size>
   XL
  </size>
  <color>
   Зеленый
  </color>
  <material>
   Полиэстер
  </material>
  <price>
   237432
  </price>
  <rating>
   4.74
  </rating>
  <reviews>
   939578
  </reviews>
 </clothing>
 <clothing>
  <id>
   991106908
  </id>
  <name>
   Fila Belts M-1827
  </name>
  <category>
   Belts
  </category>
  <size>
   S
  </size>
  <color>
   Фиолетовый
  </color>
  <material>
   Вискоза
  </material>
  <price>
   241641
  </price>
  <rating>
   2.65
  </rating>
  <reviews>
   195545
  </reviews>
  <new>
   +
  </new>
 </clothing>
 <clothing>
  <id>
   316139464
  </id>
  <name>
   Under Armour Hat C-3334
  </name>
  <category>
   Hat
  </category>
  <size>
   M
  </size>
  <color>
   Желтый
  </color>
  <material>
   Нейлон
  </material>
  <price>
   740912
  </price>
  <rating>
   2.34
  </rating>
  <reviews>
   121935
  </reviews>
  <exclusive>
   yes
  </exclusive>
  <sporty>
   yes
  </sporty>
 </clothing>
 <clothing>
  <id>
   159398855
  </id>
  <name>
   Puma Jacket Y-6200
  </name>
  <category>
   Jacket
  </category>
  <size>
   XXL
  </size>
  <color>
   Красный
  </color>
  <material>
   Шелк
  </material>
  <price>
   373888
  </price>
  <rating>
   2.73
  </rating>
  <reviews>
   891921
  </reviews>
  <new>
   -
  </new>
  <sporty>
   no
  </sporty>
 </clothing>
 <clothing>
  <id>
   966105322
  </id>
  <name>
   Fila Shoes L-5660
  </name>
  <category>
   Shoes
  </category>
  <size>
   S
  </size>
  <color>
   Фиолетовый
  </color>
  <material>
   Лен
  </material>
  <price>
   953292
  </price>
  <rating>
   1.31
  </rating>
  <reviews>
   644101
  </reviews>
 </clothing>
 <clothing>
  <id>
   205308640
  </id>
  <name>
   PleinSport Dress C-2233
  </name>
  <category>
   Dress
  </category>
  <size>
   XXL
  </size>
  <color>
   Голубой
  </color>
  <material>
   Вискоза
  </material>
  <price>
   788063
  </price>
  <rating>
   4.16
  </rating>
  <reviews>
   826738
  </reviews>
  <new>
   -
  </new>
  <exclusive>
   yes
  </exclusive>
 </clothing>
 <clothing>
  <id>
   136477088
  </id>
  <name>
   Lacoste Jeans U-6130
  </name>
  <category>
   Jeans
  </category>
  <size>
   XL
  </size>
  <color>
   Синий
  </color>
  <material>
   Хлопок
  </material>
  <price>
   367937
  </price>
  <rating>
   4.22
  </rating>
  <reviews>
   491128
  </reviews>
  <exclusive>
   no
  </exclusive>
  <sporty>
   yes
  </sporty>
 </clothing>
 <clothing>
  <id>
   886140327
  </id>
  <name>
   Addidas Umbrellas K-1834
  </name>
  <category>
   Umbrellas
  </category>
  <size>
   L
  </size>
  <color>
   Зеленый
  </color>
  <material>
   Шерсть
  </material>
  <price>
   560705
  </price>
  <rating>
   2.61
  </rating>
  <reviews>
   638975
  </reviews>
  <sporty>
   no
  </sporty>
 </clothing>
</clothing-items>
