<?xml version="1.0" encoding="utf-8"?>
<clothing-items>
 <clothing>
  <id>
   214143579
  </id>
  <name>
   PleinSport Jacket Y-5799
  </name>
  <category>
   Jacket
  </category>
  <size>
   XXL
  </size>
  <color>
   Синий
  </color>
  <material>
   Кожа
  </material>
  <price>
   115174
  </price>
  <rating>
   3.27
  </rating>
  <reviews>
   935683
  </reviews>
  <exclusive>
   no
  </exclusive>
 </clothing>
 <clothing>
  <id>
   583496918
  </id>
  <name>
   Ellesse Hat A-3387
  </name>
  <category>
   Hat
  </category>
  <size>
   XXL
  </size>
  <color>
   Синий
  </color>
  <material>
   Полиэстер
  </material>
  <price>
   509854
  </price>
  <rating>
   1.8
  </rating>
  <reviews>
   204547
  </reviews>
  <new>
   -
  </new>
  <exclusive>
   yes
  </exclusive>
 </clothing>
 <clothing>
  <id>
   472700007
  </id>
  <name>
   Converse Jeans X-1865
  </name>
  <category>
   Jeans
  </category>
  <size>
   XL
  </size>
  <color>
   Зеленый
  </color>
  <material>
   Вискоза
  </material>
  <price>
   723581
  </price>
  <rating>
   2.1
  </rating>
  <reviews>
   816696
  </reviews>
  <sporty>
   no
  </sporty>
 </clothing>
 <clothing>
  <id>
   315284811
  </id>
  <name>
   Lacoste Handbags V-4306
  </name>
  <category>
   Handbags
  </category>
  <size>
   XXL
  </size>
  <color>
   Желтый
  </color>
  <material>
   Вискоза
  </material>
  <price>
   628244
  </price>
  <rating>
   1.23
  </rating>
  <reviews>
   403512
  </reviews>
  <new>
   +
  </new>
  <sporty>
   no
  </sporty>
 </clothing>
 <clothing>
  <id>
   622297336
  </id>
  <name>
   DC Jacket T-9570
  </name>
  <category>
   Jacket
  </category>
  <size>
   S
  </size>
  <color>
   Синий
  </color>
  <material>
   Полиэстер
  </material>
  <price>
   705208
  </price>
  <rating>
   1.06
  </rating>
  <reviews>
   688898
  </reviews>
  <new>
   -
  </new>
 </clothing>
 <clothing>
  <id>
   509635401
  </id>
  <name>
   Addidas Handbags U-2987
  </name>
  <category>
   Handbags
  </category>
  <size>
   XL
  </size>
  <color>
   Синий
  </color>
  <material>
   Нейлон
  </material>
  <price>
   112421
  </price>
  <rating>
   1.89
  </rating>
  <reviews>
   954753
  </reviews>
  <new>
   -
  </new>
  <exclusive>
   no
  </exclusive>
  <sporty>
   yes
  </sporty>
 </clothing>
 <clothing>
  <id>
   385707316
  </id>
  <name>
   Adidas Pants O-9952
  </name>
  <category>
   Pants
  </category>
  <size>
   L
  </size>
  <color>
   Красный
  </color>
  <material>
   Шелк
  </material>
  <price>
   567165
  </price>
  <rating>
   2.26
  </rating>
  <reviews>
   424463
  </reviews>
  <new>
   -
  </new>
  <exclusive>
   yes
  </exclusive>
  <sporty>
   yes
  </sporty>
 </clothing>
 <clothing>
  <id>
   885362852
  </id>
  <name>
   Addidas Skirt L-8164
  </name>
  <category>
   Skirt
  </category>
  <size>
   S
  </size>
  <color>
   Желтый
  </color>
  <material>
   Шелк
  </material>
  <price>
   750192
  </price>
  <rating>
   2.33
  </rating>
  <reviews>
   408023
  </reviews>
  <new>
   -
  </new>
  <exclusive>
   no
  </exclusive>
  <sporty>
   yes
  </sporty>
 </clothing>
 <clothing>
  <id>
   500156115
  </id>
  <name>
   Reebok Socks G-7713
  </name>
  <category>
   Socks
  </category>
  <size>
   L
  </size>
  <color>
   Зеленый
  </color>
  <material>
   Вискоза
  </material>
  <price>
   270338
  </price>
  <rating>
   4.0
  </rating>
  <reviews>
   334879
  </reviews>
  <new>
   -
  </new>
  <exclusive>
   no
  </exclusive>
  <sporty>
   no
  </sporty>
 </clothing>
 <clothing>
  <id>
   451928221
  </id>
  <name>
   Asics Sweater W-2204
  </name>
  <category>
   Sweater
  </category>
  <size>
   XXL
  </size>
  <color>
   Оранжевый
  </color>
  <material>
   Полиэстер
  </material>
  <price>
   103517
  </price>
  <rating>
   1.21
  </rating>
  <reviews>
   275382
  </reviews>
  <new>
   -
  </new>
  <exclusive>
   no
  </exclusive>
  <sporty>
   no
  </sporty>
 </clothing>
 <clothing>
  <id>
   521939539
  </id>
  <name>
   New Balance T-shirt F-4219
  </name>
  <category>
   T-shirt
  </category>
  <size>
   L
  </size>
  <color>
   Красный
  </color>
  <material>
   Кожа
  </material>
  <price>
   746041
  </price>
  <rating>
   2.87
  </rating>
  <reviews>
   71453
  </reviews>
  <exclusive>
   no
  </exclusive>
  <sporty>
   no
  </sporty>
 </clothing>
 <clothing>
  <id>
   811660700
  </id>
  <name>
   Adidas Belts L-3993
  </name>
  <category>
   Belts
  </category>
  <size>
   S
  </size>
  <color>
   Синий
  </color>
  <material>
   Кожа
  </material>
  <price>
   817085
  </price>
  <rating>
   4.53
  </rating>
  <reviews>
   85085
  </reviews>
  <exclusive>
   no
  </exclusive>
  <sporty>
   yes
  </sporty>
 </clothing>
 <clothing>
  <id>
   975706431
  </id>
  <name>
   Adidas Sweater R-1575
  </name>
  <category>
   Sweater
  </category>
  <size>
   S
  </size>
  <color>
   Фиолетовый
  </color>
  <material>
   Шелк
  </material>
  <price>
   654246
  </price>
  <rating>
   3.94
  </rating>
  <reviews>
   841031
  </reviews>
  <exclusive>
   yes
  </exclusive>
  <sporty>
   no
  </sporty>
 </clothing>
 <clothing>
  <id>
   395462448
  </id>
  <name>
   Brooks Dress B-5015
  </name>
  <category>
   Dress
  </category>
  <size>
   S
  </size>
  <color>
   Красный
  </color>
  <material>
   Шерсть
  </material>
  <price>
   756355
  </price>
  <rating>
   3.67
  </rating>
  <reviews>
   238200
  </reviews>
  <exclusive>
   no
  </exclusive>
  <sporty>
   no
  </sporty>
 </clothing>
 <clothing>
  <id>
   880634616
  </id>
  <name>
   PleinSport Belts L-1689
  </name>
  <category>
   Belts
  </category>
  <size>
   S
  </size>
  <color>
   Голубой
  </color>
  <material>
   Кожа
  </material>
  <price>
   114776
  </price>
  <rating>
   3.49
  </rating>
  <reviews>
   929623
  </reviews>
  <exclusive>
   yes
  </exclusive>
 </clothing>
 <clothing>
  <id>
   978856653
  </id>
  <name>
   Converse Skirt O-1302
  </name>
  <category>
   Skirt
  </category>
  <size>
   XXL
  </size>
  <color>
   Желтый
  </color>
  <material>
   Полиэстер
  </material>
  <price>
   384507
  </price>
  <rating>
   4.12
  </rating>
  <reviews>
   469870
  </reviews>
  <new>
   -
  </new>
  <exclusive>
   no
  </exclusive>
 </clothing>
 <clothing>
  <id>
   885041603
  </id>
  <name>
   Under Armour Gloves I-6454
  </name>
  <category>
   Gloves
  </category>
  <size>
   XXL
  </size>
  <color>
   Зеленый
  </color>
  <material>
   Полиэстер
  </material>
  <price>
   371057
  </price>
  <rating>
   2.58
  </rating>
  <reviews>
   661108
  </reviews>
  <sporty>
   no
  </sporty>
 </clothing>
 <clothing>
  <id>
   289044757
  </id>
  <name>
   Converse Jacket A-6126
  </name>
  <category>
   Jacket
  </category>
  <size>
   M
  </size>
  <color>
   Оранжевый
  </color>
  <material>
   Хлопок
  </material>
  <price>
   334332
  </price>
  <rating>
   1.65
  </rating>
  <reviews>
   825210
  </reviews>
  <exclusive>
   yes
  </exclusive>
 </clothing>
 <clothing>
  <id>
   480872975
  </id>
  <name>
   Vans Umbrellas H-3939
  </name>
  <category>
   Umbrellas
  </category>
  <size>
   S
  </size>
  <color>
   Фиолетовый
  </color>
  <material>
   Полиэстер
  </material>
  <price>
   159899
  </price>
  <rating>
   2.23
  </rating>
  <reviews>
   458759
  </reviews>
  <new>
   -
  </new>
  <exclusive>
   no
  </exclusive>
  <sporty>
   yes
  </sporty>
 </clothing>
 <clothing>
  <id>
   578529779
  </id>
  <name>
   Ellesse Shoes E-8923
  </name>
  <category>
   Shoes
  </category>
  <size>
   XXL
  </size>
  <color>
   Оранжевый
  </color>
  <material>
   Нейлон
  </material>
  <price>
   167198
  </price>
  <rating>
   3.41
  </rating>
  <reviews>
   23634
  </reviews>
  <new>
   -
  </new>
  <exclusive>
   no
  </exclusive>
  <sporty>
   no
  </sporty>
 </clothing>
 <clothing>
  <id>
   951006479
  </id>
  <name>
   Fila Shoes M-6108
  </name>
  <category>
   Shoes
  </category>
  <size>
   XXL
  </size>
  <color>
   Зеленый
  </color>
  <material>
   Нейлон
  </material>
  <price>
   601714
  </price>
  <rating>
   2.74
  </rating>
  <reviews>
   851752
  </reviews>
  <new>
   -
  </new>
  <sporty>
   no
  </sporty>
 </clothing>
 <clothing>
  <id>
   127191804
  </id>
  <name>
   Ellesse Blouse J-3669
  </name>
  <category>
   Blouse
  </category>
  <size>
   L
  </size>
  <color>
   Красный
  </color>
  <material>
   Кожа
  </material>
  <price>
   623254
  </price>
  <rating>
   3.35
  </rating>
  <reviews>
   802251
  </reviews>
  <sporty>
   yes
  </sporty>
 </clothing>
 <clothing>
  <id>
   762608798
  </id>
  <name>
   DC Umbrellas G-3908
  </name>
  <category>
   Umbrellas
  </category>
  <size>
   M
  </size>
  <color>
   Желтый
  </color>
  <material>
   Лен
  </material>
  <price>
   934466
  </price>
  <rating>
   3.19
  </rating>
  <reviews>
   939661
  </reviews>
  <new>
   -
  </new>
  <exclusive>
   yes
  </exclusive>
 </clothing>
 <clothing>
  <id>
   897473759
  </id>
  <name>
   Under Armour Shoes S-4700
  </name>
  <category>
   Shoes
  </category>
  <size>
   L
  </size>
  <color>
   Оранжевый
  </color>
  <material>
   Нейлон
  </material>
  <price>
   614989
  </price>
  <rating>
   3.45
  </rating>
  <reviews>
   688830
  </reviews>
  <new>
   +
  </new>
  <exclusive>
   yes
  </exclusive>
  <sporty>
   yes
  </sporty>
 </clothing>
 <clothing>
  <id>
   148314801
  </id>
  <name>
   Asics Shirt A-9445
  </name>
  <category>
   Shirt
  </category>
  <size>
   XL
  </size>
  <color>
   Синий
  </color>
  <material>
   Нейлон
  </material>
  <price>
   475228
  </price>
  <rating>
   3.08
  </rating>
  <reviews>
   462304
  </reviews>
  <new>
   -
  </new>
  <exclusive>
   no
  </exclusive>
  <sporty>
   yes
  </sporty>
 </clothing>
 <clothing>
  <id>
   887410664
  </id>
  <name>
   Asics Socks L-5054
  </name>
  <category>
   Socks
  </category>
  <size>
   XL
  </size>
  <color>
   Синий
  </color>
  <material>
   Кожа
  </material>
  <price>
   856586
  </price>
  <rating>
   2.04
  </rating>
  <reviews>
   371880
  </reviews>
  <new>
   -
  </new>
  <exclusive>
   yes
  </exclusive>
 </clothing>
 <clothing>
  <id>
   820449727
  </id>
  <name>
   PleinSport Shoes V-4853
  </name>
  <category>
   Shoes
  </category>
  <size>
   S
  </size>
  <color>
   Голубой
  </color>
  <material>
   Шерсть
  </material>
  <price>
   414268
  </price>
  <rating>
   4.31
  </rating>
  <reviews>
   397277
  </reviews>
  <new>
   +
  </new>
  <exclusive>
   no
  </exclusive>
  <sporty>
   no
  </sporty>
 </clothing>
 <clothing>
  <id>
   929663959
  </id>
  <name>
   PleinSport Handbags S-3028
  </name>
  <category>
   Handbags
  </category>
  <size>
   S
  </size>
  <color>
   Синий
  </color>
  <material>
   Хлопок
  </material>
  <price>
   263939
  </price>
  <rating>
   3.78
  </rating>
  <reviews>
   94945
  </reviews>
  <sporty>
   no
  </sporty>
 </clothing>
 <clothing>
  <id>
   840388816
  </id>
  <name>
   Nike Dress Y-2557
  </name>
  <category>
   Dress
  </category>
  <size>
   XL
  </size>
  <color>
   Желтый
  </color>
  <material>
   Полиэстер
  </material>
  <price>
   727751
  </price>
  <rating>
   4.79
  </rating>
  <reviews>
   46655
  </reviews>
  <new>
   +
  </new>
 </clothing>
 <clothing>
  <id>
   994563154
  </id>
  <name>
   DC Umbrellas X-1997
  </name>
  <category>
   Umbrellas
  </category>
  <size>
   L
  </size>
  <color>
   Фиолетовый
  </color>
  <material>
   Шерсть
  </material>
  <price>
   438378
  </price>
  <rating>
   3.27
  </rating>
  <reviews>
   981993
  </reviews>
  <new>
   +
  </new>
  <sporty>
   no
  </sporty>
 </clothing>
 <clothing>
  <id>
   643490608
  </id>
  <name>
   Puma Hat C-7997
  </name>
  <category>
   Hat
  </category>
  <size>
   L
  </size>
  <color>
   Зеленый
  </color>
  <material>
   Кожа
  </material>
  <price>
   752276
  </price>
  <rating>
   4.25
  </rating>
  <reviews>
   801567
  </reviews>
  <new>
   +
  </new>
  <exclusive>
   yes
  </exclusive>
  <sporty>
   no
  </sporty>
 </clothing>
 <clothing>
  <id>
   478151286
  </id>
  <name>
   Under Armour Skirt I-8003
  </name>
  <category>
   Skirt
  </category>
  <size>
   S
  </size>
  <color>
   Желтый
  </color>
  <material>
   Шерсть
  </material>
  <price>
   903567
  </price>
  <rating>
   3.19
  </rating>
  <reviews>
   329237
  </reviews>
  <new>
   +
  </new>
  <exclusive>
   yes
  </exclusive>
  <sporty>
   no
  </sporty>
 </clothing>
 <clothing>
  <id>
   866747961
  </id>
  <name>
   Puma Jeans F-7293
  </name>
  <category>
   Jeans
  </category>
  <size>
   XL
  </size>
  <color>
   Красный
  </color>
  <material>
   Вискоза
  </material>
  <price>
   737980
  </price>
  <rating>
   4.14
  </rating>
  <reviews>
   56236
  </reviews>
  <new>
   +
  </new>
  <exclusive>
   no
  </exclusive>
 </clothing>
 <clothing>
  <id>
   214221898
  </id>
  <name>
   Under Armour Dress K-9940
  </name>
  <category>
   Dress
  </category>
  <size>
   L
  </size>
  <color>
   Зеленый
  </color>
  <material>
   Шерсть
  </material>
  <price>
   127101
  </price>
  <rating>
   1.93
  </rating>
  <reviews>
   782242
  </reviews>
  <new>
   +
  </new>
  <sporty>
   no
  </sporty>
 </clothing>
 <clothing>
  <id>
   645708493
  </id>
  <name>
   Converse Jacket M-7034
  </name>
  <category>
   Jacket
  </category>
  <size>
   XXL
  </size>
  <color>
   Оранжевый
  </color>
  <material>
   Кожа
  </material>
  <price>
   278182
  </price>
  <rating>
   4.35
  </rating>
  <reviews>
   79981
  </reviews>
  <sporty>
   no
  </sporty>
 </clothing>
 <clothing>
  <id>
   247297958
  </id>
  <name>
   Under Armour Jacket Z-1253
  </name>
  <category>
   Jacket
  </category>
  <size>
   XXL
  </size>
  <color>
   Зеленый
  </color>
  <material>
   Шерсть
  </material>
  <price>
   357390
  </price>
  <rating>
   2.72
  </rating>
  <reviews>
   405782
  </reviews>
  <new>
   -
  </new>
  <sporty>
   yes
  </sporty>
 </clothing>
 <clothing>
  <id>
   902262716
  </id>
  <name>
   PleinSport Socks K-5172
  </name>
  <category>
   Socks
  </category>
  <size>
   M
  </size>
  <color>
   Синий
  </color>
  <material>
   Хлопок
  </material>
  <price>
   452826
  </price>
  <rating>
   4.71
  </rating>
  <reviews>
   10775
  </reviews>
  <new>
   -
  </new>
  <exclusive>
   yes
  </exclusive>
  <sporty>
   yes
  </sporty>
 </clothing>
 <clothing>
  <id>
   897394677
  </id>
  <name>
   Asics Jacket G-1594
  </name>
  <category>
   Jacket
  </category>
  <size>
   XL
  </size>
  <color>
   Оранжевый
  </color>
  <material>
   Шелк
  </material>
  <price>
   386942
  </price>
  <rating>
   3.83
  </rating>
  <reviews>
   497765
  </reviews>
  <new>
   -
  </new>
 </clothing>
 <clothing>
  <id>
   290857825
  </id>
  <name>
   Puma Skirt P-5598
  </name>
  <category>
   Skirt
  </category>
  <size>
   S
  </size>
  <color>
   Зеленый
  </color>
  <material>
   Шелк
  </material>
  <price>
   149880
  </price>
  <rating>
   2.18
  </rating>
  <reviews>
   60984
  </reviews>
  <new>
   +
  </new>
 </clothing>
 <clothing>
  <id>
   214993048
  </id>
  <name>
   Vans Handbags U-5628
  </name>
  <category>
   Handbags
  </category>
  <size>
   S
  </size>
  <color>
   Фиолетовый
  </color>
  <material>
   Шелк
  </material>
  <price>
   236926
  </price>
  <rating>
   3.96
  </rating>
  <reviews>
   113402
  </reviews>
  <new>
   -
  </new>
  <exclusive>
   yes
  </exclusive>
  <sporty>
   no
  </sporty>
 </clothing>
 <clothing>
  <id>
   837173611
  </id>
  <name>
   Under Armour Shirt K-4290
  </name>
  <category>
   Shirt
  </category>
  <size>
   M
  </size>
  <color>
   Желтый
  </color>
  <material>
   Шерсть
  </material>
  <price>
   791021
  </price>
  <rating>
   4.65
  </rating>
  <reviews>
   146828
  </reviews>
  <new>
   -
  </new>
  <exclusive>
   yes
  </exclusive>
 </clothing>
 <clothing>
  <id>
   615727528
  </id>
  <name>
   Addidas Socks F-7836
  </name>
  <category>
   Socks
  </category>
  <size>
   XXL
  </size>
  <color>
   Фиолетовый
  </color>
  <material>
   Вискоза
  </material>
  <price>
   188356
  </price>
  <rating>
   4.46
  </rating>
  <reviews>
   132446
  </reviews>
  <exclusive>
   no
  </exclusive>
  <sporty>
   no
  </sporty>
 </clothing>
 <clothing>
  <id>
   530602239
  </id>
  <name>
   New Balance Blouse B-9284
  </name>
  <category>
   Blouse
  </category>
  <size>
   L
  </size>
  <color>
   Красный
  </color>
  <material>
   Шерсть
  </material>
  <price>
   451870
  </price>
  <rating>
   4.21
  </rating>
  <reviews>
   974756
  </reviews>
  <sporty>
   yes
  </sporty>
 </clothing>
 <clothing>
  <id>
   302897906
  </id>
  <name>
   Ellesse T-shirt B-4047
  </name>
  <category>
   T-shirt
  </category>
  <size>
   XXL
  </size>
  <color>
   Желтый
  </color>
  <material>
   Шерсть
  </material>
  <price>
   326292
  </price>
  <rating>
   1.17
  </rating>
  <reviews>
   745359
  </reviews>
  <new>
   -
  </new>
  <exclusive>
   yes
  </exclusive>
  <sporty>
   no
  </sporty>
 </clothing>
 <clothing>
  <id>
   677142472
  </id>
  <name>
   Vans T-shirt N-9098
  </name>
  <category>
   T-shirt
  </category>
  <size>
   XL
  </size>
  <color>
   Оранжевый
  </color>
  <material>
   Шелк
  </material>
  <price>
   304257
  </price>
  <rating>
   4.58
  </rating>
  <reviews>
   603191
  </reviews>
  <new>
   -
  </new>
  <exclusive>
   no
  </exclusive>
 </clothing>
</clothing-items>
