<?xml version="1.0" encoding="utf-8"?>
<clothing-items>
 <clothing>
  <id>
   551397697
  </id>
  <name>
   Reebok Dress B-4665
  </name>
  <category>
   Dress
  </category>
  <size>
   XXL
  </size>
  <color>
   Зеленый
  </color>
  <material>
   Нейлон
  </material>
  <price>
   590385
  </price>
  <rating>
   1.12
  </rating>
  <reviews>
   508255
  </reviews>
  <new>
   +
  </new>
  <exclusive>
   no
  </exclusive>
 </clothing>
 <clothing>
  <id>
   907526383
  </id>
  <name>
   PleinSport Dress T-9984
  </name>
  <category>
   Dress
  </category>
  <size>
   XXL
  </size>
  <color>
   Голубой
  </color>
  <material>
   Хлопок
  </material>
  <price>
   874415
  </price>
  <rating>
   1.32
  </rating>
  <reviews>
   962786
  </reviews>
  <new>
   +
  </new>
  <exclusive>
   yes
  </exclusive>
  <sporty>
   yes
  </sporty>
 </clothing>
 <clothing>
  <id>
   606211763
  </id>
  <name>
   Under Armour Handbags N-6175
  </name>
  <category>
   Handbags
  </category>
  <size>
   XL
  </size>
  <color>
   Синий
  </color>
  <material>
   Хлопок
  </material>
  <price>
   554096
  </price>
  <rating>
   3.51
  </rating>
  <reviews>
   427547
  </reviews>
  <exclusive>
   no
  </exclusive>
  <sporty>
   yes
  </sporty>
 </clothing>
 <clothing>
  <id>
   978110515
  </id>
  <name>
   Converse Jacket E-7718
  </name>
  <category>
   Jacket
  </category>
  <size>
   XXL
  </size>
  <color>
   Красный
  </color>
  <material>
   Нейлон
  </material>
  <price>
   238882
  </price>
  <rating>
   2.9
  </rating>
  <reviews>
   14661
  </reviews>
  <new>
   +
  </new>
  <sporty>
   no
  </sporty>
 </clothing>
 <clothing>
  <id>
   451693556
  </id>
  <name>
   PleinSport Gloves B-6283
  </name>
  <category>
   Gloves
  </category>
  <size>
   XXL
  </size>
  <color>
   Голубой
  </color>
  <material>
   Кожа
  </material>
  <price>
   585184
  </price>
  <rating>
   4.91
  </rating>
  <reviews>
   78517
  </reviews>
  <new>
   -
  </new>
  <sporty>
   no
  </sporty>
 </clothing>
 <clothing>
  <id>
   475716162
  </id>
  <name>
   Fila Shirt K-6773
  </name>
  <category>
   Shirt
  </category>
  <size>
   XXL
  </size>
  <color>
   Оранжевый
  </color>
  <material>
   Вискоза
  </material>
  <price>
   316618
  </price>
  <rating>
   3.22
  </rating>
  <reviews>
   427485
  </reviews>
  <new>
   -
  </new>
  <sporty>
   no
  </sporty>
 </clothing>
 <clothing>
  <id>
   887197866
  </id>
  <name>
   Puma Socks X-3474
  </name>
  <category>
   Socks
  </category>
  <size>
   L
  </size>
  <color>
   Голубой
  </color>
  <material>
   Полиэстер
  </material>
  <price>
   421990
  </price>
  <rating>
   4.28
  </rating>
  <reviews>
   816939
  </reviews>
  <exclusive>
   no
  </exclusive>
  <sporty>
   yes
  </sporty>
 </clothing>
 <clothing>
  <id>
   937354250
  </id>
  <name>
   New Balance Pants N-4980
  </name>
  <category>
   Pants
  </category>
  <size>
   M
  </size>
  <color>
   Оранжевый
  </color>
  <material>
   Полиэстер
  </material>
  <price>
   915198
  </price>
  <rating>
   4.59
  </rating>
  <reviews>
   69343
  </reviews>
  <new>
   -
  </new>
 </clothing>
 <clothing>
  <id>
   910569832
  </id>
  <name>
   Lacoste Jeans N-1613
  </name>
  <category>
   Jeans
  </category>
  <size>
   XXL
  </size>
  <color>
   Оранжевый
  </color>
  <material>
   Вискоза
  </material>
  <price>
   235649
  </price>
  <rating>
   1.37
  </rating>
  <reviews>
   417723
  </reviews>
  <new>
   -
  </new>
  <sporty>
   yes
  </sporty>
 </clothing>
 <clothing>
  <id>
   650774906
  </id>
  <name>
   Vans Blouse K-9264
  </name>
  <category>
   Blouse
  </category>
  <size>
   XXL
  </size>
  <color>
   Оранжевый
  </color>
  <material>
   Нейлон
  </material>
  <price>
   903944
  </price>
  <rating>
   4.83
  </rating>
  <reviews>
   7363
  </reviews>
  <new>
   -
  </new>
  <exclusive>
   yes
  </exclusive>
 </clothing>
 <clothing>
  <id>
   962345819
  </id>
  <name>
   Reebok Shirt U-9764
  </name>
  <category>
   Shirt
  </category>
  <size>
   M
  </size>
  <color>
   Фиолетовый
  </color>
  <material>
   Нейлон
  </material>
  <price>
   283624
  </price>
  <rating>
   3.14
  </rating>
  <reviews>
   990516
  </reviews>
  <new>
   -
  </new>
  <sporty>
   no
  </sporty>
 </clothing>
 <clothing>
  <id>
   489742519
  </id>
  <name>
   Asics Sweater E-3685
  </name>
  <category>
   Sweater
  </category>
  <size>
   XXL
  </size>
  <color>
   Желтый
  </color>
  <material>
   Лен
  </material>
  <price>
   698531
  </price>
  <rating>
   1.03
  </rating>
  <reviews>
   510859
  </reviews>
  <new>
   +
  </new>
 </clothing>
 <clothing>
  <id>
   844884102
  </id>
  <name>
   Adidas Belts N-7127
  </name>
  <category>
   Belts
  </category>
  <size>
   S
  </size>
  <color>
   Зеленый
  </color>
  <material>
   Шерсть
  </material>
  <price>
   702550
  </price>
  <rating>
   2.66
  </rating>
  <reviews>
   986066
  </reviews>
 </clothing>
 <clothing>
  <id>
   734239275
  </id>
  <name>
   Nike Socks F-1420
  </name>
  <category>
   Socks
  </category>
  <size>
   M
  </size>
  <color>
   Оранжевый
  </color>
  <material>
   Лен
  </material>
  <price>
   730321
  </price>
  <rating>
   3.49
  </rating>
  <reviews>
   258039
  </reviews>
  <new>
   -
  </new>
  <exclusive>
   yes
  </exclusive>
  <sporty>
   no
  </sporty>
 </clothing>
 <clothing>
  <id>
   323912718
  </id>
  <name>
   Addidas Skirt P-8404
  </name>
  <category>
   Skirt
  </category>
  <size>
   XXL
  </size>
  <color>
   Зеленый
  </color>
  <material>
   Шелк
  </material>
  <price>
   857425
  </price>
  <rating>
   4.35
  </rating>
  <reviews>
   506771
  </reviews>
  <new>
   -
  </new>
 </clothing>
 <clothing>
  <id>
   610210962
  </id>
  <name>
   Lacoste Dress U-6377
  </name>
  <category>
   Dress
  </category>
  <size>
   XXL
  </size>
  <color>
   Оранжевый
  </color>
  <material>
   Вискоза
  </material>
  <price>
   870223
  </price>
  <rating>
   5.0
  </rating>
  <reviews>
   458483
  </reviews>
  <new>
   +
  </new>
 </clothing>
 <clothing>
  <id>
   278934780
  </id>
  <name>
   Addidas Jeans G-2369
  </name>
  <category>
   Jeans
  </category>
  <size>
   XXL
  </size>
  <color>
   Красный
  </color>
  <material>
   Вискоза
  </material>
  <price>
   449378
  </price>
  <rating>
   4.92
  </rating>
  <reviews>
   648028
  </reviews>
  <new>
   +
  </new>
  <exclusive>
   yes
  </exclusive>
  <sporty>
   no
  </sporty>
 </clothing>
 <clothing>
  <id>
   432094246
  </id>
  <name>
   PleinSport Skirt M-9946
  </name>
  <category>
   Skirt
  </category>
  <size>
   L
  </size>
  <color>
   Зеленый
  </color>
  <material>
   Кожа
  </material>
  <price>
   421947
  </price>
  <rating>
   1.98
  </rating>
  <reviews>
   65644
  </reviews>
  <new>
   -
  </new>
  <sporty>
   yes
  </sporty>
 </clothing>
 <clothing>
  <id>
   157316028
  </id>
  <name>
   Ellesse Umbrellas R-3790
  </name>
  <category>
   Umbrellas
  </category>
  <size>
   XXL
  </size>
  <color>
   Оранжевый
  </color>
  <material>
   Шелк
  </material>
  <price>
   782012
  </price>
  <rating>
   3.13
  </rating>
  <reviews>
   791777
  </reviews>
  <new>
   +
  </new>
  <exclusive>
   no
  </exclusive>
  <sporty>
   yes
  </sporty>
 </clothing>
 <clothing>
  <id>
   257509394
  </id>
  <name>
   Nike Shoes N-9496
  </name>
  <category>
   Shoes
  </category>
  <size>
   M
  </size>
  <color>
   Желтый
  </color>
  <material>
   Хлопок
  </material>
  <price>
   882340
  </price>
  <rating>
   1.02
  </rating>
  <reviews>
   346876
  </reviews>
  <sporty>
   no
  </sporty>
 </clothing>
 <clothing>
  <id>
   916246367
  </id>
  <name>
   New Balance Umbrellas C-1824
  </name>
  <category>
   Umbrellas
  </category>
  <size>
   M
  </size>
  <color>
   Красный
  </color>
  <material>
   Хлопок
  </material>
  <price>
   298423
  </price>
  <rating>
   1.76
  </rating>
  <reviews>
   693203
  </reviews>
  <sporty>
   yes
  </sporty>
 </clothing>
 <clothing>
  <id>
   154802216
  </id>
  <name>
   Brooks Socks Z-4747
  </name>
  <category>
   Socks
  </category>
  <size>
   L
  </size>
  <color>
   Оранжевый
  </color>
  <material>
   Шелк
  </material>
  <price>
   505324
  </price>
  <rating>
   4.25
  </rating>
  <reviews>
   881810
  </reviews>
  <new>
   +
  </new>
  <exclusive>
   yes
  </exclusive>
  <sporty>
   yes
  </sporty>
 </clothing>
 <clothing>
  <id>
   231937070
  </id>
  <name>
   Addidas Hat T-4946
  </name>
  <category>
   Hat
  </category>
  <size>
   M
  </size>
  <color>
   Красный
  </color>
  <material>
   Нейлон
  </material>
  <price>
   953064
  </price>
  <rating>
   3.35
  </rating>
  <reviews>
   9695
  </reviews>
  <new>
   -
  </new>
  <exclusive>
   no
  </exclusive>
  <sporty>
   no
  </sporty>
 </clothing>
 <clothing>
  <id>
   549040034
  </id>
  <name>
   Under Armour Jeans H-2280
  </name>
  <category>
   Jeans
  </category>
  <size>
   L
  </size>
  <color>
   Оранжевый
  </color>
  <material>
   Хлопок
  </material>
  <price>
   920174
  </price>
  <rating>
   1.34
  </rating>
  <reviews>
   22041
  </reviews>
  <new>
   +
  </new>
  <exclusive>
   no
  </exclusive>
  <sporty>
   no
  </sporty>
 </clothing>
 <clothing>
  <id>
   408294384
  </id>
  <name>
   Puma Umbrellas Z-5403
  </name>
  <category>
   Umbrellas
  </category>
  <size>
   M
  </size>
  <color>
   Зеленый
  </color>
  <material>
   Вискоза
  </material>
  <price>
   878634
  </price>
  <rating>
   2.93
  </rating>
  <reviews>
   972373
  </reviews>
  <new>
   -
  </new>
  <sporty>
   yes
  </sporty>
 </clothing>
 <clothing>
  <id>
   900918131
  </id>
  <name>
   PleinSport Umbrellas V-5059
  </name>
  <category>
   Umbrellas
  </category>
  <size>
   XL
  </size>
  <color>
   Голубой
  </color>
  <material>
   Вискоза
  </material>
  <price>
   277612
  </price>
  <rating>
   2.23
  </rating>
  <reviews>
   965877
  </reviews>
  <sporty>
   yes
  </sporty>
 </clothing>
 <clothing>
  <id>
   404678846
  </id>
  <name>
   New Balance Skirt Q-8452
  </name>
  <category>
   Skirt
  </category>
  <size>
   L
  </size>
  <color>
   Зеленый
  </color>
  <material>
   Лен
  </material>
  <price>
   640475
  </price>
  <rating>
   1.17
  </rating>
  <reviews>
   895156
  </reviews>
  <new>
   +
  </new>
  <exclusive>
   yes
  </exclusive>
 </clothing>
 <clothing>
  <id>
   286711260
  </id>
  <name>
   Vans Belts U-2325
  </name>
  <category>
   Belts
  </category>
  <size>
   S
  </size>
  <color>
   Оранжевый
  </color>
  <material>
   Лен
  </material>
  <price>
   365539
  </price>
  <rating>
   1.13
  </rating>
  <reviews>
   144960
  </reviews>
  <new>
   -
  </new>
  <exclusive>
   no
  </exclusive>
  <sporty>
   no
  </sporty>
 </clothing>
 <clothing>
  <id>
   436514736
  </id>
  <name>
   Puma Gloves P-3137
  </name>
  <category>
   Gloves
  </category>
  <size>
   L
  </size>
  <color>
   Зеленый
  </color>
  <material>
   Шерсть
  </material>
  <price>
   157434
  </price>
  <rating>
   4.63
  </rating>
  <reviews>
   504935
  </reviews>
  <new>
   +
  </new>
  <exclusive>
   no
  </exclusive>
 </clothing>
 <clothing>
  <id>
   163670952
  </id>
  <name>
   Nike Hat U-8971
  </name>
  <category>
   Hat
  </category>
  <size>
   L
  </size>
  <color>
   Синий
  </color>
  <material>
   Хлопок
  </material>
  <price>
   553156
  </price>
  <rating>
   2.68
  </rating>
  <reviews>
   760748
  </reviews>
  <new>
   +
  </new>
  <exclusive>
   no
  </exclusive>
 </clothing>
 <clothing>
  <id>
   209043184
  </id>
  <name>
   Addidas Gloves Z-9716
  </name>
  <category>
   Gloves
  </category>
  <size>
   L
  </size>
  <color>
   Голубой
  </color>
  <material>
   Лен
  </material>
  <price>
   358443
  </price>
  <rating>
   1.11
  </rating>
  <reviews>
   341600
  </reviews>
  <new>
   +
  </new>
  <exclusive>
   no
  </exclusive>
  <sporty>
   no
  </sporty>
 </clothing>
 <clothing>
  <id>
   512452213
  </id>
  <name>
   Adidas Socks E-7493
  </name>
  <category>
   Socks
  </category>
  <size>
   XL
  </size>
  <color>
   Фиолетовый
  </color>
  <material>
   Хлопок
  </material>
  <price>
   726011
  </price>
  <rating>
   3.23
  </rating>
  <reviews>
   526937
  </reviews>
  <sporty>
   yes
  </sporty>
 </clothing>
 <clothing>
  <id>
   313548179
  </id>
  <name>
   Converse Jeans Q-3801
  </name>
  <category>
   Jeans
  </category>
  <size>
   L
  </size>
  <color>
   Желтый
  </color>
  <material>
   Хлопок
  </material>
  <price>
   768045
  </price>
  <rating>
   2.83
  </rating>
  <reviews>
   414968
  </reviews>
 </clothing>
 <clothing>
  <id>
   191680435
  </id>
  <name>
   Reebok T-shirt A-4509
  </name>
  <category>
   T-shirt
  </category>
  <size>
   S
  </size>
  <color>
   Зеленый
  </color>
  <material>
   Хлопок
  </material>
  <price>
   148114
  </price>
  <rating>
   3.76
  </rating>
  <reviews>
   409884
  </reviews>
  <exclusive>
   yes
  </exclusive>
 </clothing>
 <clothing>
  <id>
   840995348
  </id>
  <name>
   Puma Shoes W-2897
  </name>
  <category>
   Shoes
  </category>
  <size>
   S
  </size>
  <color>
   Фиолетовый
  </color>
  <material>
   Шелк
  </material>
  <price>
   523432
  </price>
  <rating>
   3.35
  </rating>
  <reviews>
   313574
  </reviews>
  <new>
   -
  </new>
  <exclusive>
   no
  </exclusive>
  <sporty>
   no
  </sporty>
 </clothing>
 <clothing>
  <id>
   234937703
  </id>
  <name>
   Asics Socks G-6617
  </name>
  <category>
   Socks
  </category>
  <size>
   S
  </size>
  <color>
   Желтый
  </color>
  <material>
   Вискоза
  </material>
  <price>
   604585
  </price>
  <rating>
   3.35
  </rating>
  <reviews>
   968771
  </reviews>
  <new>
   +
  </new>
  <sporty>
   no
  </sporty>
 </clothing>
 <clothing>
  <id>
   423122701
  </id>
  <name>
   Ellesse Hat B-9643
  </name>
  <category>
   Hat
  </category>
  <size>
   XXL
  </size>
  <color>
   Зеленый
  </color>
  <material>
   Шерсть
  </material>
  <price>
   751265
  </price>
  <rating>
   1.02
  </rating>
  <reviews>
   823682
  </reviews>
  <exclusive>
   yes
  </exclusive>
 </clothing>
 <clothing>
  <id>
   878870760
  </id>
  <name>
   Converse Jacket O-1091
  </name>
  <category>
   Jacket
  </category>
  <size>
   XL
  </size>
  <color>
   Оранжевый
  </color>
  <material>
   Вискоза
  </material>
  <price>
   437700
  </price>
  <rating>
   1.09
  </rating>
  <reviews>
   297343
  </reviews>
  <exclusive>
   no
  </exclusive>
  <sporty>
   yes
  </sporty>
 </clothing>
 <clothing>
  <id>
   130248408
  </id>
  <name>
   Converse Hat F-8876
  </name>
  <category>
   Hat
  </category>
  <size>
   S
  </size>
  <color>
   Синий
  </color>
  <material>
   Хлопок
  </material>
  <price>
   954381
  </price>
  <rating>
   2.98
  </rating>
  <reviews>
   574371
  </reviews>
  <new>
   +
  </new>
  <exclusive>
   no
  </exclusive>
  <sporty>
   no
  </sporty>
 </clothing>
 <clothing>
  <id>
   225366602
  </id>
  <name>
   New Balance Sweater H-2512
  </name>
  <category>
   Sweater
  </category>
  <size>
   S
  </size>
  <color>
   Синий
  </color>
  <material>
   Полиэстер
  </material>
  <price>
   119759
  </price>
  <rating>
   3.48
  </rating>
  <reviews>
   325969
  </reviews>
  <sporty>
   yes
  </sporty>
 </clothing>
 <clothing>
  <id>
   472543380
  </id>
  <name>
   Nike Umbrellas S-6448
  </name>
  <category>
   Umbrellas
  </category>
  <size>
   L
  </size>
  <color>
   Голубой
  </color>
  <material>
   Нейлон
  </material>
  <price>
   294115
  </price>
  <rating>
   4.34
  </rating>
  <reviews>
   558987
  </reviews>
  <exclusive>
   no
  </exclusive>
 </clothing>
 <clothing>
  <id>
   975756537
  </id>
  <name>
   Lacoste Gloves W-7152
  </name>
  <category>
   Gloves
  </category>
  <size>
   L
  </size>
  <color>
   Синий
  </color>
  <material>
   Шелк
  </material>
  <price>
   103137
  </price>
  <rating>
   2.13
  </rating>
  <reviews>
   254256
  </reviews>
  <new>
   +
  </new>
  <sporty>
   yes
  </sporty>
 </clothing>
</clothing-items>
