<?xml version="1.0" encoding="utf-8"?>
<clothing-items>
 <clothing>
  <id>
   925874412
  </id>
  <name>
   Vans Socks T-7497
  </name>
  <category>
   Socks
  </category>
  <size>
   XL
  </size>
  <color>
   Голубой
  </color>
  <material>
   Шерсть
  </material>
  <price>
   800939
  </price>
  <rating>
   1.57
  </rating>
  <reviews>
   305500
  </reviews>
  <exclusive>
   yes
  </exclusive>
 </clothing>
 <clothing>
  <id>
   159671406
  </id>
  <name>
   Lacoste Umbrellas O-4239
  </name>
  <category>
   Umbrellas
  </category>
  <size>
   M
  </size>
  <color>
   Зеленый
  </color>
  <material>
   Полиэстер
  </material>
  <price>
   747193
  </price>
  <rating>
   2.36
  </rating>
  <reviews>
   847024
  </reviews>
  <exclusive>
   yes
  </exclusive>
 </clothing>
 <clothing>
  <id>
   102529934
  </id>
  <name>
   Ellesse Shirt R-6673
  </name>
  <category>
   Shirt
  </category>
  <size>
   XXL
  </size>
  <color>
   Зеленый
  </color>
  <material>
   Полиэстер
  </material>
  <price>
   697052
  </price>
  <rating>
   3.01
  </rating>
  <reviews>
   264777
  </reviews>
  <new>
   -
  </new>
 </clothing>
 <clothing>
  <id>
   495663812
  </id>
  <name>
   Fila T-shirt J-6361
  </name>
  <category>
   T-shirt
  </category>
  <size>
   XL
  </size>
  <color>
   Фиолетовый
  </color>
  <material>
   Шелк
  </material>
  <price>
   655448
  </price>
  <rating>
   2.78
  </rating>
  <reviews>
   62046
  </reviews>
  <new>
   +
  </new>
  <sporty>
   yes
  </sporty>
 </clothing>
 <clothing>
  <id>
   995278535
  </id>
  <name>
   Addidas Sweater I-6909
  </name>
  <category>
   Sweater
  </category>
  <size>
   M
  </size>
  <color>
   Зеленый
  </color>
  <material>
   Кожа
  </material>
  <price>
   608630
  </price>
  <rating>
   4.99
  </rating>
  <reviews>
   39308
  </reviews>
  <exclusive>
   no
  </exclusive>
  <sporty>
   no
  </sporty>
 </clothing>
 <clothing>
  <id>
   352552511
  </id>
  <name>
   Puma Skirt T-8016
  </name>
  <category>
   Skirt
  </category>
  <size>
   XL
  </size>
  <color>
   Голубой
  </color>
  <material>
   Хлопок
  </material>
  <price>
   235506
  </price>
  <rating>
   1.3
  </rating>
  <reviews>
   869805
  </reviews>
  <new>
   -
  </new>
  <sporty>
   no
  </sporty>
 </clothing>
 <clothing>
  <id>
   987622434
  </id>
  <name>
   PleinSport Skirt Y-8201
  </name>
  <category>
   Skirt
  </category>
  <size>
   L
  </size>
  <color>
   Оранжевый
  </color>
  <material>
   Шелк
  </material>
  <price>
   557031
  </price>
  <rating>
   1.64
  </rating>
  <reviews>
   682358
  </reviews>
 </clothing>
 <clothing>
  <id>
   725653704
  </id>
  <name>
   Lacoste Shirt T-6978
  </name>
  <category>
   Shirt
  </category>
  <size>
   M
  </size>
  <color>
   Желтый
  </color>
  <material>
   Вискоза
  </material>
  <price>
   587138
  </price>
  <rating>
   2.48
  </rating>
  <reviews>
   821189
  </reviews>
  <sporty>
   yes
  </sporty>
 </clothing>
 <clothing>
  <id>
   194833548
  </id>
  <name>
   Brooks Belts D-7574
  </name>
  <category>
   Belts
  </category>
  <size>
   XXL
  </size>
  <color>
   Оранжевый
  </color>
  <material>
   Вискоза
  </material>
  <price>
   935357
  </price>
  <rating>
   2.9
  </rating>
  <reviews>
   223341
  </reviews>
  <exclusive>
   yes
  </exclusive>
  <sporty>
   yes
  </sporty>
 </clothing>
 <clothing>
  <id>
   121853303
  </id>
  <name>
   Fila Umbrellas M-3405
  </name>
  <category>
   Umbrellas
  </category>
  <size>
   XL
  </size>
  <color>
   Желтый
  </color>
  <material>
   Полиэстер
  </material>
  <price>
   677644
  </price>
  <rating>
   3.69
  </rating>
  <reviews>
   180257
  </reviews>
  <exclusive>
   no
  </exclusive>
  <sporty>
   no
  </sporty>
 </clothing>
 <clothing>
  <id>
   688997123
  </id>
  <name>
   DC Blouse K-3629
  </name>
  <category>
   Blouse
  </category>
  <size>
   XL
  </size>
  <color>
   Красный
  </color>
  <material>
   Шерсть
  </material>
  <price>
   625528
  </price>
  <rating>
   4.01
  </rating>
  <reviews>
   613423
  </reviews>
  <new>
   +
  </new>
  <exclusive>
   no
  </exclusive>
  <sporty>
   yes
  </sporty>
 </clothing>
 <clothing>
  <id>
   100508263
  </id>
  <name>
   Reebok Belts A-4846
  </name>
  <category>
   Belts
  </category>
  <size>
   M
  </size>
  <color>
   Оранжевый
  </color>
  <material>
   Вискоза
  </material>
  <price>
   623937
  </price>
  <rating>
   2.76
  </rating>
  <reviews>
   71457
  </reviews>
  <new>
   +
  </new>
  <sporty>
   yes
  </sporty>
 </clothing>
 <clothing>
  <id>
   916689248
  </id>
  <name>
   Nike Jeans Z-3667
  </name>
  <category>
   Jeans
  </category>
  <size>
   XXL
  </size>
  <color>
   Оранжевый
  </color>
  <material>
   Шерсть
  </material>
  <price>
   422173
  </price>
  <rating>
   4.97
  </rating>
  <reviews>
   109008
  </reviews>
  <new>
   -
  </new>
  <sporty>
   no
  </sporty>
 </clothing>
 <clothing>
  <id>
   459440355
  </id>
  <name>
   Asics Shoes J-1359
  </name>
  <category>
   Shoes
  </category>
  <size>
   XL
  </size>
  <color>
   Желтый
  </color>
  <material>
   Вискоза
  </material>
  <price>
   403110
  </price>
  <rating>
   2.14
  </rating>
  <reviews>
   851300
  </reviews>
  <new>
   -
  </new>
  <sporty>
   no
  </sporty>
 </clothing>
 <clothing>
  <id>
   883518716
  </id>
  <name>
   Reebok Belts A-7833
  </name>
  <category>
   Belts
  </category>
  <size>
   XL
  </size>
  <color>
   Голубой
  </color>
  <material>
   Кожа
  </material>
  <price>
   881770
  </price>
  <rating>
   2.28
  </rating>
  <reviews>
   369539
  </reviews>
  <exclusive>
   yes
  </exclusive>
  <sporty>
   no
  </sporty>
 </clothing>
 <clothing>
  <id>
   998535120
  </id>
  <name>
   DC Hat G-5053
  </name>
  <category>
   Hat
  </category>
  <size>
   M
  </size>
  <color>
   Голубой
  </color>
  <material>
   Нейлон
  </material>
  <price>
   641947
  </price>
  <rating>
   1.45
  </rating>
  <reviews>
   391234
  </reviews>
  <new>
   -
  </new>
  <exclusive>
   no
  </exclusive>
  <sporty>
   no
  </sporty>
 </clothing>
 <clothing>
  <id>
   289981251
  </id>
  <name>
   Lacoste Handbags Z-4686
  </name>
  <category>
   Handbags
  </category>
  <size>
   M
  </size>
  <color>
   Фиолетовый
  </color>
  <material>
   Нейлон
  </material>
  <price>
   550032
  </price>
  <rating>
   3.61
  </rating>
  <reviews>
   67007
  </reviews>
  <new>
   -
  </new>
  <sporty>
   no
  </sporty>
 </clothing>
 <clothing>
  <id>
   739391026
  </id>
  <name>
   Brooks Pants H-4041
  </name>
  <category>
   Pants
  </category>
  <size>
   XL
  </size>
  <color>
   Красный
  </color>
  <material>
   Лен
  </material>
  <price>
   725904
  </price>
  <rating>
   3.57
  </rating>
  <reviews>
   784971
  </reviews>
 </clothing>
 <clothing>
  <id>
   742927554
  </id>
  <name>
   Asics Gloves Q-2804
  </name>
  <category>
   Gloves
  </category>
  <size>
   L
  </size>
  <color>
   Красный
  </color>
  <material>
   Хлопок
  </material>
  <price>
   812672
  </price>
  <rating>
   2.51
  </rating>
  <reviews>
   754979
  </reviews>
  <new>
   -
  </new>
  <exclusive>
   no
  </exclusive>
 </clothing>
 <clothing>
  <id>
   980083107
  </id>
  <name>
   Nike Skirt U-4265
  </name>
  <category>
   Skirt
  </category>
  <size>
   XXL
  </size>
  <color>
   Оранжевый
  </color>
  <material>
   Шерсть
  </material>
  <price>
   942891
  </price>
  <rating>
   1.54
  </rating>
  <reviews>
   654561
  </reviews>
  <new>
   -
  </new>
  <exclusive>
   no
  </exclusive>
 </clothing>
 <clothing>
  <id>
   627397259
  </id>
  <name>
   PleinSport Socks B-6738
  </name>
  <category>
   Socks
  </category>
  <size>
   XL
  </size>
  <color>
   Зеленый
  </color>
  <material>
   Вискоза
  </material>
  <price>
   516718
  </price>
  <rating>
   2.78
  </rating>
  <reviews>
   128759
  </reviews>
  <exclusive>
   no
  </exclusive>
 </clothing>
 <clothing>
  <id>
   673615297
  </id>
  <name>
   Lacoste Pants S-1423
  </name>
  <category>
   Pants
  </category>
  <size>
   L
  </size>
  <color>
   Голубой
  </color>
  <material>
   Шерсть
  </material>
  <price>
   741249
  </price>
  <rating>
   4.9
  </rating>
  <reviews>
   37863
  </reviews>
  <exclusive>
   no
  </exclusive>
 </clothing>
 <clothing>
  <id>
   912773685
  </id>
  <name>
   Nike T-shirt P-7009
  </name>
  <category>
   T-shirt
  </category>
  <size>
   XL
  </size>
  <color>
   Желтый
  </color>
  <material>
   Кожа
  </material>
  <price>
   283504
  </price>
  <rating>
   4.43
  </rating>
  <reviews>
   643104
  </reviews>
  <new>
   -
  </new>
  <exclusive>
   no
  </exclusive>
  <sporty>
   yes
  </sporty>
 </clothing>
 <clothing>
  <id>
   648129748
  </id>
  <name>
   DC Skirt T-3857
  </name>
  <category>
   Skirt
  </category>
  <size>
   XXL
  </size>
  <color>
   Оранжевый
  </color>
  <material>
   Полиэстер
  </material>
  <price>
   217418
  </price>
  <rating>
   1.96
  </rating>
  <reviews>
   303373
  </reviews>
  <new>
   -
  </new>
  <sporty>
   yes
  </sporty>
 </clothing>
 <clothing>
  <id>
   837191695
  </id>
  <name>
   Vans Gloves Q-8862
  </name>
  <category>
   Gloves
  </category>
  <size>
   S
  </size>
  <color>
   Голубой
  </color>
  <material>
   Шелк
  </material>
  <price>
   803712
  </price>
  <rating>
   3.43
  </rating>
  <reviews>
   961198
  </reviews>
  <new>
   -
  </new>
  <sporty>
   no
  </sporty>
 </clothing>
 <clothing>
  <id>
   738433357
  </id>
  <name>
   Under Armour Jacket K-4171
  </name>
  <category>
   Jacket
  </category>
  <size>
   M
  </size>
  <color>
   Оранжевый
  </color>
  <material>
   Шелк
  </material>
  <price>
   131489
  </price>
  <rating>
   2.28
  </rating>
  <reviews>
   553969
  </reviews>
  <new>
   +
  </new>
  <exclusive>
   no
  </exclusive>
  <sporty>
   yes
  </sporty>
 </clothing>
 <clothing>
  <id>
   427444504
  </id>
  <name>
   Converse Jeans O-6398
  </name>
  <category>
   Jeans
  </category>
  <size>
   S
  </size>
  <color>
   Фиолетовый
  </color>
  <material>
   Хлопок
  </material>
  <price>
   342063
  </price>
  <rating>
   1.51
  </rating>
  <reviews>
   180195
  </reviews>
  <new>
   -
  </new>
  <exclusive>
   no
  </exclusive>
 </clothing>
 <clothing>
  <id>
   682807347
  </id>
  <name>
   Under Armour Umbrellas N-9964
  </name>
  <category>
   Umbrellas
  </category>
  <size>
   XL
  </size>
  <color>
   Голубой
  </color>
  <material>
   Шелк
  </material>
  <price>
   716911
  </price>
  <rating>
   1.6
  </rating>
  <reviews>
   862613
  </reviews>
  <new>
   +
  </new>
  <exclusive>
   yes
  </exclusive>
  <sporty>
   no
  </sporty>
 </clothing>
 <clothing>
  <id>
   402013379
  </id>
  <name>
   Fila Belts T-7314
  </name>
  <category>
   Belts
  </category>
  <size>
   S
  </size>
  <color>
   Желтый
  </color>
  <material>
   Шерсть
  </material>
  <price>
   324965
  </price>
  <rating>
   2.26
  </rating>
  <reviews>
   139045
  </reviews>
  <new>
   -
  </new>
  <sporty>
   yes
  </sporty>
 </clothing>
 <clothing>
  <id>
   446549718
  </id>
  <name>
   Lacoste Belts Z-6496
  </name>
  <category>
   Belts
  </category>
  <size>
   L
  </size>
  <color>
   Красный
  </color>
  <material>
   Хлопок
  </material>
  <price>
   941947
  </price>
  <rating>
   4.92
  </rating>
  <reviews>
   280899
  </reviews>
  <new>
   -
  </new>
  <sporty>
   no
  </sporty>
 </clothing>
 <clothing>
  <id>
   665953097
  </id>
  <name>
   Under Armour Skirt A-2711
  </name>
  <category>
   Skirt
  </category>
  <size>
   S
  </size>
  <color>
   Оранжевый
  </color>
  <material>
   Лен
  </material>
  <price>
   622743
  </price>
  <rating>
   4.43
  </rating>
  <reviews>
   472704
  </reviews>
  <exclusive>
   yes
  </exclusive>
  <sporty>
   yes
  </sporty>
 </clothing>
 <clothing>
  <id>
   925914055
  </id>
  <name>
   Converse Dress P-7366
  </name>
  <category>
   Dress
  </category>
  <size>
   S
  </size>
  <color>
   Голубой
  </color>
  <material>
   Нейлон
  </material>
  <price>
   748081
  </price>
  <rating>
   4.6
  </rating>
  <reviews>
   988854
  </reviews>
  <new>
   -
  </new>
  <exclusive>
   yes
  </exclusive>
  <sporty>
   no
  </sporty>
 </clothing>
 <clothing>
  <id>
   704359110
  </id>
  <name>
   Puma Shoes V-3666
  </name>
  <category>
   Shoes
  </category>
  <size>
   S
  </size>
  <color>
   Синий
  </color>
  <material>
   Полиэстер
  </material>
  <price>
   430043
  </price>
  <rating>
   4.85
  </rating>
  <reviews>
   331189
  </reviews>
  <new>
   -
  </new>
  <sporty>
   yes
  </sporty>
 </clothing>
 <clothing>
  <id>
   250459685
  </id>
  <name>
   Fila Shoes H-2505
  </name>
  <category>
   Shoes
  </category>
  <size>
   S
  </size>
  <color>
   Красный
  </color>
  <material>
   Полиэстер
  </material>
  <price>
   666594
  </price>
  <rating>
   3.54
  </rating>
  <reviews>
   878211
  </reviews>
  <new>
   +
  </new>
  <exclusive>
   yes
  </exclusive>
 </clothing>
 <clothing>
  <id>
   767225493
  </id>
  <name>
   Vans Umbrellas W-8900
  </name>
  <category>
   Umbrellas
  </category>
  <size>
   M
  </size>
  <color>
   Оранжевый
  </color>
  <material>
   Шелк
  </material>
  <price>
   692605
  </price>
  <rating>
   4.11
  </rating>
  <reviews>
   252616
  </reviews>
 </clothing>
 <clothing>
  <id>
   201872391
  </id>
  <name>
   Brooks Shoes F-8585
  </name>
  <category>
   Shoes
  </category>
  <size>
   L
  </size>
  <color>
   Оранжевый
  </color>
  <material>
   Кожа
  </material>
  <price>
   363428
  </price>
  <rating>
   4.9
  </rating>
  <reviews>
   270123
  </reviews>
 </clothing>
 <clothing>
  <id>
   532792378
  </id>
  <name>
   Puma Shoes Y-9336
  </name>
  <category>
   Shoes
  </category>
  <size>
   XXL
  </size>
  <color>
   Желтый
  </color>
  <material>
   Хлопок
  </material>
  <price>
   646513
  </price>
  <rating>
   4.2
  </rating>
  <reviews>
   975820
  </reviews>
  <exclusive>
   no
  </exclusive>
 </clothing>
 <clothing>
  <id>
   908241366
  </id>
  <name>
   Puma Skirt O-8216
  </name>
  <category>
   Skirt
  </category>
  <size>
   XL
  </size>
  <color>
   Голубой
  </color>
  <material>
   Лен
  </material>
  <price>
   632548
  </price>
  <rating>
   1.8
  </rating>
  <reviews>
   13864
  </reviews>
 </clothing>
 <clothing>
  <id>
   957024822
  </id>
  <name>
   Under Armour Shirt N-3859
  </name>
  <category>
   Shirt
  </category>
  <size>
   S
  </size>
  <color>
   Голубой
  </color>
  <material>
   Хлопок
  </material>
  <price>
   895680
  </price>
  <rating>
   2.76
  </rating>
  <reviews>
   249316
  </reviews>
  <exclusive>
   no
  </exclusive>
  <sporty>
   no
  </sporty>
 </clothing>
 <clothing>
  <id>
   632614203
  </id>
  <name>
   Addidas Handbags I-1642
  </name>
  <category>
   Handbags
  </category>
  <size>
   XL
  </size>
  <color>
   Зеленый
  </color>
  <material>
   Шелк
  </material>
  <price>
   641143
  </price>
  <rating>
   2.1
  </rating>
  <reviews>
   129852
  </reviews>
  <sporty>
   no
  </sporty>
 </clothing>
 <clothing>
  <id>
   992781162
  </id>
  <name>
   Reebok Gloves F-6360
  </name>
  <category>
   Gloves
  </category>
  <size>
   XL
  </size>
  <color>
   Желтый
  </color>
  <material>
   Кожа
  </material>
  <price>
   671566
  </price>
  <rating>
   3.4
  </rating>
  <reviews>
   68796
  </reviews>
  <exclusive>
   no
  </exclusive>
  <sporty>
   no
  </sporty>
 </clothing>
 <clothing>
  <id>
   935883995
  </id>
  <name>
   Reebok Dress G-1635
  </name>
  <category>
   Dress
  </category>
  <size>
   XXL
  </size>
  <color>
   Голубой
  </color>
  <material>
   Полиэстер
  </material>
  <price>
   969605
  </price>
  <rating>
   1.2
  </rating>
  <reviews>
   108423
  </reviews>
  <new>
   -
  </new>
 </clothing>
 <clothing>
  <id>
   585421601
  </id>
  <name>
   Lacoste Jeans S-8085
  </name>
  <category>
   Jeans
  </category>
  <size>
   L
  </size>
  <color>
   Зеленый
  </color>
  <material>
   Нейлон
  </material>
  <price>
   732090
  </price>
  <rating>
   3.07
  </rating>
  <reviews>
   682105
  </reviews>
  <new>
   -
  </new>
 </clothing>
 <clothing>
  <id>
   354698679
  </id>
  <name>
   Puma Gloves N-2274
  </name>
  <category>
   Gloves
  </category>
  <size>
   L
  </size>
  <color>
   Красный
  </color>
  <material>
   Кожа
  </material>
  <price>
   984105
  </price>
  <rating>
   3.16
  </rating>
  <reviews>
   378140
  </reviews>
  <new>
   +
  </new>
  <exclusive>
   no
  </exclusive>
  <sporty>
   no
  </sporty>
 </clothing>
 <clothing>
  <id>
   310781184
  </id>
  <name>
   Ellesse Socks H-3613
  </name>
  <category>
   Socks
  </category>
  <size>
   L
  </size>
  <color>
   Оранжевый
  </color>
  <material>
   Лен
  </material>
  <price>
   884466
  </price>
  <rating>
   2.61
  </rating>
  <reviews>
   683471
  </reviews>
  <exclusive>
   no
  </exclusive>
  <sporty>
   no
  </sporty>
 </clothing>
 <clothing>
  <id>
   653528929
  </id>
  <name>
   DC Belts K-2249
  </name>
  <category>
   Belts
  </category>
  <size>
   S
  </size>
  <color>
   Фиолетовый
  </color>
  <material>
   Лен
  </material>
  <price>
   829504
  </price>
  <rating>
   2.26
  </rating>
  <reviews>
   497100
  </reviews>
  <exclusive>
   no
  </exclusive>
  <sporty>
   yes
  </sporty>
 </clothing>
 <clothing>
  <id>
   899641435
  </id>
  <name>
   Reebok Handbags U-1042
  </name>
  <category>
   Handbags
  </category>
  <size>
   M
  </size>
  <color>
   Фиолетовый
  </color>
  <material>
   Шерсть
  </material>
  <price>
   115359
  </price>
  <rating>
   4.66
  </rating>
  <reviews>
   674763
  </reviews>
  <new>
   +
  </new>
 </clothing>
</clothing-items>
