<?xml version="1.0" encoding="utf-8"?>
<clothing-items>
 <clothing>
  <id>
   845707423
  </id>
  <name>
   Addidas Socks D-7147
  </name>
  <category>
   Socks
  </category>
  <size>
   L
  </size>
  <color>
   Голубой
  </color>
  <material>
   Нейлон
  </material>
  <price>
   756963
  </price>
  <rating>
   3.26
  </rating>
  <reviews>
   114021
  </reviews>
  <new>
   +
  </new>
  <exclusive>
   yes
  </exclusive>
  <sporty>
   yes
  </sporty>
 </clothing>
 <clothing>
  <id>
   226876894
  </id>
  <name>
   Ellesse Shoes P-8288
  </name>
  <category>
   Shoes
  </category>
  <size>
   S
  </size>
  <color>
   Синий
  </color>
  <material>
   Вискоза
  </material>
  <price>
   293485
  </price>
  <rating>
   3.29
  </rating>
  <reviews>
   174766
  </reviews>
  <exclusive>
   no
  </exclusive>
  <sporty>
   yes
  </sporty>
 </clothing>
 <clothing>
  <id>
   855427956
  </id>
  <name>
   Fila Gloves R-8559
  </name>
  <category>
   Gloves
  </category>
  <size>
   L
  </size>
  <color>
   Голубой
  </color>
  <material>
   Хлопок
  </material>
  <price>
   462340
  </price>
  <rating>
   2.36
  </rating>
  <reviews>
   37385
  </reviews>
  <new>
   +
  </new>
  <sporty>
   no
  </sporty>
 </clothing>
 <clothing>
  <id>
   370543826
  </id>
  <name>
   Vans Jacket R-1057
  </name>
  <category>
   Jacket
  </category>
  <size>
   L
  </size>
  <color>
   Красный
  </color>
  <material>
   Хлопок
  </material>
  <price>
   190825
  </price>
  <rating>
   3.16
  </rating>
  <reviews>
   902392
  </reviews>
  <new>
   +
  </new>
  <exclusive>
   no
  </exclusive>
  <sporty>
   no
  </sporty>
 </clothing>
 <clothing>
  <id>
   693010231
  </id>
  <name>
   Vans Handbags M-8280
  </name>
  <category>
   Handbags
  </category>
  <size>
   XXL
  </size>
  <color>
   Синий
  </color>
  <material>
   Лен
  </material>
  <price>
   538019
  </price>
  <rating>
   2.73
  </rating>
  <reviews>
   461578
  </reviews>
  <new>
   -
  </new>
  <sporty>
   yes
  </sporty>
 </clothing>
 <clothing>
  <id>
   651146473
  </id>
  <name>
   Puma Hat W-5002
  </name>
  <category>
   Hat
  </category>
  <size>
   S
  </size>
  <color>
   Оранжевый
  </color>
  <material>
   Нейлон
  </material>
  <price>
   257851
  </price>
  <rating>
   1.36
  </rating>
  <reviews>
   744162
  </reviews>
  <new>
   +
  </new>
  <exclusive>
   yes
  </exclusive>
  <sporty>
   no
  </sporty>
 </clothing>
 <clothing>
  <id>
   137689207
  </id>
  <name>
   Ellesse Sweater O-5472
  </name>
  <category>
   Sweater
  </category>
  <size>
   XXL
  </size>
  <color>
   Синий
  </color>
  <material>
   Лен
  </material>
  <price>
   196716
  </price>
  <rating>
   4.49
  </rating>
  <reviews>
   634913
  </reviews>
  <new>
   -
  </new>
  <exclusive>
   no
  </exclusive>
  <sporty>
   yes
  </sporty>
 </clothing>
 <clothing>
  <id>
   818413831
  </id>
  <name>
   Nike Shirt C-1110
  </name>
  <category>
   Shirt
  </category>
  <size>
   M
  </size>
  <color>
   Синий
  </color>
  <material>
   Кожа
  </material>
  <price>
   314422
  </price>
  <rating>
   3.76
  </rating>
  <reviews>
   905551
  </reviews>
  <new>
   +
  </new>
  <exclusive>
   yes
  </exclusive>
 </clothing>
 <clothing>
  <id>
   197975729
  </id>
  <name>
   Puma Blouse V-8804
  </name>
  <category>
   Blouse
  </category>
  <size>
   L
  </size>
  <color>
   Оранжевый
  </color>
  <material>
   Шерсть
  </material>
  <price>
   638459
  </price>
  <rating>
   1.43
  </rating>
  <reviews>
   624569
  </reviews>
  <new>
   +
  </new>
  <sporty>
   yes
  </sporty>
 </clothing>
 <clothing>
  <id>
   507416948
  </id>
  <name>
   Vans Belts Z-8038
  </name>
  <category>
   Belts
  </category>
  <size>
   XL
  </size>
  <color>
   Красный
  </color>
  <material>
   Нейлон
  </material>
  <price>
   510846
  </price>
  <rating>
   1.73
  </rating>
  <reviews>
   749062
  </reviews>
  <exclusive>
   yes
  </exclusive>
 </clothing>
 <clothing>
  <id>
   210049668
  </id>
  <name>
   Addidas Blouse S-2966
  </name>
  <category>
   Blouse
  </category>
  <size>
   XL
  </size>
  <color>
   Оранжевый
  </color>
  <material>
   Вискоза
  </material>
  <price>
   310376
  </price>
  <rating>
   1.58
  </rating>
  <reviews>
   591581
  </reviews>
  <exclusive>
   no
  </exclusive>
  <sporty>
   no
  </sporty>
 </clothing>
 <clothing>
  <id>
   813173878
  </id>
  <name>
   New Balance Shirt E-4353
  </name>
  <category>
   Shirt
  </category>
  <size>
   XL
  </size>
  <color>
   Желтый
  </color>
  <material>
   Вискоза
  </material>
  <price>
   895353
  </price>
  <rating>
   4.19
  </rating>
  <reviews>
   883814
  </reviews>
  <new>
   -
  </new>
  <sporty>
   no
  </sporty>
 </clothing>
 <clothing>
  <id>
   468394157
  </id>
  <name>
   Fila Skirt H-6110
  </name>
  <category>
   Skirt
  </category>
  <size>
   XL
  </size>
  <color>
   Зеленый
  </color>
  <material>
   Кожа
  </material>
  <price>
   300936
  </price>
  <rating>
   1.08
  </rating>
  <reviews>
   347712
  </reviews>
  <new>
   +
  </new>
 </clothing>
 <clothing>
  <id>
   986948293
  </id>
  <name>
   New Balance Blouse O-9191
  </name>
  <category>
   Blouse
  </category>
  <size>
   XL
  </size>
  <color>
   Желтый
  </color>
  <material>
   Лен
  </material>
  <price>
   324929
  </price>
  <rating>
   3.82
  </rating>
  <reviews>
   635050
  </reviews>
 </clothing>
 <clothing>
  <id>
   572780230
  </id>
  <name>
   DC Sweater A-7448
  </name>
  <category>
   Sweater
  </category>
  <size>
   XXL
  </size>
  <color>
   Фиолетовый
  </color>
  <material>
   Полиэстер
  </material>
  <price>
   251538
  </price>
  <rating>
   3.09
  </rating>
  <reviews>
   779219
  </reviews>
  <exclusive>
   no
  </exclusive>
 </clothing>
 <clothing>
  <id>
   424900342
  </id>
  <name>
   Addidas Shirt J-3655
  </name>
  <category>
   Shirt
  </category>
  <size>
   XXL
  </size>
  <color>
   Желтый
  </color>
  <material>
   Шелк
  </material>
  <price>
   402096
  </price>
  <rating>
   2.77
  </rating>
  <reviews>
   659985
  </reviews>
  <exclusive>
   no
  </exclusive>
  <sporty>
   no
  </sporty>
 </clothing>
 <clothing>
  <id>
   538255950
  </id>
  <name>
   Brooks Sweater M-9356
  </name>
  <category>
   Sweater
  </category>
  <size>
   M
  </size>
  <color>
   Голубой
  </color>
  <material>
   Кожа
  </material>
  <price>
   948075
  </price>
  <rating>
   1.46
  </rating>
  <reviews>
   872476
  </reviews>
  <new>
   +
  </new>
  <exclusive>
   yes
  </exclusive>
 </clothing>
 <clothing>
  <id>
   558106031
  </id>
  <name>
   Lacoste Jacket V-4590
  </name>
  <category>
   Jacket
  </category>
  <size>
   M
  </size>
  <color>
   Фиолетовый
  </color>
  <material>
   Нейлон
  </material>
  <price>
   800263
  </price>
  <rating>
   3.97
  </rating>
  <reviews>
   765306
  </reviews>
  <new>
   -
  </new>
 </clothing>
 <clothing>
  <id>
   792657955
  </id>
  <name>
   Vans Blouse F-3397
  </name>
  <category>
   Blouse
  </category>
  <size>
   L
  </size>
  <color>
   Голубой
  </color>
  <material>
   Кожа
  </material>
  <price>
   655622
  </price>
  <rating>
   1.5
  </rating>
  <reviews>
   187827
  </reviews>
  <new>
   -
  </new>
 </clothing>
 <clothing>
  <id>
   165665595
  </id>
  <name>
   DC Pants I-9708
  </name>
  <category>
   Pants
  </category>
  <size>
   M
  </size>
  <color>
   Голубой
  </color>
  <material>
   Нейлон
  </material>
  <price>
   422263
  </price>
  <rating>
   2.61
  </rating>
  <reviews>
   749033
  </reviews>
  <sporty>
   yes
  </sporty>
 </clothing>
 <clothing>
  <id>
   101835496
  </id>
  <name>
   Addidas T-shirt J-4490
  </name>
  <category>
   T-shirt
  </category>
  <size>
   M
  </size>
  <color>
   Синий
  </color>
  <material>
   Нейлон
  </material>
  <price>
   264749
  </price>
  <rating>
   3.24
  </rating>
  <reviews>
   252962
  </reviews>
  <new>
   +
  </new>
  <exclusive>
   no
  </exclusive>
  <sporty>
   no
  </sporty>
 </clothing>
 <clothing>
  <id>
   899346133
  </id>
  <name>
   Asics Belts D-3141
  </name>
  <category>
   Belts
  </category>
  <size>
   XXL
  </size>
  <color>
   Зеленый
  </color>
  <material>
   Хлопок
  </material>
  <price>
   818673
  </price>
  <rating>
   3.09
  </rating>
  <reviews>
   656104
  </reviews>
 </clothing>
 <clothing>
  <id>
   900281454
  </id>
  <name>
   Puma Sweater Y-3337
  </name>
  <category>
   Sweater
  </category>
  <size>
   M
  </size>
  <color>
   Синий
  </color>
  <material>
   Шелк
  </material>
  <price>
   332498
  </price>
  <rating>
   4.3
  </rating>
  <reviews>
   56792
  </reviews>
  <exclusive>
   yes
  </exclusive>
  <sporty>
   no
  </sporty>
 </clothing>
 <clothing>
  <id>
   668117014
  </id>
  <name>
   Ellesse T-shirt J-4736
  </name>
  <category>
   T-shirt
  </category>
  <size>
   L
  </size>
  <color>
   Фиолетовый
  </color>
  <material>
   Шерсть
  </material>
  <price>
   278380
  </price>
  <rating>
   2.99
  </rating>
  <reviews>
   531485
  </reviews>
  <new>
   -
  </new>
  <exclusive>
   no
  </exclusive>
 </clothing>
 <clothing>
  <id>
   974991215
  </id>
  <name>
   DC Dress Y-5254
  </name>
  <category>
   Dress
  </category>
  <size>
   L
  </size>
  <color>
   Желтый
  </color>
  <material>
   Шелк
  </material>
  <price>
   175939
  </price>
  <rating>
   3.87
  </rating>
  <reviews>
   747198
  </reviews>
  <exclusive>
   yes
  </exclusive>
  <sporty>
   no
  </sporty>
 </clothing>
 <clothing>
  <id>
   807282782
  </id>
  <name>
   Ellesse Skirt I-6743
  </name>
  <category>
   Skirt
  </category>
  <size>
   XL
  </size>
  <color>
   Зеленый
  </color>
  <material>
   Вискоза
  </material>
  <price>
   179163
  </price>
  <rating>
   3.98
  </rating>
  <reviews>
   332451
  </reviews>
 </clothing>
 <clothing>
  <id>
   437593113
  </id>
  <name>
   New Balance Handbags Q-8163
  </name>
  <category>
   Handbags
  </category>
  <size>
   XL
  </size>
  <color>
   Синий
  </color>
  <material>
   Шелк
  </material>
  <price>
   681294
  </price>
  <rating>
   4.87
  </rating>
  <reviews>
   439193
  </reviews>
  <sporty>
   no
  </sporty>
 </clothing>
 <clothing>
  <id>
   179437389
  </id>
  <name>
   Vans Socks K-9760
  </name>
  <category>
   Socks
  </category>
  <size>
   S
  </size>
  <color>
   Красный
  </color>
  <material>
   Полиэстер
  </material>
  <price>
   220424
  </price>
  <rating>
   4.14
  </rating>
  <reviews>
   314520
  </reviews>
  <new>
   -
  </new>
  <sporty>
   yes
  </sporty>
 </clothing>
 <clothing>
  <id>
   180359921
  </id>
  <name>
   PleinSport Shirt L-5434
  </name>
  <category>
   Shirt
  </category>
  <size>
   L
  </size>
  <color>
   Зеленый
  </color>
  <material>
   Кожа
  </material>
  <price>
   602033
  </price>
  <rating>
   1.76
  </rating>
  <reviews>
   77273
  </reviews>
  <new>
   -
  </new>
  <sporty>
   no
  </sporty>
 </clothing>
 <clothing>
  <id>
   405590005
  </id>
  <name>
   DC Sweater S-4588
  </name>
  <category>
   Sweater
  </category>
  <size>
   M
  </size>
  <color>
   Синий
  </color>
  <material>
   Хлопок
  </material>
  <price>
   499854
  </price>
  <rating>
   3.44
  </rating>
  <reviews>
   411897
  </reviews>
  <new>
   +
  </new>
  <sporty>
   no
  </sporty>
 </clothing>
 <clothing>
  <id>
   823353149
  </id>
  <name>
   Reebok Jeans L-5367
  </name>
  <category>
   Jeans
  </category>
  <size>
   S
  </size>
  <color>
   Красный
  </color>
  <material>
   Лен
  </material>
  <price>
   236610
  </price>
  <rating>
   4.18
  </rating>
  <reviews>
   286488
  </reviews>
  <exclusive>
   yes
  </exclusive>
 </clothing>
 <clothing>
  <id>
   231687917
  </id>
  <name>
   Ellesse Belts U-5426
  </name>
  <category>
   Belts
  </category>
  <size>
   L
  </size>
  <color>
   Желтый
  </color>
  <material>
   Хлопок
  </material>
  <price>
   723596
  </price>
  <rating>
   2.65
  </rating>
  <reviews>
   292509
  </reviews>
  <new>
   -
  </new>
 </clothing>
 <clothing>
  <id>
   710894695
  </id>
  <name>
   Under Armour Dress E-9274
  </name>
  <category>
   Dress
  </category>
  <size>
   S
  </size>
  <color>
   Желтый
  </color>
  <material>
   Вискоза
  </material>
  <price>
   266816
  </price>
  <rating>
   1.63
  </rating>
  <reviews>
   976452
  </reviews>
  <new>
   +
  </new>
  <exclusive>
   yes
  </exclusive>
  <sporty>
   yes
  </sporty>
 </clothing>
 <clothing>
  <id>
   385117460
  </id>
  <name>
   Fila Handbags S-9690
  </name>
  <category>
   Handbags
  </category>
  <size>
   S
  </size>
  <color>
   Голубой
  </color>
  <material>
   Нейлон
  </material>
  <price>
   735967
  </price>
  <rating>
   4.23
  </rating>
  <reviews>
   625609
  </reviews>
  <exclusive>
   yes
  </exclusive>
  <sporty>
   no
  </sporty>
 </clothing>
 <clothing>
  <id>
   487576122
  </id>
  <name>
   Converse Skirt B-3842
  </name>
  <category>
   Skirt
  </category>
  <size>
   L
  </size>
  <color>
   Красный
  </color>
  <material>
   Шелк
  </material>
  <price>
   732026
  </price>
  <rating>
   3.0
  </rating>
  <reviews>
   937468
  </reviews>
  <exclusive>
   no
  </exclusive>
 </clothing>
 <clothing>
  <id>
   894399394
  </id>
  <name>
   Ellesse Hat L-5675
  </name>
  <category>
   Hat
  </category>
  <size>
   XL
  </size>
  <color>
   Желтый
  </color>
  <material>
   Кожа
  </material>
  <price>
   431600
  </price>
  <rating>
   3.36
  </rating>
  <reviews>
   867145
  </reviews>
  <new>
   +
  </new>
 </clothing>
 <clothing>
  <id>
   753971286
  </id>
  <name>
   Reebok Jeans M-8718
  </name>
  <category>
   Jeans
  </category>
  <size>
   XL
  </size>
  <color>
   Фиолетовый
  </color>
  <material>
   Лен
  </material>
  <price>
   245026
  </price>
  <rating>
   1.73
  </rating>
  <reviews>
   271846
  </reviews>
  <new>
   +
  </new>
  <exclusive>
   yes
  </exclusive>
  <sporty>
   yes
  </sporty>
 </clothing>
 <clothing>
  <id>
   234522544
  </id>
  <name>
   Ellesse Socks K-1057
  </name>
  <category>
   Socks
  </category>
  <size>
   XL
  </size>
  <color>
   Голубой
  </color>
  <material>
   Лен
  </material>
  <price>
   956475
  </price>
  <rating>
   3.63
  </rating>
  <reviews>
   979113
  </reviews>
  <new>
   -
  </new>
  <exclusive>
   yes
  </exclusive>
  <sporty>
   no
  </sporty>
 </clothing>
 <clothing>
  <id>
   451077414
  </id>
  <name>
   Vans Belts D-7062
  </name>
  <category>
   Belts
  </category>
  <size>
   XL
  </size>
  <color>
   Голубой
  </color>
  <material>
   Шелк
  </material>
  <price>
   424422
  </price>
  <rating>
   3.51
  </rating>
  <reviews>
   581334
  </reviews>
  <new>
   -
  </new>
  <exclusive>
   no
  </exclusive>
 </clothing>
 <clothing>
  <id>
   917189707
  </id>
  <name>
   Under Armour Blouse J-3163
  </name>
  <category>
   Blouse
  </category>
  <size>
   XXL
  </size>
  <color>
   Синий
  </color>
  <material>
   Нейлон
  </material>
  <price>
   182743
  </price>
  <rating>
   3.89
  </rating>
  <reviews>
   162235
  </reviews>
  <exclusive>
   yes
  </exclusive>
  <sporty>
   yes
  </sporty>
 </clothing>
 <clothing>
  <id>
   221802839
  </id>
  <name>
   Puma Sweater A-3373
  </name>
  <category>
   Sweater
  </category>
  <size>
   L
  </size>
  <color>
   Желтый
  </color>
  <material>
   Шелк
  </material>
  <price>
   190128
  </price>
  <rating>
   4.92
  </rating>
  <reviews>
   390067
  </reviews>
  <sporty>
   yes
  </sporty>
 </clothing>
 <clothing>
  <id>
   716285910
  </id>
  <name>
   Adidas Jeans H-5917
  </name>
  <category>
   Jeans
  </category>
  <size>
   XXL
  </size>
  <color>
   Синий
  </color>
  <material>
   Хлопок
  </material>
  <price>
   255480
  </price>
  <rating>
   3.35
  </rating>
  <reviews>
   214760
  </reviews>
  <new>
   +
  </new>
  <sporty>
   no
  </sporty>
 </clothing>
</clothing-items>
