<?xml version="1.0" encoding="utf-8"?>
<clothing-items>
 <clothing>
  <id>
   691471089
  </id>
  <name>
   Asics Jeans J-4924
  </name>
  <category>
   Jeans
  </category>
  <size>
   M
  </size>
  <color>
   Желтый
  </color>
  <material>
   Шерсть
  </material>
  <price>
   416366
  </price>
  <rating>
   2.69
  </rating>
  <reviews>
   127617
  </reviews>
  <new>
   -
  </new>
  <exclusive>
   no
  </exclusive>
  <sporty>
   no
  </sporty>
 </clothing>
 <clothing>
  <id>
   470825913
  </id>
  <name>
   Asics Handbags Q-7877
  </name>
  <category>
   Handbags
  </category>
  <size>
   S
  </size>
  <color>
   Фиолетовый
  </color>
  <material>
   Лен
  </material>
  <price>
   990333
  </price>
  <rating>
   2.62
  </rating>
  <reviews>
   466823
  </reviews>
  <new>
   +
  </new>
  <sporty>
   yes
  </sporty>
 </clothing>
 <clothing>
  <id>
   857366559
  </id>
  <name>
   DC Handbags H-6532
  </name>
  <category>
   Handbags
  </category>
  <size>
   XXL
  </size>
  <color>
   Зеленый
  </color>
  <material>
   Полиэстер
  </material>
  <price>
   829165
  </price>
  <rating>
   3.94
  </rating>
  <reviews>
   949113
  </reviews>
  <exclusive>
   no
  </exclusive>
  <sporty>
   no
  </sporty>
 </clothing>
 <clothing>
  <id>
   337986432
  </id>
  <name>
   Reebok Sweater B-6321
  </name>
  <category>
   Sweater
  </category>
  <size>
   S
  </size>
  <color>
   Голубой
  </color>
  <material>
   Шерсть
  </material>
  <price>
   178900
  </price>
  <rating>
   1.05
  </rating>
  <reviews>
   235763
  </reviews>
  <new>
   -
  </new>
  <exclusive>
   no
  </exclusive>
 </clothing>
 <clothing>
  <id>
   516694120
  </id>
  <name>
   Puma Pants C-8209
  </name>
  <category>
   Pants
  </category>
  <size>
   L
  </size>
  <color>
   Зеленый
  </color>
  <material>
   Кожа
  </material>
  <price>
   544698
  </price>
  <rating>
   3.59
  </rating>
  <reviews>
   699768
  </reviews>
  <new>
   -
  </new>
  <exclusive>
   no
  </exclusive>
  <sporty>
   no
  </sporty>
 </clothing>
 <clothing>
  <id>
   288203210
  </id>
  <name>
   Converse Gloves G-6766
  </name>
  <category>
   Gloves
  </category>
  <size>
   M
  </size>
  <color>
   Желтый
  </color>
  <material>
   Хлопок
  </material>
  <price>
   532040
  </price>
  <rating>
   4.21
  </rating>
  <reviews>
   328351
  </reviews>
  <exclusive>
   yes
  </exclusive>
  <sporty>
   yes
  </sporty>
 </clothing>
 <clothing>
  <id>
   334872204
  </id>
  <name>
   Nike Skirt G-4435
  </name>
  <category>
   Skirt
  </category>
  <size>
   XXL
  </size>
  <color>
   Голубой
  </color>
  <material>
   Шелк
  </material>
  <price>
   951758
  </price>
  <rating>
   3.47
  </rating>
  <reviews>
   463074
  </reviews>
  <sporty>
   yes
  </sporty>
 </clothing>
 <clothing>
  <id>
   512317573
  </id>
  <name>
   Under Armour Shoes R-9522
  </name>
  <category>
   Shoes
  </category>
  <size>
   XXL
  </size>
  <color>
   Желтый
  </color>
  <material>
   Хлопок
  </material>
  <price>
   813772
  </price>
  <rating>
   1.07
  </rating>
  <reviews>
   309970
  </reviews>
  <new>
   +
  </new>
  <sporty>
   no
  </sporty>
 </clothing>
 <clothing>
  <id>
   492913254
  </id>
  <name>
   Puma Shirt K-4086
  </name>
  <category>
   Shirt
  </category>
  <size>
   XL
  </size>
  <color>
   Фиолетовый
  </color>
  <material>
   Полиэстер
  </material>
  <price>
   311571
  </price>
  <rating>
   3.97
  </rating>
  <reviews>
   724440
  </reviews>
  <new>
   +
  </new>
  <exclusive>
   yes
  </exclusive>
  <sporty>
   no
  </sporty>
 </clothing>
 <clothing>
  <id>
   263891417
  </id>
  <name>
   Brooks Sweater H-7706
  </name>
  <category>
   Sweater
  </category>
  <size>
   M
  </size>
  <color>
   Голубой
  </color>
  <material>
   Хлопок
  </material>
  <price>
   638340
  </price>
  <rating>
   3.64
  </rating>
  <reviews>
   215295
  </reviews>
  <new>
   +
  </new>
  <sporty>
   no
  </sporty>
 </clothing>
 <clothing>
  <id>
   772009739
  </id>
  <name>
   Adidas Belts W-9207
  </name>
  <category>
   Belts
  </category>
  <size>
   XXL
  </size>
  <color>
   Желтый
  </color>
  <material>
   Полиэстер
  </material>
  <price>
   123706
  </price>
  <rating>
   3.91
  </rating>
  <reviews>
   710468
  </reviews>
  <exclusive>
   no
  </exclusive>
  <sporty>
   yes
  </sporty>
 </clothing>
 <clothing>
  <id>
   783891812
  </id>
  <name>
   DC Sweater R-8368
  </name>
  <category>
   Sweater
  </category>
  <size>
   S
  </size>
  <color>
   Голубой
  </color>
  <material>
   Лен
  </material>
  <price>
   475007
  </price>
  <rating>
   1.25
  </rating>
  <reviews>
   930824
  </reviews>
  <new>
   -
  </new>
  <sporty>
   no
  </sporty>
 </clothing>
 <clothing>
  <id>
   915567160
  </id>
  <name>
   Under Armour Jacket L-2299
  </name>
  <category>
   Jacket
  </category>
  <size>
   XL
  </size>
  <color>
   Голубой
  </color>
  <material>
   Лен
  </material>
  <price>
   623102
  </price>
  <rating>
   1.84
  </rating>
  <reviews>
   768744
  </reviews>
  <exclusive>
   no
  </exclusive>
 </clothing>
 <clothing>
  <id>
   736748065
  </id>
  <name>
   PleinSport Dress V-4622
  </name>
  <category>
   Dress
  </category>
  <size>
   S
  </size>
  <color>
   Зеленый
  </color>
  <material>
   Полиэстер
  </material>
  <price>
   916527
  </price>
  <rating>
   1.56
  </rating>
  <reviews>
   321833
  </reviews>
  <new>
   +
  </new>
  <exclusive>
   no
  </exclusive>
  <sporty>
   no
  </sporty>
 </clothing>
 <clothing>
  <id>
   301752920
  </id>
  <name>
   Asics Pants C-2006
  </name>
  <category>
   Pants
  </category>
  <size>
   XXL
  </size>
  <color>
   Красный
  </color>
  <material>
   Лен
  </material>
  <price>
   308135
  </price>
  <rating>
   1.95
  </rating>
  <reviews>
   410530
  </reviews>
  <new>
   -
  </new>
  <exclusive>
   no
  </exclusive>
 </clothing>
 <clothing>
  <id>
   409598491
  </id>
  <name>
   Ellesse Belts H-5300
  </name>
  <category>
   Belts
  </category>
  <size>
   XL
  </size>
  <color>
   Синий
  </color>
  <material>
   Шерсть
  </material>
  <price>
   856686
  </price>
  <rating>
   1.63
  </rating>
  <reviews>
   507183
  </reviews>
  <new>
   -
  </new>
  <exclusive>
   no
  </exclusive>
  <sporty>
   no
  </sporty>
 </clothing>
 <clothing>
  <id>
   375671920
  </id>
  <name>
   DC Belts D-7085
  </name>
  <category>
   Belts
  </category>
  <size>
   XL
  </size>
  <color>
   Зеленый
  </color>
  <material>
   Кожа
  </material>
  <price>
   995718
  </price>
  <rating>
   1.84
  </rating>
  <reviews>
   131707
  </reviews>
  <sporty>
   yes
  </sporty>
 </clothing>
 <clothing>
  <id>
   400187202
  </id>
  <name>
   Under Armour Shirt H-3439
  </name>
  <category>
   Shirt
  </category>
  <size>
   S
  </size>
  <color>
   Желтый
  </color>
  <material>
   Вискоза
  </material>
  <price>
   591945
  </price>
  <rating>
   4.09
  </rating>
  <reviews>
   213907
  </reviews>
  <new>
   -
  </new>
  <exclusive>
   no
  </exclusive>
  <sporty>
   yes
  </sporty>
 </clothing>
 <clothing>
  <id>
   718639597
  </id>
  <name>
   Converse Gloves R-9682
  </name>
  <category>
   Gloves
  </category>
  <size>
   XL
  </size>
  <color>
   Оранжевый
  </color>
  <material>
   Шелк
  </material>
  <price>
   437097
  </price>
  <rating>
   2.42
  </rating>
  <reviews>
   793988
  </reviews>
  <new>
   -
  </new>
  <exclusive>
   no
  </exclusive>
 </clothing>
 <clothing>
  <id>
   510995008
  </id>
  <name>
   Asics T-shirt Z-2432
  </name>
  <category>
   T-shirt
  </category>
  <size>
   XL
  </size>
  <color>
   Красный
  </color>
  <material>
   Кожа
  </material>
  <price>
   419662
  </price>
  <rating>
   2.64
  </rating>
  <reviews>
   117369
  </reviews>
  <new>
   +
  </new>
  <sporty>
   no
  </sporty>
 </clothing>
 <clothing>
  <id>
   344817970
  </id>
  <name>
   Lacoste T-shirt Z-3195
  </name>
  <category>
   T-shirt
  </category>
  <size>
   L
  </size>
  <color>
   Синий
  </color>
  <material>
   Вискоза
  </material>
  <price>
   772811
  </price>
  <rating>
   3.32
  </rating>
  <reviews>
   163483
  </reviews>
  <sporty>
   yes
  </sporty>
 </clothing>
 <clothing>
  <id>
   191134622
  </id>
  <name>
   Adidas Umbrellas F-3192
  </name>
  <category>
   Umbrellas
  </category>
  <size>
   XXL
  </size>
  <color>
   Желтый
  </color>
  <material>
   Нейлон
  </material>
  <price>
   347343
  </price>
  <rating>
   4.0
  </rating>
  <reviews>
   320637
  </reviews>
  <exclusive>
   no
  </exclusive>
  <sporty>
   yes
  </sporty>
 </clothing>
 <clothing>
  <id>
   879955718
  </id>
  <name>
   Puma Socks T-3462
  </name>
  <category>
   Socks
  </category>
  <size>
   S
  </size>
  <color>
   Оранжевый
  </color>
  <material>
   Шелк
  </material>
  <price>
   828917
  </price>
  <rating>
   3.89
  </rating>
  <reviews>
   640359
  </reviews>
  <new>
   -
  </new>
  <exclusive>
   no
  </exclusive>
  <sporty>
   no
  </sporty>
 </clothing>
 <clothing>
  <id>
   488043158
  </id>
  <name>
   Under Armour Jacket N-9032
  </name>
  <category>
   Jacket
  </category>
  <size>
   L
  </size>
  <color>
   Оранжевый
  </color>
  <material>
   Вискоза
  </material>
  <price>
   657118
  </price>
  <rating>
   3.83
  </rating>
  <reviews>
   218094
  </reviews>
  <new>
   -
  </new>
  <exclusive>
   yes
  </exclusive>
 </clothing>
 <clothing>
  <id>
   643083869
  </id>
  <name>
   Brooks Socks P-6888
  </name>
  <category>
   Socks
  </category>
  <size>
   XXL
  </size>
  <color>
   Красный
  </color>
  <material>
   Лен
  </material>
  <price>
   128919
  </price>
  <rating>
   4.88
  </rating>
  <reviews>
   950237
  </reviews>
  <new>
   -
  </new>
  <exclusive>
   no
  </exclusive>
 </clothing>
 <clothing>
  <id>
   544338299
  </id>
  <name>
   Under Armour Jeans Z-7818
  </name>
  <category>
   Jeans
  </category>
  <size>
   M
  </size>
  <color>
   Оранжевый
  </color>
  <material>
   Вискоза
  </material>
  <price>
   333024
  </price>
  <rating>
   3.53
  </rating>
  <reviews>
   490701
  </reviews>
  <new>
   -
  </new>
  <exclusive>
   no
  </exclusive>
  <sporty>
   no
  </sporty>
 </clothing>
 <clothing>
  <id>
   672568647
  </id>
  <name>
   Asics Pants C-5641
  </name>
  <category>
   Pants
  </category>
  <size>
   M
  </size>
  <color>
   Желтый
  </color>
  <material>
   Хлопок
  </material>
  <price>
   658408
  </price>
  <rating>
   4.18
  </rating>
  <reviews>
   362758
  </reviews>
  <exclusive>
   no
  </exclusive>
 </clothing>
 <clothing>
  <id>
   265966932
  </id>
  <name>
   Under Armour Sweater Y-5174
  </name>
  <category>
   Sweater
  </category>
  <size>
   L
  </size>
  <color>
   Зеленый
  </color>
  <material>
   Лен
  </material>
  <price>
   683499
  </price>
  <rating>
   1.15
  </rating>
  <reviews>
   621606
  </reviews>
  <new>
   +
  </new>
  <exclusive>
   no
  </exclusive>
  <sporty>
   yes
  </sporty>
 </clothing>
 <clothing>
  <id>
   206465982
  </id>
  <name>
   Adidas Shoes M-9564
  </name>
  <category>
   Shoes
  </category>
  <size>
   XL
  </size>
  <color>
   Оранжевый
  </color>
  <material>
   Шерсть
  </material>
  <price>
   653221
  </price>
  <rating>
   1.48
  </rating>
  <reviews>
   387734
  </reviews>
 </clothing>
 <clothing>
  <id>
   792012915
  </id>
  <name>
   New Balance Dress O-2967
  </name>
  <category>
   Dress
  </category>
  <size>
   XXL
  </size>
  <color>
   Зеленый
  </color>
  <material>
   Вискоза
  </material>
  <price>
   715956
  </price>
  <rating>
   1.38
  </rating>
  <reviews>
   982465
  </reviews>
  <sporty>
   no
  </sporty>
 </clothing>
 <clothing>
  <id>
   905274366
  </id>
  <name>
   Under Armour Hat Z-5854
  </name>
  <category>
   Hat
  </category>
  <size>
   L
  </size>
  <color>
   Красный
  </color>
  <material>
   Нейлон
  </material>
  <price>
   906459
  </price>
  <rating>
   3.35
  </rating>
  <reviews>
   786670
  </reviews>
  <exclusive>
   no
  </exclusive>
  <sporty>
   yes
  </sporty>
 </clothing>
 <clothing>
  <id>
   569838265
  </id>
  <name>
   Converse Socks P-2812
  </name>
  <category>
   Socks
  </category>
  <size>
   XXL
  </size>
  <color>
   Зеленый
  </color>
  <material>
   Вискоза
  </material>
  <price>
   911251
  </price>
  <rating>
   4.77
  </rating>
  <reviews>
   720175
  </reviews>
  <sporty>
   no
  </sporty>
 </clothing>
 <clothing>
  <id>
   569103692
  </id>
  <name>
   Vans Dress B-4693
  </name>
  <category>
   Dress
  </category>
  <size>
   M
  </size>
  <color>
   Оранжевый
  </color>
  <material>
   Нейлон
  </material>
  <price>
   596664
  </price>
  <rating>
   4.92
  </rating>
  <reviews>
   927295
  </reviews>
  <new>
   +
  </new>
  <exclusive>
   no
  </exclusive>
 </clothing>
 <clothing>
  <id>
   631497013
  </id>
  <name>
   Brooks Socks L-3416
  </name>
  <category>
   Socks
  </category>
  <size>
   XL
  </size>
  <color>
   Синий
  </color>
  <material>
   Полиэстер
  </material>
  <price>
   786569
  </price>
  <rating>
   3.42
  </rating>
  <reviews>
   255148
  </reviews>
  <new>
   +
  </new>
 </clothing>
 <clothing>
  <id>
   976297909
  </id>
  <name>
   DC Umbrellas P-9657
  </name>
  <category>
   Umbrellas
  </category>
  <size>
   XXL
  </size>
  <color>
   Красный
  </color>
  <material>
   Кожа
  </material>
  <price>
   378523
  </price>
  <rating>
   3.68
  </rating>
  <reviews>
   783481
  </reviews>
  <new>
   +
  </new>
  <sporty>
   yes
  </sporty>
 </clothing>
 <clothing>
  <id>
   533373006
  </id>
  <name>
   Vans Skirt R-3823
  </name>
  <category>
   Skirt
  </category>
  <size>
   XXL
  </size>
  <color>
   Голубой
  </color>
  <material>
   Кожа
  </material>
  <price>
   698976
  </price>
  <rating>
   4.6
  </rating>
  <reviews>
   866792
  </reviews>
 </clothing>
 <clothing>
  <id>
   600587948
  </id>
  <name>
   PleinSport Pants E-6301
  </name>
  <category>
   Pants
  </category>
  <size>
   XXL
  </size>
  <color>
   Желтый
  </color>
  <material>
   Вискоза
  </material>
  <price>
   410042
  </price>
  <rating>
   4.14
  </rating>
  <reviews>
   845582
  </reviews>
  <new>
   -
  </new>
 </clothing>
 <clothing>
  <id>
   108299484
  </id>
  <name>
   Reebok T-shirt Z-1016
  </name>
  <category>
   T-shirt
  </category>
  <size>
   XL
  </size>
  <color>
   Красный
  </color>
  <material>
   Шелк
  </material>
  <price>
   860148
  </price>
  <rating>
   2.11
  </rating>
  <reviews>
   339260
  </reviews>
  <new>
   -
  </new>
  <exclusive>
   no
  </exclusive>
  <sporty>
   yes
  </sporty>
 </clothing>
 <clothing>
  <id>
   495743443
  </id>
  <name>
   DC Jacket H-1632
  </name>
  <category>
   Jacket
  </category>
  <size>
   XL
  </size>
  <color>
   Зеленый
  </color>
  <material>
   Шелк
  </material>
  <price>
   282982
  </price>
  <rating>
   2.54
  </rating>
  <reviews>
   300178
  </reviews>
  <new>
   -
  </new>
  <sporty>
   yes
  </sporty>
 </clothing>
</clothing-items>
