<?xml version="1.0" encoding="utf-8"?>
<clothing-items>
 <clothing>
  <id>
   541941013
  </id>
  <name>
   Lacoste T-shirt Q-1206
  </name>
  <category>
   T-shirt
  </category>
  <size>
   XL
  </size>
  <color>
   Оранжевый
  </color>
  <material>
   Хлопок
  </material>
  <price>
   761908
  </price>
  <rating>
   3.82
  </rating>
  <reviews>
   35246
  </reviews>
  <new>
   -
  </new>
  <exclusive>
   no
  </exclusive>
  <sporty>
   yes
  </sporty>
 </clothing>
 <clothing>
  <id>
   233802380
  </id>
  <name>
   New Balance Hat Y-9078
  </name>
  <category>
   Hat
  </category>
  <size>
   M
  </size>
  <color>
   Синий
  </color>
  <material>
   Полиэстер
  </material>
  <price>
   946612
  </price>
  <rating>
   3.32
  </rating>
  <reviews>
   969992
  </reviews>
  <new>
   -
  </new>
  <sporty>
   no
  </sporty>
 </clothing>
 <clothing>
  <id>
   296307385
  </id>
  <name>
   Vans Shoes L-8458
  </name>
  <category>
   Shoes
  </category>
  <size>
   XXL
  </size>
  <color>
   Голубой
  </color>
  <material>
   Вискоза
  </material>
  <price>
   125059
  </price>
  <rating>
   3.95
  </rating>
  <reviews>
   415190
  </reviews>
  <sporty>
   no
  </sporty>
 </clothing>
 <clothing>
  <id>
   246964942
  </id>
  <name>
   Brooks Umbrellas H-8923
  </name>
  <category>
   Umbrellas
  </category>
  <size>
   S
  </size>
  <color>
   Оранжевый
  </color>
  <material>
   Вискоза
  </material>
  <price>
   371849
  </price>
  <rating>
   3.16
  </rating>
  <reviews>
   446577
  </reviews>
  <sporty>
   no
  </sporty>
 </clothing>
 <clothing>
  <id>
   375261904
  </id>
  <name>
   Fila Dress O-5858
  </name>
  <category>
   Dress
  </category>
  <size>
   XL
  </size>
  <color>
   Красный
  </color>
  <material>
   Хлопок
  </material>
  <price>
   529777
  </price>
  <rating>
   1.95
  </rating>
  <reviews>
   521159
  </reviews>
  <new>
   -
  </new>
  <exclusive>
   no
  </exclusive>
  <sporty>
   no
  </sporty>
 </clothing>
 <clothing>
  <id>
   518183689
  </id>
  <name>
   Converse Belts D-8271
  </name>
  <category>
   Belts
  </category>
  <size>
   L
  </size>
  <color>
   Красный
  </color>
  <material>
   Шелк
  </material>
  <price>
   990428
  </price>
  <rating>
   1.89
  </rating>
  <reviews>
   946215
  </reviews>
  <exclusive>
   yes
  </exclusive>
 </clothing>
 <clothing>
  <id>
   329957830
  </id>
  <name>
   Under Armour Pants M-6612
  </name>
  <category>
   Pants
  </category>
  <size>
   L
  </size>
  <color>
   Зеленый
  </color>
  <material>
   Полиэстер
  </material>
  <price>
   770977
  </price>
  <rating>
   3.89
  </rating>
  <reviews>
   77139
  </reviews>
  <sporty>
   yes
  </sporty>
 </clothing>
 <clothing>
  <id>
   326177424
  </id>
  <name>
   Puma Belts O-4929
  </name>
  <category>
   Belts
  </category>
  <size>
   S
  </size>
  <color>
   Красный
  </color>
  <material>
   Полиэстер
  </material>
  <price>
   121008
  </price>
  <rating>
   4.27
  </rating>
  <reviews>
   135104
  </reviews>
  <new>
   +
  </new>
  <exclusive>
   no
  </exclusive>
 </clothing>
 <clothing>
  <id>
   118596483
  </id>
  <name>
   Adidas Jacket V-1994
  </name>
  <category>
   Jacket
  </category>
  <size>
   L
  </size>
  <color>
   Фиолетовый
  </color>
  <material>
   Вискоза
  </material>
  <price>
   704434
  </price>
  <rating>
   1.45
  </rating>
  <reviews>
   629297
  </reviews>
  <exclusive>
   no
  </exclusive>
  <sporty>
   no
  </sporty>
 </clothing>
 <clothing>
  <id>
   429409562
  </id>
  <name>
   Under Armour Gloves P-6078
  </name>
  <category>
   Gloves
  </category>
  <size>
   XL
  </size>
  <color>
   Фиолетовый
  </color>
  <material>
   Шерсть
  </material>
  <price>
   866931
  </price>
  <rating>
   3.19
  </rating>
  <reviews>
   105019
  </reviews>
  <exclusive>
   yes
  </exclusive>
  <sporty>
   no
  </sporty>
 </clothing>
 <clothing>
  <id>
   890868350
  </id>
  <name>
   Ellesse Jacket B-5342
  </name>
  <category>
   Jacket
  </category>
  <size>
   XL
  </size>
  <color>
   Желтый
  </color>
  <material>
   Вискоза
  </material>
  <price>
   284631
  </price>
  <rating>
   1.62
  </rating>
  <reviews>
   769233
  </reviews>
  <new>
   -
  </new>
 </clothing>
 <clothing>
  <id>
   341666409
  </id>
  <name>
   Lacoste Blouse Q-2665
  </name>
  <category>
   Blouse
  </category>
  <size>
   M
  </size>
  <color>
   Синий
  </color>
  <material>
   Полиэстер
  </material>
  <price>
   611293
  </price>
  <rating>
   2.17
  </rating>
  <reviews>
   140124
  </reviews>
  <new>
   -
  </new>
  <sporty>
   yes
  </sporty>
 </clothing>
 <clothing>
  <id>
   429472666
  </id>
  <name>
   Reebok Pants A-9983
  </name>
  <category>
   Pants
  </category>
  <size>
   XXL
  </size>
  <color>
   Голубой
  </color>
  <material>
   Вискоза
  </material>
  <price>
   902978
  </price>
  <rating>
   2.65
  </rating>
  <reviews>
   587583
  </reviews>
  <exclusive>
   no
  </exclusive>
 </clothing>
 <clothing>
  <id>
   680945411
  </id>
  <name>
   Ellesse Umbrellas Q-1841
  </name>
  <category>
   Umbrellas
  </category>
  <size>
   XL
  </size>
  <color>
   Фиолетовый
  </color>
  <material>
   Шерсть
  </material>
  <price>
   834573
  </price>
  <rating>
   2.81
  </rating>
  <reviews>
   992576
  </reviews>
  <exclusive>
   yes
  </exclusive>
  <sporty>
   no
  </sporty>
 </clothing>
 <clothing>
  <id>
   411523138
  </id>
  <name>
   Lacoste Belts T-8565
  </name>
  <category>
   Belts
  </category>
  <size>
   S
  </size>
  <color>
   Зеленый
  </color>
  <material>
   Кожа
  </material>
  <price>
   340073
  </price>
  <rating>
   1.3
  </rating>
  <reviews>
   58528
  </reviews>
  <sporty>
   yes
  </sporty>
 </clothing>
 <clothing>
  <id>
   336169236
  </id>
  <name>
   DC Sweater T-9153
  </name>
  <category>
   Sweater
  </category>
  <size>
   L
  </size>
  <color>
   Голубой
  </color>
  <material>
   Вискоза
  </material>
  <price>
   485089
  </price>
  <rating>
   2.43
  </rating>
  <reviews>
   185416
  </reviews>
  <new>
   -
  </new>
  <sporty>
   yes
  </sporty>
 </clothing>
 <clothing>
  <id>
   512839513
  </id>
  <name>
   Reebok Handbags F-2699
  </name>
  <category>
   Handbags
  </category>
  <size>
   L
  </size>
  <color>
   Синий
  </color>
  <material>
   Нейлон
  </material>
  <price>
   126864
  </price>
  <rating>
   4.23
  </rating>
  <reviews>
   834613
  </reviews>
  <new>
   +
  </new>
  <sporty>
   no
  </sporty>
 </clothing>
 <clothing>
  <id>
   581015683
  </id>
  <name>
   Puma T-shirt M-1333
  </name>
  <category>
   T-shirt
  </category>
  <size>
   XXL
  </size>
  <color>
   Синий
  </color>
  <material>
   Шелк
  </material>
  <price>
   109701
  </price>
  <rating>
   2.36
  </rating>
  <reviews>
   425072
  </reviews>
  <sporty>
   no
  </sporty>
 </clothing>
 <clothing>
  <id>
   187352713
  </id>
  <name>
   Nike Belts L-7715
  </name>
  <category>
   Belts
  </category>
  <size>
   L
  </size>
  <color>
   Красный
  </color>
  <material>
   Нейлон
  </material>
  <price>
   476702
  </price>
  <rating>
   1.14
  </rating>
  <reviews>
   173940
  </reviews>
  <exclusive>
   no
  </exclusive>
 </clothing>
 <clothing>
  <id>
   542430962
  </id>
  <name>
   DC Jacket V-1024
  </name>
  <category>
   Jacket
  </category>
  <size>
   S
  </size>
  <color>
   Фиолетовый
  </color>
  <material>
   Лен
  </material>
  <price>
   735130
  </price>
  <rating>
   4.16
  </rating>
  <reviews>
   917893
  </reviews>
  <new>
   +
  </new>
  <sporty>
   no
  </sporty>
 </clothing>
 <clothing>
  <id>
   139012916
  </id>
  <name>
   Reebok Jeans H-2953
  </name>
  <category>
   Jeans
  </category>
  <size>
   XXL
  </size>
  <color>
   Красный
  </color>
  <material>
   Шелк
  </material>
  <price>
   909232
  </price>
  <rating>
   2.03
  </rating>
  <reviews>
   678777
  </reviews>
  <new>
   +
  </new>
  <exclusive>
   no
  </exclusive>
  <sporty>
   no
  </sporty>
 </clothing>
 <clothing>
  <id>
   550332507
  </id>
  <name>
   Puma Umbrellas Q-8646
  </name>
  <category>
   Umbrellas
  </category>
  <size>
   XXL
  </size>
  <color>
   Голубой
  </color>
  <material>
   Шерсть
  </material>
  <price>
   285609
  </price>
  <rating>
   4.31
  </rating>
  <reviews>
   809055
  </reviews>
  <sporty>
   no
  </sporty>
 </clothing>
 <clothing>
  <id>
   608034289
  </id>
  <name>
   New Balance Sweater D-8645
  </name>
  <category>
   Sweater
  </category>
  <size>
   L
  </size>
  <color>
   Голубой
  </color>
  <material>
   Вискоза
  </material>
  <price>
   570871
  </price>
  <rating>
   4.55
  </rating>
  <reviews>
   762254
  </reviews>
  <new>
   -
  </new>
  <exclusive>
   yes
  </exclusive>
  <sporty>
   yes
  </sporty>
 </clothing>
 <clothing>
  <id>
   592227423
  </id>
  <name>
   Vans Shirt Z-6392
  </name>
  <category>
   Shirt
  </category>
  <size>
   S
  </size>
  <color>
   Красный
  </color>
  <material>
   Шелк
  </material>
  <price>
   531161
  </price>
  <rating>
   4.01
  </rating>
  <reviews>
   333070
  </reviews>
  <new>
   -
  </new>
  <exclusive>
   no
  </exclusive>
 </clothing>
 <clothing>
  <id>
   107321621
  </id>
  <name>
   Adidas Pants C-9971
  </name>
  <category>
   Pants
  </category>
  <size>
   XXL
  </size>
  <color>
   Красный
  </color>
  <material>
   Хлопок
  </material>
  <price>
   870905
  </price>
  <rating>
   2.75
  </rating>
  <reviews>
   206312
  </reviews>
  <sporty>
   yes
  </sporty>
 </clothing>
 <clothing>
  <id>
   788257077
  </id>
  <name>
   Lacoste Skirt D-8245
  </name>
  <category>
   Skirt
  </category>
  <size>
   L
  </size>
  <color>
   Голубой
  </color>
  <material>
   Вискоза
  </material>
  <price>
   628922
  </price>
  <rating>
   3.62
  </rating>
  <reviews>
   864245
  </reviews>
  <new>
   -
  </new>
  <exclusive>
   no
  </exclusive>
  <sporty>
   no
  </sporty>
 </clothing>
 <clothing>
  <id>
   880694518
  </id>
  <name>
   Converse T-shirt J-3859
  </name>
  <category>
   T-shirt
  </category>
  <size>
   XXL
  </size>
  <color>
   Синий
  </color>
  <material>
   Шерсть
  </material>
  <price>
   214270
  </price>
  <rating>
   3.22
  </rating>
  <reviews>
   267586
  </reviews>
  <new>
   +
  </new>
  <exclusive>
   no
  </exclusive>
 </clothing>
 <clothing>
  <id>
   853479878
  </id>
  <name>
   New Balance Umbrellas J-1272
  </name>
  <category>
   Umbrellas
  </category>
  <size>
   S
  </size>
  <color>
   Фиолетовый
  </color>
  <material>
   Шелк
  </material>
  <price>
   858555
  </price>
  <rating>
   4.67
  </rating>
  <reviews>
   853262
  </reviews>
  <exclusive>
   yes
  </exclusive>
  <sporty>
   yes
  </sporty>
 </clothing>
 <clothing>
  <id>
   976717133
  </id>
  <name>
   Reebok Blouse K-8745
  </name>
  <category>
   Blouse
  </category>
  <size>
   L
  </size>
  <color>
   Желтый
  </color>
  <material>
   Хлопок
  </material>
  <price>
   114088
  </price>
  <rating>
   2.35
  </rating>
  <reviews>
   893107
  </reviews>
  <new>
   -
  </new>
  <exclusive>
   no
  </exclusive>
 </clothing>
 <clothing>
  <id>
   233384224
  </id>
  <name>
   PleinSport Hat D-3934
  </name>
  <category>
   Hat
  </category>
  <size>
   M
  </size>
  <color>
   Оранжевый
  </color>
  <material>
   Шелк
  </material>
  <price>
   283799
  </price>
  <rating>
   1.67
  </rating>
  <reviews>
   507456
  </reviews>
  <sporty>
   no
  </sporty>
 </clothing>
 <clothing>
  <id>
   848019425
  </id>
  <name>
   Adidas Jacket J-8917
  </name>
  <category>
   Jacket
  </category>
  <size>
   M
  </size>
  <color>
   Голубой
  </color>
  <material>
   Шелк
  </material>
  <price>
   749263
  </price>
  <rating>
   4.46
  </rating>
  <reviews>
   37951
  </reviews>
 </clothing>
</clothing-items>
