<?xml version="1.0" encoding="utf-8"?>
<clothing-items>
 <clothing>
  <id>
   734439733
  </id>
  <name>
   DC Umbrellas Z-1770
  </name>
  <category>
   Umbrellas
  </category>
  <size>
   XXL
  </size>
  <color>
   Желтый
  </color>
  <material>
   Вискоза
  </material>
  <price>
   806717
  </price>
  <rating>
   1.9
  </rating>
  <reviews>
   614150
  </reviews>
  <new>
   -
  </new>
  <exclusive>
   yes
  </exclusive>
  <sporty>
   no
  </sporty>
 </clothing>
 <clothing>
  <id>
   853123288
  </id>
  <name>
   Adidas Gloves L-6732
  </name>
  <category>
   Gloves
  </category>
  <size>
   S
  </size>
  <color>
   Синий
  </color>
  <material>
   Кожа
  </material>
  <price>
   728742
  </price>
  <rating>
   1.04
  </rating>
  <reviews>
   81165
  </reviews>
  <new>
   -
  </new>
  <exclusive>
   yes
  </exclusive>
 </clothing>
 <clothing>
  <id>
   169890002
  </id>
  <name>
   Addidas Belts W-3327
  </name>
  <category>
   Belts
  </category>
  <size>
   S
  </size>
  <color>
   Красный
  </color>
  <material>
   Шерсть
  </material>
  <price>
   832581
  </price>
  <rating>
   3.78
  </rating>
  <reviews>
   342353
  </reviews>
  <exclusive>
   yes
  </exclusive>
  <sporty>
   no
  </sporty>
 </clothing>
 <clothing>
  <id>
   209778231
  </id>
  <name>
   Puma Jeans H-2582
  </name>
  <category>
   Jeans
  </category>
  <size>
   XL
  </size>
  <color>
   Оранжевый
  </color>
  <material>
   Шерсть
  </material>
  <price>
   500995
  </price>
  <rating>
   1.56
  </rating>
  <reviews>
   894669
  </reviews>
  <new>
   +
  </new>
  <sporty>
   yes
  </sporty>
 </clothing>
 <clothing>
  <id>
   516362930
  </id>
  <name>
   PleinSport Sweater I-9401
  </name>
  <category>
   Sweater
  </category>
  <size>
   XL
  </size>
  <color>
   Фиолетовый
  </color>
  <material>
   Нейлон
  </material>
  <price>
   970095
  </price>
  <rating>
   1.08
  </rating>
  <reviews>
   560903
  </reviews>
  <exclusive>
   no
  </exclusive>
  <sporty>
   yes
  </sporty>
 </clothing>
 <clothing>
  <id>
   935505460
  </id>
  <name>
   Nike Blouse R-5742
  </name>
  <category>
   Blouse
  </category>
  <size>
   L
  </size>
  <color>
   Голубой
  </color>
  <material>
   Кожа
  </material>
  <price>
   695482
  </price>
  <rating>
   1.94
  </rating>
  <reviews>
   343167
  </reviews>
  <sporty>
   no
  </sporty>
 </clothing>
 <clothing>
  <id>
   842777583
  </id>
  <name>
   Asics Hat Z-2619
  </name>
  <category>
   Hat
  </category>
  <size>
   XL
  </size>
  <color>
   Красный
  </color>
  <material>
   Кожа
  </material>
  <price>
   755901
  </price>
  <rating>
   4.44
  </rating>
  <reviews>
   582003
  </reviews>
  <new>
   +
  </new>
 </clothing>
 <clothing>
  <id>
   425074746
  </id>
  <name>
   Adidas Blouse O-8076
  </name>
  <category>
   Blouse
  </category>
  <size>
   L
  </size>
  <color>
   Оранжевый
  </color>
  <material>
   Шелк
  </material>
  <price>
   635331
  </price>
  <rating>
   2.45
  </rating>
  <reviews>
   913686
  </reviews>
  <new>
   -
  </new>
  <exclusive>
   no
  </exclusive>
 </clothing>
 <clothing>
  <id>
   174094306
  </id>
  <name>
   New Balance Handbags M-9213
  </name>
  <category>
   Handbags
  </category>
  <size>
   L
  </size>
  <color>
   Синий
  </color>
  <material>
   Хлопок
  </material>
  <price>
   995301
  </price>
  <rating>
   2.1
  </rating>
  <reviews>
   906947
  </reviews>
  <exclusive>
   yes
  </exclusive>
  <sporty>
   yes
  </sporty>
 </clothing>
 <clothing>
  <id>
   113199283
  </id>
  <name>
   PleinSport Dress E-4284
  </name>
  <category>
   Dress
  </category>
  <size>
   XL
  </size>
  <color>
   Синий
  </color>
  <material>
   Кожа
  </material>
  <price>
   976085
  </price>
  <rating>
   3.5
  </rating>
  <reviews>
   668121
  </reviews>
  <exclusive>
   no
  </exclusive>
 </clothing>
 <clothing>
  <id>
   859353096
  </id>
  <name>
   Ellesse Socks F-8613
  </name>
  <category>
   Socks
  </category>
  <size>
   M
  </size>
  <color>
   Голубой
  </color>
  <material>
   Кожа
  </material>
  <price>
   765892
  </price>
  <rating>
   2.04
  </rating>
  <reviews>
   853044
  </reviews>
  <new>
   -
  </new>
  <exclusive>
   no
  </exclusive>
  <sporty>
   no
  </sporty>
 </clothing>
 <clothing>
  <id>
   394963750
  </id>
  <name>
   New Balance T-shirt N-8410
  </name>
  <category>
   T-shirt
  </category>
  <size>
   XL
  </size>
  <color>
   Желтый
  </color>
  <material>
   Лен
  </material>
  <price>
   236392
  </price>
  <rating>
   3.02
  </rating>
  <reviews>
   750013
  </reviews>
  <new>
   +
  </new>
  <exclusive>
   yes
  </exclusive>
 </clothing>
 <clothing>
  <id>
   628712102
  </id>
  <name>
   Lacoste Jeans Z-2203
  </name>
  <category>
   Jeans
  </category>
  <size>
   L
  </size>
  <color>
   Красный
  </color>
  <material>
   Нейлон
  </material>
  <price>
   493521
  </price>
  <rating>
   4.03
  </rating>
  <reviews>
   834657
  </reviews>
  <new>
   -
  </new>
  <exclusive>
   yes
  </exclusive>
 </clothing>
 <clothing>
  <id>
   626294163
  </id>
  <name>
   Under Armour Umbrellas B-7220
  </name>
  <category>
   Umbrellas
  </category>
  <size>
   M
  </size>
  <color>
   Красный
  </color>
  <material>
   Полиэстер
  </material>
  <price>
   159755
  </price>
  <rating>
   2.89
  </rating>
  <reviews>
   519379
  </reviews>
  <exclusive>
   no
  </exclusive>
  <sporty>
   no
  </sporty>
 </clothing>
 <clothing>
  <id>
   805972451
  </id>
  <name>
   Nike Blouse F-5005
  </name>
  <category>
   Blouse
  </category>
  <size>
   S
  </size>
  <color>
   Зеленый
  </color>
  <material>
   Вискоза
  </material>
  <price>
   704047
  </price>
  <rating>
   1.9
  </rating>
  <reviews>
   280896
  </reviews>
  <new>
   +
  </new>
  <exclusive>
   no
  </exclusive>
 </clothing>
 <clothing>
  <id>
   576471890
  </id>
  <name>
   Converse Gloves O-5425
  </name>
  <category>
   Gloves
  </category>
  <size>
   L
  </size>
  <color>
   Желтый
  </color>
  <material>
   Кожа
  </material>
  <price>
   985206
  </price>
  <rating>
   4.24
  </rating>
  <reviews>
   828363
  </reviews>
  <new>
   +
  </new>
  <exclusive>
   yes
  </exclusive>
  <sporty>
   yes
  </sporty>
 </clothing>
 <clothing>
  <id>
   182285744
  </id>
  <name>
   Reebok Skirt Z-9272
  </name>
  <category>
   Skirt
  </category>
  <size>
   XXL
  </size>
  <color>
   Зеленый
  </color>
  <material>
   Полиэстер
  </material>
  <price>
   238054
  </price>
  <rating>
   4.32
  </rating>
  <reviews>
   196964
  </reviews>
  <new>
   -
  </new>
  <exclusive>
   yes
  </exclusive>
 </clothing>
 <clothing>
  <id>
   618845621
  </id>
  <name>
   DC Hat S-2755
  </name>
  <category>
   Hat
  </category>
  <size>
   M
  </size>
  <color>
   Желтый
  </color>
  <material>
   Вискоза
  </material>
  <price>
   824700
  </price>
  <rating>
   2.56
  </rating>
  <reviews>
   709913
  </reviews>
  <new>
   -
  </new>
  <exclusive>
   no
  </exclusive>
 </clothing>
 <clothing>
  <id>
   964507070
  </id>
  <name>
   Reebok Sweater O-8236
  </name>
  <category>
   Sweater
  </category>
  <size>
   XL
  </size>
  <color>
   Голубой
  </color>
  <material>
   Хлопок
  </material>
  <price>
   433790
  </price>
  <rating>
   2.28
  </rating>
  <reviews>
   859248
  </reviews>
  <exclusive>
   no
  </exclusive>
 </clothing>
 <clothing>
  <id>
   869227169
  </id>
  <name>
   Nike Jeans J-4045
  </name>
  <category>
   Jeans
  </category>
  <size>
   L
  </size>
  <color>
   Оранжевый
  </color>
  <material>
   Шерсть
  </material>
  <price>
   837502
  </price>
  <rating>
   2.17
  </rating>
  <reviews>
   981672
  </reviews>
  <sporty>
   no
  </sporty>
 </clothing>
 <clothing>
  <id>
   912587650
  </id>
  <name>
   Nike Shoes K-7535
  </name>
  <category>
   Shoes
  </category>
  <size>
   XXL
  </size>
  <color>
   Оранжевый
  </color>
  <material>
   Полиэстер
  </material>
  <price>
   867201
  </price>
  <rating>
   2.46
  </rating>
  <reviews>
   586192
  </reviews>
  <new>
   -
  </new>
  <sporty>
   yes
  </sporty>
 </clothing>
 <clothing>
  <id>
   770344012
  </id>
  <name>
   New Balance Dress N-7050
  </name>
  <category>
   Dress
  </category>
  <size>
   XL
  </size>
  <color>
   Голубой
  </color>
  <material>
   Вискоза
  </material>
  <price>
   386607
  </price>
  <rating>
   2.8
  </rating>
  <reviews>
   417081
  </reviews>
  <sporty>
   yes
  </sporty>
 </clothing>
 <clothing>
  <id>
   195495075
  </id>
  <name>
   PleinSport Jacket X-4741
  </name>
  <category>
   Jacket
  </category>
  <size>
   S
  </size>
  <color>
   Красный
  </color>
  <material>
   Лен
  </material>
  <price>
   544636
  </price>
  <rating>
   4.62
  </rating>
  <reviews>
   653610
  </reviews>
  <new>
   +
  </new>
  <exclusive>
   no
  </exclusive>
  <sporty>
   no
  </sporty>
 </clothing>
 <clothing>
  <id>
   997570573
  </id>
  <name>
   Ellesse Handbags H-1424
  </name>
  <category>
   Handbags
  </category>
  <size>
   M
  </size>
  <color>
   Синий
  </color>
  <material>
   Лен
  </material>
  <price>
   171138
  </price>
  <rating>
   4.14
  </rating>
  <reviews>
   981594
  </reviews>
  <exclusive>
   no
  </exclusive>
  <sporty>
   no
  </sporty>
 </clothing>
 <clothing>
  <id>
   509250541
  </id>
  <name>
   Ellesse Blouse V-9530
  </name>
  <category>
   Blouse
  </category>
  <size>
   L
  </size>
  <color>
   Зеленый
  </color>
  <material>
   Вискоза
  </material>
  <price>
   112088
  </price>
  <rating>
   2.88
  </rating>
  <reviews>
   403308
  </reviews>
  <new>
   +
  </new>
 </clothing>
 <clothing>
  <id>
   714178014
  </id>
  <name>
   Vans Sweater I-7566
  </name>
  <category>
   Sweater
  </category>
  <size>
   S
  </size>
  <color>
   Желтый
  </color>
  <material>
   Вискоза
  </material>
  <price>
   301454
  </price>
  <rating>
   4.2
  </rating>
  <reviews>
   514177
  </reviews>
  <new>
   -
  </new>
  <exclusive>
   yes
  </exclusive>
  <sporty>
   no
  </sporty>
 </clothing>
 <clothing>
  <id>
   583287387
  </id>
  <name>
   Lacoste Belts X-1519
  </name>
  <category>
   Belts
  </category>
  <size>
   S
  </size>
  <color>
   Голубой
  </color>
  <material>
   Вискоза
  </material>
  <price>
   605115
  </price>
  <rating>
   1.35
  </rating>
  <reviews>
   593663
  </reviews>
  <exclusive>
   no
  </exclusive>
  <sporty>
   yes
  </sporty>
 </clothing>
 <clothing>
  <id>
   238842892
  </id>
  <name>
   Ellesse Sweater U-2849
  </name>
  <category>
   Sweater
  </category>
  <size>
   XXL
  </size>
  <color>
   Фиолетовый
  </color>
  <material>
   Нейлон
  </material>
  <price>
   378051
  </price>
  <rating>
   4.94
  </rating>
  <reviews>
   896968
  </reviews>
  <new>
   -
  </new>
  <exclusive>
   yes
  </exclusive>
 </clothing>
 <clothing>
  <id>
   220016943
  </id>
  <name>
   Addidas T-shirt M-4582
  </name>
  <category>
   T-shirt
  </category>
  <size>
   XL
  </size>
  <color>
   Зеленый
  </color>
  <material>
   Лен
  </material>
  <price>
   842017
  </price>
  <rating>
   2.52
  </rating>
  <reviews>
   186469
  </reviews>
  <exclusive>
   no
  </exclusive>
 </clothing>
 <clothing>
  <id>
   553581362
  </id>
  <name>
   Reebok Umbrellas Q-3750
  </name>
  <category>
   Umbrellas
  </category>
  <size>
   S
  </size>
  <color>
   Оранжевый
  </color>
  <material>
   Лен
  </material>
  <price>
   272930
  </price>
  <rating>
   1.97
  </rating>
  <reviews>
   446686
  </reviews>
  <new>
   -
  </new>
  <exclusive>
   yes
  </exclusive>
  <sporty>
   yes
  </sporty>
 </clothing>
 <clothing>
  <id>
   939310841
  </id>
  <name>
   Puma Shoes Q-3714
  </name>
  <category>
   Shoes
  </category>
  <size>
   L
  </size>
  <color>
   Голубой
  </color>
  <material>
   Нейлон
  </material>
  <price>
   500400
  </price>
  <rating>
   1.14
  </rating>
  <reviews>
   769469
  </reviews>
  <new>
   -
  </new>
  <exclusive>
   no
  </exclusive>
  <sporty>
   no
  </sporty>
 </clothing>
 <clothing>
  <id>
   302500640
  </id>
  <name>
   PleinSport Umbrellas E-6907
  </name>
  <category>
   Umbrellas
  </category>
  <size>
   XXL
  </size>
  <color>
   Фиолетовый
  </color>
  <material>
   Хлопок
  </material>
  <price>
   817825
  </price>
  <rating>
   4.78
  </rating>
  <reviews>
   995437
  </reviews>
  <exclusive>
   no
  </exclusive>
  <sporty>
   no
  </sporty>
 </clothing>
 <clothing>
  <id>
   166014844
  </id>
  <name>
   PleinSport Handbags A-6059
  </name>
  <category>
   Handbags
  </category>
  <size>
   L
  </size>
  <color>
   Зеленый
  </color>
  <material>
   Лен
  </material>
  <price>
   307620
  </price>
  <rating>
   4.67
  </rating>
  <reviews>
   616095
  </reviews>
  <new>
   +
  </new>
  <sporty>
   yes
  </sporty>
 </clothing>
 <clothing>
  <id>
   612946103
  </id>
  <name>
   Under Armour Gloves R-7547
  </name>
  <category>
   Gloves
  </category>
  <size>
   XL
  </size>
  <color>
   Синий
  </color>
  <material>
   Кожа
  </material>
  <price>
   685546
  </price>
  <rating>
   3.44
  </rating>
  <reviews>
   367212
  </reviews>
  <new>
   +
  </new>
 </clothing>
 <clothing>
  <id>
   266455780
  </id>
  <name>
   Puma Jacket X-1770
  </name>
  <category>
   Jacket
  </category>
  <size>
   M
  </size>
  <color>
   Зеленый
  </color>
  <material>
   Вискоза
  </material>
  <price>
   733781
  </price>
  <rating>
   3.54
  </rating>
  <reviews>
   523338
  </reviews>
  <new>
   +
  </new>
  <sporty>
   yes
  </sporty>
 </clothing>
 <clothing>
  <id>
   926043834
  </id>
  <name>
   Addidas Pants A-5826
  </name>
  <category>
   Pants
  </category>
  <size>
   XXL
  </size>
  <color>
   Голубой
  </color>
  <material>
   Кожа
  </material>
  <price>
   277075
  </price>
  <rating>
   2.61
  </rating>
  <reviews>
   682955
  </reviews>
  <sporty>
   yes
  </sporty>
 </clothing>
 <clothing>
  <id>
   720853466
  </id>
  <name>
   Lacoste Socks J-8535
  </name>
  <category>
   Socks
  </category>
  <size>
   XL
  </size>
  <color>
   Красный
  </color>
  <material>
   Вискоза
  </material>
  <price>
   256446
  </price>
  <rating>
   3.57
  </rating>
  <reviews>
   217107
  </reviews>
  <exclusive>
   yes
  </exclusive>
  <sporty>
   yes
  </sporty>
 </clothing>
 <clothing>
  <id>
   396165034
  </id>
  <name>
   Adidas Umbrellas E-8816
  </name>
  <category>
   Umbrellas
  </category>
  <size>
   M
  </size>
  <color>
   Голубой
  </color>
  <material>
   Вискоза
  </material>
  <price>
   206908
  </price>
  <rating>
   3.05
  </rating>
  <reviews>
   995327
  </reviews>
  <new>
   -
  </new>
  <sporty>
   yes
  </sporty>
 </clothing>
 <clothing>
  <id>
   640170389
  </id>
  <name>
   New Balance Skirt Q-3048
  </name>
  <category>
   Skirt
  </category>
  <size>
   L
  </size>
  <color>
   Голубой
  </color>
  <material>
   Вискоза
  </material>
  <price>
   158942
  </price>
  <rating>
   1.96
  </rating>
  <reviews>
   829057
  </reviews>
  <new>
   -
  </new>
  <exclusive>
   yes
  </exclusive>
  <sporty>
   no
  </sporty>
 </clothing>
 <clothing>
  <id>
   424341158
  </id>
  <name>
   DC Shirt M-5981
  </name>
  <category>
   Shirt
  </category>
  <size>
   XXL
  </size>
  <color>
   Голубой
  </color>
  <material>
   Кожа
  </material>
  <price>
   874276
  </price>
  <rating>
   1.47
  </rating>
  <reviews>
   480852
  </reviews>
  <sporty>
   yes
  </sporty>
 </clothing>
 <clothing>
  <id>
   817924736
  </id>
  <name>
   Vans Skirt G-9595
  </name>
  <category>
   Skirt
  </category>
  <size>
   XL
  </size>
  <color>
   Синий
  </color>
  <material>
   Шелк
  </material>
  <price>
   848215
  </price>
  <rating>
   4.04
  </rating>
  <reviews>
   286662
  </reviews>
  <new>
   -
  </new>
  <sporty>
   yes
  </sporty>
 </clothing>
 <clothing>
  <id>
   588910185
  </id>
  <name>
   Puma Socks S-5392
  </name>
  <category>
   Socks
  </category>
  <size>
   S
  </size>
  <color>
   Красный
  </color>
  <material>
   Нейлон
  </material>
  <price>
   802156
  </price>
  <rating>
   3.44
  </rating>
  <reviews>
   754898
  </reviews>
  <new>
   -
  </new>
  <exclusive>
   no
  </exclusive>
  <sporty>
   no
  </sporty>
 </clothing>
 <clothing>
  <id>
   623249839
  </id>
  <name>
   Lacoste Sweater B-1478
  </name>
  <category>
   Sweater
  </category>
  <size>
   M
  </size>
  <color>
   Фиолетовый
  </color>
  <material>
   Шелк
  </material>
  <price>
   170262
  </price>
  <rating>
   4.03
  </rating>
  <reviews>
   795579
  </reviews>
  <new>
   -
  </new>
  <sporty>
   no
  </sporty>
 </clothing>
 <clothing>
  <id>
   345205210
  </id>
  <name>
   Vans Dress A-9913
  </name>
  <category>
   Dress
  </category>
  <size>
   XL
  </size>
  <color>
   Желтый
  </color>
  <material>
   Нейлон
  </material>
  <price>
   100639
  </price>
  <rating>
   1.04
  </rating>
  <reviews>
   693106
  </reviews>
  <new>
   -
  </new>
  <exclusive>
   no
  </exclusive>
  <sporty>
   no
  </sporty>
 </clothing>
 <clothing>
  <id>
   465087394
  </id>
  <name>
   Lacoste Jeans X-6805
  </name>
  <category>
   Jeans
  </category>
  <size>
   M
  </size>
  <color>
   Голубой
  </color>
  <material>
   Шелк
  </material>
  <price>
   403136
  </price>
  <rating>
   1.68
  </rating>
  <reviews>
   496334
  </reviews>
  <exclusive>
   yes
  </exclusive>
  <sporty>
   no
  </sporty>
 </clothing>
 <clothing>
  <id>
   153593573
  </id>
  <name>
   Asics Umbrellas J-4324
  </name>
  <category>
   Umbrellas
  </category>
  <size>
   M
  </size>
  <color>
   Желтый
  </color>
  <material>
   Полиэстер
  </material>
  <price>
   942874
  </price>
  <rating>
   1.2
  </rating>
  <reviews>
   443680
  </reviews>
  <new>
   -
  </new>
  <sporty>
   no
  </sporty>
 </clothing>
 <clothing>
  <id>
   931685434
  </id>
  <name>
   Adidas Handbags F-1822
  </name>
  <category>
   Handbags
  </category>
  <size>
   L
  </size>
  <color>
   Желтый
  </color>
  <material>
   Вискоза
  </material>
  <price>
   996623
  </price>
  <rating>
   4.93
  </rating>
  <reviews>
   184937
  </reviews>
  <sporty>
   no
  </sporty>
 </clothing>
 <clothing>
  <id>
   242288328
  </id>
  <name>
   Puma Dress D-6296
  </name>
  <category>
   Dress
  </category>
  <size>
   L
  </size>
  <color>
   Оранжевый
  </color>
  <material>
   Полиэстер
  </material>
  <price>
   419622
  </price>
  <rating>
   2.36
  </rating>
  <reviews>
   446451
  </reviews>
  <exclusive>
   no
  </exclusive>
  <sporty>
   yes
  </sporty>
 </clothing>
</clothing-items>
