<?xml version="1.0" encoding="utf-8"?>
<clothing-items>
 <clothing>
  <id>
   632753791
  </id>
  <name>
   Nike Belts J-1347
  </name>
  <category>
   Belts
  </category>
  <size>
   XXL
  </size>
  <color>
   Фиолетовый
  </color>
  <material>
   Лен
  </material>
  <price>
   282731
  </price>
  <rating>
   4.92
  </rating>
  <reviews>
   108733
  </reviews>
  <new>
   +
  </new>
  <exclusive>
   no
  </exclusive>
 </clothing>
 <clothing>
  <id>
   222070545
  </id>
  <name>
   Reebok Umbrellas T-3417
  </name>
  <category>
   Umbrellas
  </category>
  <size>
   XXL
  </size>
  <color>
   Зеленый
  </color>
  <material>
   Хлопок
  </material>
  <price>
   965779
  </price>
  <rating>
   1.31
  </rating>
  <reviews>
   110329
  </reviews>
  <sporty>
   no
  </sporty>
 </clothing>
 <clothing>
  <id>
   787697343
  </id>
  <name>
   Addidas Gloves J-2986
  </name>
  <category>
   Gloves
  </category>
  <size>
   XXL
  </size>
  <color>
   Фиолетовый
  </color>
  <material>
   Хлопок
  </material>
  <price>
   262314
  </price>
  <rating>
   4.09
  </rating>
  <reviews>
   261558
  </reviews>
  <new>
   -
  </new>
  <sporty>
   yes
  </sporty>
 </clothing>
 <clothing>
  <id>
   737503322
  </id>
  <name>
   Vans T-shirt W-6463
  </name>
  <category>
   T-shirt
  </category>
  <size>
   M
  </size>
  <color>
   Фиолетовый
  </color>
  <material>
   Полиэстер
  </material>
  <price>
   799997
  </price>
  <rating>
   4.56
  </rating>
  <reviews>
   783774
  </reviews>
  <new>
   -
  </new>
  <exclusive>
   no
  </exclusive>
  <sporty>
   yes
  </sporty>
 </clothing>
 <clothing>
  <id>
   163164027
  </id>
  <name>
   Addidas Jeans O-1888
  </name>
  <category>
   Jeans
  </category>
  <size>
   S
  </size>
  <color>
   Красный
  </color>
  <material>
   Шерсть
  </material>
  <price>
   502716
  </price>
  <rating>
   1.16
  </rating>
  <reviews>
   618252
  </reviews>
  <new>
   -
  </new>
  <exclusive>
   yes
  </exclusive>
  <sporty>
   no
  </sporty>
 </clothing>
 <clothing>
  <id>
   526470290
  </id>
  <name>
   Reebok Shirt C-6338
  </name>
  <category>
   Shirt
  </category>
  <size>
   XXL
  </size>
  <color>
   Фиолетовый
  </color>
  <material>
   Шелк
  </material>
  <price>
   604935
  </price>
  <rating>
   3.48
  </rating>
  <reviews>
   689968
  </reviews>
  <new>
   -
  </new>
 </clothing>
 <clothing>
  <id>
   186523617
  </id>
  <name>
   Converse Hat L-9990
  </name>
  <category>
   Hat
  </category>
  <size>
   XL
  </size>
  <color>
   Желтый
  </color>
  <material>
   Полиэстер
  </material>
  <price>
   349288
  </price>
  <rating>
   3.87
  </rating>
  <reviews>
   75009
  </reviews>
  <sporty>
   yes
  </sporty>
 </clothing>
 <clothing>
  <id>
   894785872
  </id>
  <name>
   Puma Jeans O-1441
  </name>
  <category>
   Jeans
  </category>
  <size>
   L
  </size>
  <color>
   Красный
  </color>
  <material>
   Хлопок
  </material>
  <price>
   251859
  </price>
  <rating>
   2.63
  </rating>
  <reviews>
   344364
  </reviews>
  <new>
   -
  </new>
  <sporty>
   yes
  </sporty>
 </clothing>
 <clothing>
  <id>
   819252650
  </id>
  <name>
   Under Armour Jacket J-4217
  </name>
  <category>
   Jacket
  </category>
  <size>
   L
  </size>
  <color>
   Голубой
  </color>
  <material>
   Вискоза
  </material>
  <price>
   921567
  </price>
  <rating>
   2.46
  </rating>
  <reviews>
   81867
  </reviews>
  <new>
   +
  </new>
  <exclusive>
   no
  </exclusive>
 </clothing>
 <clothing>
  <id>
   887676439
  </id>
  <name>
   Addidas Handbags B-7318
  </name>
  <category>
   Handbags
  </category>
  <size>
   S
  </size>
  <color>
   Фиолетовый
  </color>
  <material>
   Нейлон
  </material>
  <price>
   765962
  </price>
  <rating>
   2.35
  </rating>
  <reviews>
   526331
  </reviews>
  <new>
   +
  </new>
  <exclusive>
   no
  </exclusive>
  <sporty>
   no
  </sporty>
 </clothing>
 <clothing>
  <id>
   171977364
  </id>
  <name>
   DC Skirt A-3598
  </name>
  <category>
   Skirt
  </category>
  <size>
   M
  </size>
  <color>
   Фиолетовый
  </color>
  <material>
   Нейлон
  </material>
  <price>
   931417
  </price>
  <rating>
   2.57
  </rating>
  <reviews>
   400987
  </reviews>
  <sporty>
   no
  </sporty>
 </clothing>
 <clothing>
  <id>
   323403468
  </id>
  <name>
   Brooks Shirt O-7763
  </name>
  <category>
   Shirt
  </category>
  <size>
   M
  </size>
  <color>
   Синий
  </color>
  <material>
   Лен
  </material>
  <price>
   886368
  </price>
  <rating>
   1.92
  </rating>
  <reviews>
   48653
  </reviews>
  <exclusive>
   yes
  </exclusive>
 </clothing>
 <clothing>
  <id>
   417990931
  </id>
  <name>
   Ellesse Shirt V-7686
  </name>
  <category>
   Shirt
  </category>
  <size>
   XL
  </size>
  <color>
   Оранжевый
  </color>
  <material>
   Шерсть
  </material>
  <price>
   654235
  </price>
  <rating>
   1.85
  </rating>
  <reviews>
   854748
  </reviews>
  <new>
   +
  </new>
 </clothing>
 <clothing>
  <id>
   848857457
  </id>
  <name>
   Adidas Socks B-7350
  </name>
  <category>
   Socks
  </category>
  <size>
   XL
  </size>
  <color>
   Красный
  </color>
  <material>
   Хлопок
  </material>
  <price>
   590467
  </price>
  <rating>
   3.43
  </rating>
  <reviews>
   658266
  </reviews>
  <new>
   -
  </new>
  <exclusive>
   no
  </exclusive>
 </clothing>
 <clothing>
  <id>
   369981819
  </id>
  <name>
   Asics Pants Z-6832
  </name>
  <category>
   Pants
  </category>
  <size>
   M
  </size>
  <color>
   Оранжевый
  </color>
  <material>
   Нейлон
  </material>
  <price>
   640066
  </price>
  <rating>
   3.65
  </rating>
  <reviews>
   601522
  </reviews>
  <exclusive>
   no
  </exclusive>
  <sporty>
   yes
  </sporty>
 </clothing>
 <clothing>
  <id>
   115913005
  </id>
  <name>
   Nike Shirt G-3389
  </name>
  <category>
   Shirt
  </category>
  <size>
   XL
  </size>
  <color>
   Голубой
  </color>
  <material>
   Кожа
  </material>
  <price>
   298531
  </price>
  <rating>
   2.16
  </rating>
  <reviews>
   516136
  </reviews>
  <exclusive>
   yes
  </exclusive>
 </clothing>
 <clothing>
  <id>
   684196565
  </id>
  <name>
   Asics Pants M-7478
  </name>
  <category>
   Pants
  </category>
  <size>
   XXL
  </size>
  <color>
   Фиолетовый
  </color>
  <material>
   Хлопок
  </material>
  <price>
   316306
  </price>
  <rating>
   4.1
  </rating>
  <reviews>
   467472
  </reviews>
  <new>
   +
  </new>
  <exclusive>
   no
  </exclusive>
  <sporty>
   no
  </sporty>
 </clothing>
 <clothing>
  <id>
   576615413
  </id>
  <name>
   Vans Jacket N-7235
  </name>
  <category>
   Jacket
  </category>
  <size>
   XL
  </size>
  <color>
   Голубой
  </color>
  <material>
   Полиэстер
  </material>
  <price>
   529535
  </price>
  <rating>
   2.91
  </rating>
  <reviews>
   491053
  </reviews>
  <sporty>
   no
  </sporty>
 </clothing>
 <clothing>
  <id>
   628421557
  </id>
  <name>
   New Balance Dress R-7172
  </name>
  <category>
   Dress
  </category>
  <size>
   S
  </size>
  <color>
   Зеленый
  </color>
  <material>
   Кожа
  </material>
  <price>
   895357
  </price>
  <rating>
   2.78
  </rating>
  <reviews>
   744709
  </reviews>
  <new>
   -
  </new>
  <exclusive>
   no
  </exclusive>
 </clothing>
 <clothing>
  <id>
   391154114
  </id>
  <name>
   Brooks Shoes N-4273
  </name>
  <category>
   Shoes
  </category>
  <size>
   M
  </size>
  <color>
   Красный
  </color>
  <material>
   Полиэстер
  </material>
  <price>
   457885
  </price>
  <rating>
   3.84
  </rating>
  <reviews>
   439468
  </reviews>
  <new>
   -
  </new>
  <sporty>
   yes
  </sporty>
 </clothing>
 <clothing>
  <id>
   610331216
  </id>
  <name>
   Addidas T-shirt A-4742
  </name>
  <category>
   T-shirt
  </category>
  <size>
   XL
  </size>
  <color>
   Зеленый
  </color>
  <material>
   Лен
  </material>
  <price>
   754629
  </price>
  <rating>
   1.65
  </rating>
  <reviews>
   403485
  </reviews>
  <exclusive>
   no
  </exclusive>
  <sporty>
   yes
  </sporty>
 </clothing>
 <clothing>
  <id>
   594014479
  </id>
  <name>
   Addidas Jacket T-7705
  </name>
  <category>
   Jacket
  </category>
  <size>
   L
  </size>
  <color>
   Желтый
  </color>
  <material>
   Вискоза
  </material>
  <price>
   758808
  </price>
  <rating>
   3.81
  </rating>
  <reviews>
   652975
  </reviews>
  <exclusive>
   yes
  </exclusive>
  <sporty>
   yes
  </sporty>
 </clothing>
 <clothing>
  <id>
   490310926
  </id>
  <name>
   Nike Shoes G-8432
  </name>
  <category>
   Shoes
  </category>
  <size>
   XL
  </size>
  <color>
   Желтый
  </color>
  <material>
   Полиэстер
  </material>
  <price>
   577115
  </price>
  <rating>
   3.7
  </rating>
  <reviews>
   702823
  </reviews>
  <exclusive>
   no
  </exclusive>
  <sporty>
   no
  </sporty>
 </clothing>
 <clothing>
  <id>
   286326214
  </id>
  <name>
   Converse Dress Z-2819
  </name>
  <category>
   Dress
  </category>
  <size>
   XXL
  </size>
  <color>
   Зеленый
  </color>
  <material>
   Лен
  </material>
  <price>
   986711
  </price>
  <rating>
   1.63
  </rating>
  <reviews>
   437889
  </reviews>
  <new>
   +
  </new>
  <exclusive>
   no
  </exclusive>
 </clothing>
 <clothing>
  <id>
   402606051
  </id>
  <name>
   Addidas T-shirt D-3815
  </name>
  <category>
   T-shirt
  </category>
  <size>
   L
  </size>
  <color>
   Оранжевый
  </color>
  <material>
   Полиэстер
  </material>
  <price>
   354444
  </price>
  <rating>
   2.91
  </rating>
  <reviews>
   999902
  </reviews>
  <exclusive>
   yes
  </exclusive>
 </clothing>
 <clothing>
  <id>
   645880405
  </id>
  <name>
   Converse Pants X-7353
  </name>
  <category>
   Pants
  </category>
  <size>
   S
  </size>
  <color>
   Голубой
  </color>
  <material>
   Вискоза
  </material>
  <price>
   739758
  </price>
  <rating>
   2.16
  </rating>
  <reviews>
   993879
  </reviews>
  <new>
   -
  </new>
  <exclusive>
   no
  </exclusive>
 </clothing>
 <clothing>
  <id>
   837777037
  </id>
  <name>
   Fila Belts O-1501
  </name>
  <category>
   Belts
  </category>
  <size>
   L
  </size>
  <color>
   Синий
  </color>
  <material>
   Полиэстер
  </material>
  <price>
   427778
  </price>
  <rating>
   1.2
  </rating>
  <reviews>
   384212
  </reviews>
  <new>
   +
  </new>
  <exclusive>
   yes
  </exclusive>
  <sporty>
   no
  </sporty>
 </clothing>
 <clothing>
  <id>
   110102808
  </id>
  <name>
   Nike Blouse K-6166
  </name>
  <category>
   Blouse
  </category>
  <size>
   XL
  </size>
  <color>
   Желтый
  </color>
  <material>
   Лен
  </material>
  <price>
   594133
  </price>
  <rating>
   4.68
  </rating>
  <reviews>
   317655
  </reviews>
  <new>
   -
  </new>
  <exclusive>
   no
  </exclusive>
  <sporty>
   yes
  </sporty>
 </clothing>
 <clothing>
  <id>
   586810656
  </id>
  <name>
   DC Handbags O-7484
  </name>
  <category>
   Handbags
  </category>
  <size>
   XL
  </size>
  <color>
   Оранжевый
  </color>
  <material>
   Кожа
  </material>
  <price>
   142745
  </price>
  <rating>
   3.21
  </rating>
  <reviews>
   764040
  </reviews>
  <new>
   -
  </new>
 </clothing>
</clothing-items>
