<?xml version="1.0" encoding="utf-8"?>
<clothing-items>
 <clothing>
  <id>
   707200874
  </id>
  <name>
   Under Armour Jeans T-5403
  </name>
  <category>
   Jeans
  </category>
  <size>
   S
  </size>
  <color>
   Оранжевый
  </color>
  <material>
   Шелк
  </material>
  <price>
   494266
  </price>
  <rating>
   3.66
  </rating>
  <reviews>
   907693
  </reviews>
  <exclusive>
   yes
  </exclusive>
  <sporty>
   no
  </sporty>
 </clothing>
 <clothing>
  <id>
   561993353
  </id>
  <name>
   Fila Skirt I-3515
  </name>
  <category>
   Skirt
  </category>
  <size>
   XXL
  </size>
  <color>
   Синий
  </color>
  <material>
   Кожа
  </material>
  <price>
   580302
  </price>
  <rating>
   1.51
  </rating>
  <reviews>
   329817
  </reviews>
  <exclusive>
   no
  </exclusive>
 </clothing>
 <clothing>
  <id>
   505065571
  </id>
  <name>
   Adidas Sweater A-5613
  </name>
  <category>
   Sweater
  </category>
  <size>
   XL
  </size>
  <color>
   Оранжевый
  </color>
  <material>
   Нейлон
  </material>
  <price>
   807012
  </price>
  <rating>
   4.46
  </rating>
  <reviews>
   937982
  </reviews>
  <exclusive>
   no
  </exclusive>
  <sporty>
   no
  </sporty>
 </clothing>
 <clothing>
  <id>
   414066965
  </id>
  <name>
   Reebok Sweater X-8925
  </name>
  <category>
   Sweater
  </category>
  <size>
   S
  </size>
  <color>
   Голубой
  </color>
  <material>
   Шелк
  </material>
  <price>
   604837
  </price>
  <rating>
   1.57
  </rating>
  <reviews>
   676774
  </reviews>
  <exclusive>
   no
  </exclusive>
  <sporty>
   no
  </sporty>
 </clothing>
 <clothing>
  <id>
   907117267
  </id>
  <name>
   Puma Dress W-9371
  </name>
  <category>
   Dress
  </category>
  <size>
   XXL
  </size>
  <color>
   Оранжевый
  </color>
  <material>
   Полиэстер
  </material>
  <price>
   573728
  </price>
  <rating>
   2.54
  </rating>
  <reviews>
   691045
  </reviews>
  <exclusive>
   yes
  </exclusive>
 </clothing>
 <clothing>
  <id>
   565688393
  </id>
  <name>
   DC Blouse X-7428
  </name>
  <category>
   Blouse
  </category>
  <size>
   XXL
  </size>
  <color>
   Желтый
  </color>
  <material>
   Лен
  </material>
  <price>
   586618
  </price>
  <rating>
   4.79
  </rating>
  <reviews>
   624680
  </reviews>
  <sporty>
   no
  </sporty>
 </clothing>
 <clothing>
  <id>
   151079990
  </id>
  <name>
   DC Dress T-1830
  </name>
  <category>
   Dress
  </category>
  <size>
   XL
  </size>
  <color>
   Зеленый
  </color>
  <material>
   Лен
  </material>
  <price>
   760413
  </price>
  <rating>
   1.57
  </rating>
  <reviews>
   707458
  </reviews>
  <exclusive>
   no
  </exclusive>
 </clothing>
 <clothing>
  <id>
   220096234
  </id>
  <name>
   Nike Pants Q-5244
  </name>
  <category>
   Pants
  </category>
  <size>
   M
  </size>
  <color>
   Фиолетовый
  </color>
  <material>
   Вискоза
  </material>
  <price>
   637381
  </price>
  <rating>
   1.49
  </rating>
  <reviews>
   559454
  </reviews>
  <new>
   -
  </new>
  <exclusive>
   yes
  </exclusive>
  <sporty>
   no
  </sporty>
 </clothing>
 <clothing>
  <id>
   117436447
  </id>
  <name>
   Nike Hat S-1381
  </name>
  <category>
   Hat
  </category>
  <size>
   L
  </size>
  <color>
   Оранжевый
  </color>
  <material>
   Шерсть
  </material>
  <price>
   891996
  </price>
  <rating>
   2.43
  </rating>
  <reviews>
   272836
  </reviews>
  <new>
   -
  </new>
  <sporty>
   no
  </sporty>
 </clothing>
 <clothing>
  <id>
   856431542
  </id>
  <name>
   Adidas T-shirt A-7541
  </name>
  <category>
   T-shirt
  </category>
  <size>
   L
  </size>
  <color>
   Синий
  </color>
  <material>
   Нейлон
  </material>
  <price>
   790717
  </price>
  <rating>
   1.13
  </rating>
  <reviews>
   50579
  </reviews>
  <new>
   -
  </new>
  <sporty>
   no
  </sporty>
 </clothing>
 <clothing>
  <id>
   530135762
  </id>
  <name>
   Vans Gloves N-9051
  </name>
  <category>
   Gloves
  </category>
  <size>
   M
  </size>
  <color>
   Фиолетовый
  </color>
  <material>
   Шелк
  </material>
  <price>
   959476
  </price>
  <rating>
   3.08
  </rating>
  <reviews>
   391228
  </reviews>
  <new>
   +
  </new>
  <exclusive>
   no
  </exclusive>
 </clothing>
 <clothing>
  <id>
   874237076
  </id>
  <name>
   DC Dress M-5957
  </name>
  <category>
   Dress
  </category>
  <size>
   XL
  </size>
  <color>
   Зеленый
  </color>
  <material>
   Лен
  </material>
  <price>
   371755
  </price>
  <rating>
   3.07
  </rating>
  <reviews>
   669781
  </reviews>
  <new>
   -
  </new>
  <exclusive>
   no
  </exclusive>
 </clothing>
 <clothing>
  <id>
   414921332
  </id>
  <name>
   Ellesse Shoes G-9861
  </name>
  <category>
   Shoes
  </category>
  <size>
   M
  </size>
  <color>
   Синий
  </color>
  <material>
   Полиэстер
  </material>
  <price>
   904266
  </price>
  <rating>
   3.79
  </rating>
  <reviews>
   537453
  </reviews>
  <exclusive>
   no
  </exclusive>
  <sporty>
   yes
  </sporty>
 </clothing>
 <clothing>
  <id>
   446783197
  </id>
  <name>
   PleinSport Jeans Q-9379
  </name>
  <category>
   Jeans
  </category>
  <size>
   L
  </size>
  <color>
   Оранжевый
  </color>
  <material>
   Нейлон
  </material>
  <price>
   110966
  </price>
  <rating>
   1.88
  </rating>
  <reviews>
   532437
  </reviews>
  <exclusive>
   no
  </exclusive>
  <sporty>
   yes
  </sporty>
 </clothing>
 <clothing>
  <id>
   928885135
  </id>
  <name>
   Puma T-shirt I-3489
  </name>
  <category>
   T-shirt
  </category>
  <size>
   XXL
  </size>
  <color>
   Голубой
  </color>
  <material>
   Шелк
  </material>
  <price>
   420008
  </price>
  <rating>
   2.05
  </rating>
  <reviews>
   246990
  </reviews>
  <exclusive>
   no
  </exclusive>
  <sporty>
   no
  </sporty>
 </clothing>
 <clothing>
  <id>
   622081593
  </id>
  <name>
   Under Armour Socks M-1150
  </name>
  <category>
   Socks
  </category>
  <size>
   XXL
  </size>
  <color>
   Фиолетовый
  </color>
  <material>
   Кожа
  </material>
  <price>
   192077
  </price>
  <rating>
   1.35
  </rating>
  <reviews>
   128917
  </reviews>
  <exclusive>
   yes
  </exclusive>
  <sporty>
   no
  </sporty>
 </clothing>
 <clothing>
  <id>
   658629843
  </id>
  <name>
   Puma Shirt F-1464
  </name>
  <category>
   Shirt
  </category>
  <size>
   S
  </size>
  <color>
   Зеленый
  </color>
  <material>
   Лен
  </material>
  <price>
   523949
  </price>
  <rating>
   4.25
  </rating>
  <reviews>
   231496
  </reviews>
  <new>
   -
  </new>
  <sporty>
   no
  </sporty>
 </clothing>
 <clothing>
  <id>
   827026041
  </id>
  <name>
   PleinSport Pants M-4123
  </name>
  <category>
   Pants
  </category>
  <size>
   S
  </size>
  <color>
   Голубой
  </color>
  <material>
   Вискоза
  </material>
  <price>
   156010
  </price>
  <rating>
   2.63
  </rating>
  <reviews>
   77446
  </reviews>
  <new>
   -
  </new>
  <sporty>
   no
  </sporty>
 </clothing>
 <clothing>
  <id>
   524893843
  </id>
  <name>
   Lacoste Jacket C-7814
  </name>
  <category>
   Jacket
  </category>
  <size>
   S
  </size>
  <color>
   Оранжевый
  </color>
  <material>
   Вискоза
  </material>
  <price>
   159468
  </price>
  <rating>
   2.86
  </rating>
  <reviews>
   668305
  </reviews>
 </clothing>
 <clothing>
  <id>
   833936084
  </id>
  <name>
   Adidas Skirt H-5064
  </name>
  <category>
   Skirt
  </category>
  <size>
   XXL
  </size>
  <color>
   Синий
  </color>
  <material>
   Хлопок
  </material>
  <price>
   429184
  </price>
  <rating>
   3.08
  </rating>
  <reviews>
   441154
  </reviews>
  <new>
   -
  </new>
  <exclusive>
   yes
  </exclusive>
 </clothing>
 <clothing>
  <id>
   410641372
  </id>
  <name>
   Reebok Jeans O-2436
  </name>
  <category>
   Jeans
  </category>
  <size>
   XXL
  </size>
  <color>
   Синий
  </color>
  <material>
   Лен
  </material>
  <price>
   246793
  </price>
  <rating>
   4.96
  </rating>
  <reviews>
   540003
  </reviews>
  <new>
   +
  </new>
  <sporty>
   no
  </sporty>
 </clothing>
 <clothing>
  <id>
   757507970
  </id>
  <name>
   Under Armour Handbags G-2564
  </name>
  <category>
   Handbags
  </category>
  <size>
   M
  </size>
  <color>
   Красный
  </color>
  <material>
   Шелк
  </material>
  <price>
   251620
  </price>
  <rating>
   4.38
  </rating>
  <reviews>
   572678
  </reviews>
  <sporty>
   yes
  </sporty>
 </clothing>
 <clothing>
  <id>
   745195947
  </id>
  <name>
   Under Armour Handbags A-8542
  </name>
  <category>
   Handbags
  </category>
  <size>
   XL
  </size>
  <color>
   Оранжевый
  </color>
  <material>
   Шерсть
  </material>
  <price>
   749998
  </price>
  <rating>
   1.1
  </rating>
  <reviews>
   799311
  </reviews>
  <new>
   -
  </new>
  <exclusive>
   no
  </exclusive>
  <sporty>
   yes
  </sporty>
 </clothing>
 <clothing>
  <id>
   813042224
  </id>
  <name>
   Brooks Dress T-9368
  </name>
  <category>
   Dress
  </category>
  <size>
   S
  </size>
  <color>
   Желтый
  </color>
  <material>
   Кожа
  </material>
  <price>
   879612
  </price>
  <rating>
   1.04
  </rating>
  <reviews>
   316296
  </reviews>
  <exclusive>
   yes
  </exclusive>
  <sporty>
   no
  </sporty>
 </clothing>
 <clothing>
  <id>
   711234943
  </id>
  <name>
   New Balance Belts D-9560
  </name>
  <category>
   Belts
  </category>
  <size>
   L
  </size>
  <color>
   Синий
  </color>
  <material>
   Шелк
  </material>
  <price>
   683967
  </price>
  <rating>
   1.2
  </rating>
  <reviews>
   149773
  </reviews>
  <new>
   +
  </new>
 </clothing>
 <clothing>
  <id>
   199661800
  </id>
  <name>
   Asics T-shirt K-1254
  </name>
  <category>
   T-shirt
  </category>
  <size>
   S
  </size>
  <color>
   Красный
  </color>
  <material>
   Вискоза
  </material>
  <price>
   328841
  </price>
  <rating>
   4.83
  </rating>
  <reviews>
   63010
  </reviews>
  <new>
   -
  </new>
 </clothing>
 <clothing>
  <id>
   104141577
  </id>
  <name>
   DC Handbags M-6512
  </name>
  <category>
   Handbags
  </category>
  <size>
   XXL
  </size>
  <color>
   Оранжевый
  </color>
  <material>
   Хлопок
  </material>
  <price>
   390427
  </price>
  <rating>
   2.79
  </rating>
  <reviews>
   974040
  </reviews>
  <new>
   +
  </new>
  <sporty>
   no
  </sporty>
 </clothing>
 <clothing>
  <id>
   422277631
  </id>
  <name>
   DC Gloves N-7960
  </name>
  <category>
   Gloves
  </category>
  <size>
   XL
  </size>
  <color>
   Зеленый
  </color>
  <material>
   Шерсть
  </material>
  <price>
   169425
  </price>
  <rating>
   4.45
  </rating>
  <reviews>
   330861
  </reviews>
  <new>
   -
  </new>
  <exclusive>
   no
  </exclusive>
 </clothing>
 <clothing>
  <id>
   466915499
  </id>
  <name>
   DC Shirt R-5132
  </name>
  <category>
   Shirt
  </category>
  <size>
   XXL
  </size>
  <color>
   Синий
  </color>
  <material>
   Полиэстер
  </material>
  <price>
   846472
  </price>
  <rating>
   4.09
  </rating>
  <reviews>
   905188
  </reviews>
  <sporty>
   yes
  </sporty>
 </clothing>
 <clothing>
  <id>
   210342533
  </id>
  <name>
   Converse Jeans J-3099
  </name>
  <category>
   Jeans
  </category>
  <size>
   XXL
  </size>
  <color>
   Синий
  </color>
  <material>
   Кожа
  </material>
  <price>
   425950
  </price>
  <rating>
   2.61
  </rating>
  <reviews>
   759058
  </reviews>
  <new>
   -
  </new>
  <exclusive>
   no
  </exclusive>
 </clothing>
 <clothing>
  <id>
   133962377
  </id>
  <name>
   Vans Shirt O-3858
  </name>
  <category>
   Shirt
  </category>
  <size>
   L
  </size>
  <color>
   Голубой
  </color>
  <material>
   Вискоза
  </material>
  <price>
   156284
  </price>
  <rating>
   4.16
  </rating>
  <reviews>
   141472
  </reviews>
  <exclusive>
   no
  </exclusive>
  <sporty>
   no
  </sporty>
 </clothing>
 <clothing>
  <id>
   403213805
  </id>
  <name>
   Ellesse Skirt Q-4467
  </name>
  <category>
   Skirt
  </category>
  <size>
   XL
  </size>
  <color>
   Оранжевый
  </color>
  <material>
   Нейлон
  </material>
  <price>
   745609
  </price>
  <rating>
   2.71
  </rating>
  <reviews>
   453945
  </reviews>
  <new>
   -
  </new>
  <exclusive>
   no
  </exclusive>
 </clothing>
 <clothing>
  <id>
   980740767
  </id>
  <name>
   DC Belts R-9703
  </name>
  <category>
   Belts
  </category>
  <size>
   XL
  </size>
  <color>
   Оранжевый
  </color>
  <material>
   Нейлон
  </material>
  <price>
   579558
  </price>
  <rating>
   2.92
  </rating>
  <reviews>
   533054
  </reviews>
  <exclusive>
   yes
  </exclusive>
  <sporty>
   no
  </sporty>
 </clothing>
 <clothing>
  <id>
   524062377
  </id>
  <name>
   Vans Gloves W-8264
  </name>
  <category>
   Gloves
  </category>
  <size>
   XXL
  </size>
  <color>
   Оранжевый
  </color>
  <material>
   Нейлон
  </material>
  <price>
   980504
  </price>
  <rating>
   3.08
  </rating>
  <reviews>
   512959
  </reviews>
  <new>
   +
  </new>
  <exclusive>
   no
  </exclusive>
  <sporty>
   no
  </sporty>
 </clothing>
</clothing-items>
