<?xml version="1.0" encoding="utf-8"?>
<clothing-items>
 <clothing>
  <id>
   476834687
  </id>
  <name>
   DC T-shirt E-7778
  </name>
  <category>
   T-shirt
  </category>
  <size>
   M
  </size>
  <color>
   Голубой
  </color>
  <material>
   Шелк
  </material>
  <price>
   493120
  </price>
  <rating>
   1.22
  </rating>
  <reviews>
   405741
  </reviews>
  <exclusive>
   no
  </exclusive>
 </clothing>
 <clothing>
  <id>
   991886905
  </id>
  <name>
   Fila Hat N-9565
  </name>
  <category>
   Hat
  </category>
  <size>
   XXL
  </size>
  <color>
   Голубой
  </color>
  <material>
   Хлопок
  </material>
  <price>
   479876
  </price>
  <rating>
   1.14
  </rating>
  <reviews>
   27652
  </reviews>
  <new>
   -
  </new>
  <exclusive>
   no
  </exclusive>
  <sporty>
   yes
  </sporty>
 </clothing>
 <clothing>
  <id>
   343026892
  </id>
  <name>
   Under Armour Dress Y-4524
  </name>
  <category>
   Dress
  </category>
  <size>
   M
  </size>
  <color>
   Зеленый
  </color>
  <material>
   Шерсть
  </material>
  <price>
   554035
  </price>
  <rating>
   2.46
  </rating>
  <reviews>
   813686
  </reviews>
  <new>
   -
  </new>
  <sporty>
   yes
  </sporty>
 </clothing>
 <clothing>
  <id>
   490034767
  </id>
  <name>
   Vans Blouse D-3087
  </name>
  <category>
   Blouse
  </category>
  <size>
   M
  </size>
  <color>
   Фиолетовый
  </color>
  <material>
   Кожа
  </material>
  <price>
   448992
  </price>
  <rating>
   3.05
  </rating>
  <reviews>
   820441
  </reviews>
  <new>
   -
  </new>
  <exclusive>
   no
  </exclusive>
 </clothing>
 <clothing>
  <id>
   414687308
  </id>
  <name>
   Nike Umbrellas Q-2455
  </name>
  <category>
   Umbrellas
  </category>
  <size>
   S
  </size>
  <color>
   Оранжевый
  </color>
  <material>
   Полиэстер
  </material>
  <price>
   814182
  </price>
  <rating>
   4.36
  </rating>
  <reviews>
   320183
  </reviews>
  <new>
   -
  </new>
  <exclusive>
   no
  </exclusive>
 </clothing>
 <clothing>
  <id>
   874580997
  </id>
  <name>
   Ellesse Jeans V-8519
  </name>
  <category>
   Jeans
  </category>
  <size>
   XL
  </size>
  <color>
   Голубой
  </color>
  <material>
   Нейлон
  </material>
  <price>
   765702
  </price>
  <rating>
   1.0
  </rating>
  <reviews>
   245286
  </reviews>
  <exclusive>
   yes
  </exclusive>
  <sporty>
   no
  </sporty>
 </clothing>
 <clothing>
  <id>
   238004110
  </id>
  <name>
   Puma Socks H-1183
  </name>
  <category>
   Socks
  </category>
  <size>
   XXL
  </size>
  <color>
   Голубой
  </color>
  <material>
   Вискоза
  </material>
  <price>
   956260
  </price>
  <rating>
   2.46
  </rating>
  <reviews>
   940729
  </reviews>
  <new>
   -
  </new>
  <sporty>
   no
  </sporty>
 </clothing>
 <clothing>
  <id>
   681614407
  </id>
  <name>
   Vans Belts I-6587
  </name>
  <category>
   Belts
  </category>
  <size>
   XL
  </size>
  <color>
   Желтый
  </color>
  <material>
   Хлопок
  </material>
  <price>
   797316
  </price>
  <rating>
   2.3
  </rating>
  <reviews>
   247736
  </reviews>
  <new>
   +
  </new>
 </clothing>
 <clothing>
  <id>
   563129237
  </id>
  <name>
   Nike Shoes S-2623
  </name>
  <category>
   Shoes
  </category>
  <size>
   L
  </size>
  <color>
   Красный
  </color>
  <material>
   Лен
  </material>
  <price>
   608924
  </price>
  <rating>
   1.75
  </rating>
  <reviews>
   722166
  </reviews>
  <new>
   -
  </new>
  <sporty>
   yes
  </sporty>
 </clothing>
 <clothing>
  <id>
   737859200
  </id>
  <name>
   DC Socks K-2520
  </name>
  <category>
   Socks
  </category>
  <size>
   XXL
  </size>
  <color>
   Голубой
  </color>
  <material>
   Шерсть
  </material>
  <price>
   767414
  </price>
  <rating>
   4.15
  </rating>
  <reviews>
   558141
  </reviews>
  <exclusive>
   no
  </exclusive>
  <sporty>
   yes
  </sporty>
 </clothing>
 <clothing>
  <id>
   667887888
  </id>
  <name>
   Lacoste Skirt E-4694
  </name>
  <category>
   Skirt
  </category>
  <size>
   S
  </size>
  <color>
   Красный
  </color>
  <material>
   Нейлон
  </material>
  <price>
   968523
  </price>
  <rating>
   3.26
  </rating>
  <reviews>
   607356
  </reviews>
  <new>
   -
  </new>
  <exclusive>
   no
  </exclusive>
  <sporty>
   yes
  </sporty>
 </clothing>
 <clothing>
  <id>
   531465516
  </id>
  <name>
   Adidas Dress C-8460
  </name>
  <category>
   Dress
  </category>
  <size>
   M
  </size>
  <color>
   Оранжевый
  </color>
  <material>
   Хлопок
  </material>
  <price>
   772031
  </price>
  <rating>
   3.16
  </rating>
  <reviews>
   206068
  </reviews>
  <exclusive>
   yes
  </exclusive>
  <sporty>
   yes
  </sporty>
 </clothing>
 <clothing>
  <id>
   455584451
  </id>
  <name>
   PleinSport Gloves W-1529
  </name>
  <category>
   Gloves
  </category>
  <size>
   L
  </size>
  <color>
   Фиолетовый
  </color>
  <material>
   Лен
  </material>
  <price>
   150310
  </price>
  <rating>
   1.79
  </rating>
  <reviews>
   825344
  </reviews>
  <exclusive>
   no
  </exclusive>
  <sporty>
   yes
  </sporty>
 </clothing>
 <clothing>
  <id>
   338380161
  </id>
  <name>
   Puma Handbags I-6346
  </name>
  <category>
   Handbags
  </category>
  <size>
   M
  </size>
  <color>
   Красный
  </color>
  <material>
   Вискоза
  </material>
  <price>
   909892
  </price>
  <rating>
   2.76
  </rating>
  <reviews>
   788835
  </reviews>
  <new>
   +
  </new>
 </clothing>
 <clothing>
  <id>
   598679570
  </id>
  <name>
   DC Socks H-8003
  </name>
  <category>
   Socks
  </category>
  <size>
   L
  </size>
  <color>
   Синий
  </color>
  <material>
   Лен
  </material>
  <price>
   842693
  </price>
  <rating>
   4.94
  </rating>
  <reviews>
   536608
  </reviews>
  <exclusive>
   no
  </exclusive>
 </clothing>
 <clothing>
  <id>
   810432162
  </id>
  <name>
   Under Armour Belts R-2167
  </name>
  <category>
   Belts
  </category>
  <size>
   M
  </size>
  <color>
   Голубой
  </color>
  <material>
   Хлопок
  </material>
  <price>
   248584
  </price>
  <rating>
   4.47
  </rating>
  <reviews>
   473843
  </reviews>
  <new>
   +
  </new>
  <exclusive>
   no
  </exclusive>
 </clothing>
 <clothing>
  <id>
   719223603
  </id>
  <name>
   Reebok Belts O-4316
  </name>
  <category>
   Belts
  </category>
  <size>
   XL
  </size>
  <color>
   Синий
  </color>
  <material>
   Вискоза
  </material>
  <price>
   741903
  </price>
  <rating>
   1.79
  </rating>
  <reviews>
   816583
  </reviews>
  <new>
   +
  </new>
  <exclusive>
   no
  </exclusive>
  <sporty>
   no
  </sporty>
 </clothing>
 <clothing>
  <id>
   724756678
  </id>
  <name>
   Asics Shirt A-9245
  </name>
  <category>
   Shirt
  </category>
  <size>
   S
  </size>
  <color>
   Красный
  </color>
  <material>
   Полиэстер
  </material>
  <price>
   726903
  </price>
  <rating>
   4.49
  </rating>
  <reviews>
   818917
  </reviews>
  <new>
   -
  </new>
 </clothing>
 <clothing>
  <id>
   602676271
  </id>
  <name>
   Under Armour Shirt G-6677
  </name>
  <category>
   Shirt
  </category>
  <size>
   L
  </size>
  <color>
   Фиолетовый
  </color>
  <material>
   Нейлон
  </material>
  <price>
   163527
  </price>
  <rating>
   3.29
  </rating>
  <reviews>
   36764
  </reviews>
  <sporty>
   no
  </sporty>
 </clothing>
 <clothing>
  <id>
   947630197
  </id>
  <name>
   Brooks T-shirt C-7740
  </name>
  <category>
   T-shirt
  </category>
  <size>
   M
  </size>
  <color>
   Красный
  </color>
  <material>
   Лен
  </material>
  <price>
   800512
  </price>
  <rating>
   3.89
  </rating>
  <reviews>
   704746
  </reviews>
  <new>
   -
  </new>
  <exclusive>
   no
  </exclusive>
  <sporty>
   no
  </sporty>
 </clothing>
 <clothing>
  <id>
   170613417
  </id>
  <name>
   Nike T-shirt K-2683
  </name>
  <category>
   T-shirt
  </category>
  <size>
   L
  </size>
  <color>
   Желтый
  </color>
  <material>
   Лен
  </material>
  <price>
   109299
  </price>
  <rating>
   4.68
  </rating>
  <reviews>
   6792
  </reviews>
  <new>
   -
  </new>
  <exclusive>
   no
  </exclusive>
  <sporty>
   no
  </sporty>
 </clothing>
 <clothing>
  <id>
   490460513
  </id>
  <name>
   Ellesse Handbags C-6921
  </name>
  <category>
   Handbags
  </category>
  <size>
   M
  </size>
  <color>
   Зеленый
  </color>
  <material>
   Вискоза
  </material>
  <price>
   566713
  </price>
  <rating>
   4.32
  </rating>
  <reviews>
   564453
  </reviews>
  <new>
   +
  </new>
  <exclusive>
   no
  </exclusive>
  <sporty>
   no
  </sporty>
 </clothing>
 <clothing>
  <id>
   600811071
  </id>
  <name>
   PleinSport Blouse A-8728
  </name>
  <category>
   Blouse
  </category>
  <size>
   S
  </size>
  <color>
   Оранжевый
  </color>
  <material>
   Нейлон
  </material>
  <price>
   217215
  </price>
  <rating>
   1.28
  </rating>
  <reviews>
   104576
  </reviews>
  <new>
   -
  </new>
  <sporty>
   yes
  </sporty>
 </clothing>
 <clothing>
  <id>
   708302766
  </id>
  <name>
   Adidas Pants X-3572
  </name>
  <category>
   Pants
  </category>
  <size>
   M
  </size>
  <color>
   Зеленый
  </color>
  <material>
   Шелк
  </material>
  <price>
   853947
  </price>
  <rating>
   1.49
  </rating>
  <reviews>
   283252
  </reviews>
  <exclusive>
   no
  </exclusive>
  <sporty>
   yes
  </sporty>
 </clothing>
 <clothing>
  <id>
   909441081
  </id>
  <name>
   PleinSport Dress C-5840
  </name>
  <category>
   Dress
  </category>
  <size>
   S
  </size>
  <color>
   Синий
  </color>
  <material>
   Вискоза
  </material>
  <price>
   653805
  </price>
  <rating>
   2.83
  </rating>
  <reviews>
   583153
  </reviews>
  <sporty>
   no
  </sporty>
 </clothing>
 <clothing>
  <id>
   933226744
  </id>
  <name>
   Fila Shirt E-9066
  </name>
  <category>
   Shirt
  </category>
  <size>
   M
  </size>
  <color>
   Оранжевый
  </color>
  <material>
   Лен
  </material>
  <price>
   516398
  </price>
  <rating>
   2.43
  </rating>
  <reviews>
   597302
  </reviews>
  <new>
   -
  </new>
  <exclusive>
   no
  </exclusive>
 </clothing>
 <clothing>
  <id>
   628268887
  </id>
  <name>
   Converse Jacket I-1493
  </name>
  <category>
   Jacket
  </category>
  <size>
   S
  </size>
  <color>
   Зеленый
  </color>
  <material>
   Кожа
  </material>
  <price>
   515928
  </price>
  <rating>
   3.15
  </rating>
  <reviews>
   662136
  </reviews>
 </clothing>
 <clothing>
  <id>
   464624424
  </id>
  <name>
   Addidas Socks I-7374
  </name>
  <category>
   Socks
  </category>
  <size>
   S
  </size>
  <color>
   Желтый
  </color>
  <material>
   Шелк
  </material>
  <price>
   257958
  </price>
  <rating>
   3.99
  </rating>
  <reviews>
   359508
  </reviews>
  <new>
   +
  </new>
  <exclusive>
   no
  </exclusive>
  <sporty>
   yes
  </sporty>
 </clothing>
 <clothing>
  <id>
   938808178
  </id>
  <name>
   Converse Blouse R-3602
  </name>
  <category>
   Blouse
  </category>
  <size>
   XXL
  </size>
  <color>
   Желтый
  </color>
  <material>
   Кожа
  </material>
  <price>
   825471
  </price>
  <rating>
   4.88
  </rating>
  <reviews>
   591165
  </reviews>
  <exclusive>
   no
  </exclusive>
 </clothing>
 <clothing>
  <id>
   108362419
  </id>
  <name>
   Under Armour Umbrellas Z-2623
  </name>
  <category>
   Umbrellas
  </category>
  <size>
   M
  </size>
  <color>
   Синий
  </color>
  <material>
   Лен
  </material>
  <price>
   162067
  </price>
  <rating>
   1.57
  </rating>
  <reviews>
   492860
  </reviews>
 </clothing>
 <clothing>
  <id>
   288378292
  </id>
  <name>
   Vans Umbrellas K-3405
  </name>
  <category>
   Umbrellas
  </category>
  <size>
   XL
  </size>
  <color>
   Зеленый
  </color>
  <material>
   Шелк
  </material>
  <price>
   593302
  </price>
  <rating>
   2.18
  </rating>
  <reviews>
   575457
  </reviews>
  <new>
   +
  </new>
  <exclusive>
   yes
  </exclusive>
  <sporty>
   no
  </sporty>
 </clothing>
 <clothing>
  <id>
   408961168
  </id>
  <name>
   New Balance Handbags R-5834
  </name>
  <category>
   Handbags
  </category>
  <size>
   M
  </size>
  <color>
   Фиолетовый
  </color>
  <material>
   Хлопок
  </material>
  <price>
   826116
  </price>
  <rating>
   1.4
  </rating>
  <reviews>
   153169
  </reviews>
  <sporty>
   yes
  </sporty>
 </clothing>
 <clothing>
  <id>
   840409834
  </id>
  <name>
   Addidas Belts T-5323
  </name>
  <category>
   Belts
  </category>
  <size>
   M
  </size>
  <color>
   Оранжевый
  </color>
  <material>
   Нейлон
  </material>
  <price>
   873072
  </price>
  <rating>
   1.48
  </rating>
  <reviews>
   727371
  </reviews>
  <new>
   -
  </new>
  <exclusive>
   no
  </exclusive>
 </clothing>
 <clothing>
  <id>
   658253647
  </id>
  <name>
   Nike Belts Y-5704
  </name>
  <category>
   Belts
  </category>
  <size>
   M
  </size>
  <color>
   Синий
  </color>
  <material>
   Нейлон
  </material>
  <price>
   764107
  </price>
  <rating>
   2.72
  </rating>
  <reviews>
   888047
  </reviews>
  <new>
   -
  </new>
  <exclusive>
   no
  </exclusive>
  <sporty>
   no
  </sporty>
 </clothing>
 <clothing>
  <id>
   109758506
  </id>
  <name>
   Adidas Jeans U-9372
  </name>
  <category>
   Jeans
  </category>
  <size>
   XL
  </size>
  <color>
   Голубой
  </color>
  <material>
   Шелк
  </material>
  <price>
   960036
  </price>
  <rating>
   1.59
  </rating>
  <reviews>
   587527
  </reviews>
  <exclusive>
   no
  </exclusive>
 </clothing>
 <clothing>
  <id>
   486343540
  </id>
  <name>
   DC Shoes B-6046
  </name>
  <category>
   Shoes
  </category>
  <size>
   M
  </size>
  <color>
   Голубой
  </color>
  <material>
   Полиэстер
  </material>
  <price>
   831550
  </price>
  <rating>
   3.02
  </rating>
  <reviews>
   537279
  </reviews>
  <new>
   -
  </new>
 </clothing>
 <clothing>
  <id>
   245825635
  </id>
  <name>
   Ellesse Sweater P-4087
  </name>
  <category>
   Sweater
  </category>
  <size>
   M
  </size>
  <color>
   Голубой
  </color>
  <material>
   Нейлон
  </material>
  <price>
   217473
  </price>
  <rating>
   2.92
  </rating>
  <reviews>
   621150
  </reviews>
  <new>
   -
  </new>
  <exclusive>
   no
  </exclusive>
  <sporty>
   yes
  </sporty>
 </clothing>
 <clothing>
  <id>
   468191157
  </id>
  <name>
   Brooks Gloves O-4209
  </name>
  <category>
   Gloves
  </category>
  <size>
   M
  </size>
  <color>
   Красный
  </color>
  <material>
   Лен
  </material>
  <price>
   206704
  </price>
  <rating>
   1.68
  </rating>
  <reviews>
   425804
  </reviews>
  <new>
   -
  </new>
  <sporty>
   no
  </sporty>
 </clothing>
 <clothing>
  <id>
   546687526
  </id>
  <name>
   Brooks Shoes E-9031
  </name>
  <category>
   Shoes
  </category>
  <size>
   L
  </size>
  <color>
   Желтый
  </color>
  <material>
   Лен
  </material>
  <price>
   942817
  </price>
  <rating>
   4.54
  </rating>
  <reviews>
   586637
  </reviews>
  <new>
   -
  </new>
  <sporty>
   no
  </sporty>
 </clothing>
 <clothing>
  <id>
   387013810
  </id>
  <name>
   Nike Socks D-8191
  </name>
  <category>
   Socks
  </category>
  <size>
   XXL
  </size>
  <color>
   Красный
  </color>
  <material>
   Полиэстер
  </material>
  <price>
   962776
  </price>
  <rating>
   3.3
  </rating>
  <reviews>
   847128
  </reviews>
  <new>
   -
  </new>
  <exclusive>
   no
  </exclusive>
  <sporty>
   yes
  </sporty>
 </clothing>
 <clothing>
  <id>
   619030265
  </id>
  <name>
   New Balance Shirt P-3484
  </name>
  <category>
   Shirt
  </category>
  <size>
   M
  </size>
  <color>
   Оранжевый
  </color>
  <material>
   Хлопок
  </material>
  <price>
   956993
  </price>
  <rating>
   1.94
  </rating>
  <reviews>
   559846
  </reviews>
  <exclusive>
   no
  </exclusive>
  <sporty>
   yes
  </sporty>
 </clothing>
 <clothing>
  <id>
   638071056
  </id>
  <name>
   Ellesse Shirt B-2784
  </name>
  <category>
   Shirt
  </category>
  <size>
   XL
  </size>
  <color>
   Синий
  </color>
  <material>
   Лен
  </material>
  <price>
   621708
  </price>
  <rating>
   1.24
  </rating>
  <reviews>
   15682
  </reviews>
  <new>
   +
  </new>
 </clothing>
 <clothing>
  <id>
   859953902
  </id>
  <name>
   Adidas Hat X-7507
  </name>
  <category>
   Hat
  </category>
  <size>
   L
  </size>
  <color>
   Красный
  </color>
  <material>
   Нейлон
  </material>
  <price>
   203920
  </price>
  <rating>
   3.0
  </rating>
  <reviews>
   246358
  </reviews>
  <new>
   +
  </new>
  <exclusive>
   yes
  </exclusive>
 </clothing>
 <clothing>
  <id>
   474075550
  </id>
  <name>
   Vans Jacket F-2444
  </name>
  <category>
   Jacket
  </category>
  <size>
   S
  </size>
  <color>
   Желтый
  </color>
  <material>
   Лен
  </material>
  <price>
   477344
  </price>
  <rating>
   1.73
  </rating>
  <reviews>
   778277
  </reviews>
  <new>
   -
  </new>
 </clothing>
 <clothing>
  <id>
   355084173
  </id>
  <name>
   DC Socks F-7013
  </name>
  <category>
   Socks
  </category>
  <size>
   S
  </size>
  <color>
   Оранжевый
  </color>
  <material>
   Шерсть
  </material>
  <price>
   943834
  </price>
  <rating>
   2.76
  </rating>
  <reviews>
   243181
  </reviews>
  <new>
   -
  </new>
 </clothing>
 <clothing>
  <id>
   344189061
  </id>
  <name>
   New Balance Shirt W-8497
  </name>
  <category>
   Shirt
  </category>
  <size>
   S
  </size>
  <color>
   Синий
  </color>
  <material>
   Шелк
  </material>
  <price>
   432615
  </price>
  <rating>
   2.39
  </rating>
  <reviews>
   466098
  </reviews>
  <new>
   -
  </new>
 </clothing>
 <clothing>
  <id>
   273464374
  </id>
  <name>
   Brooks Socks P-8878
  </name>
  <category>
   Socks
  </category>
  <size>
   S
  </size>
  <color>
   Фиолетовый
  </color>
  <material>
   Вискоза
  </material>
  <price>
   107881
  </price>
  <rating>
   2.62
  </rating>
  <reviews>
   24362
  </reviews>
  <exclusive>
   yes
  </exclusive>
  <sporty>
   no
  </sporty>
 </clothing>
 <clothing>
  <id>
   980481483
  </id>
  <name>
   DC Handbags N-4908
  </name>
  <category>
   Handbags
  </category>
  <size>
   XXL
  </size>
  <color>
   Фиолетовый
  </color>
  <material>
   Полиэстер
  </material>
  <price>
   640222
  </price>
  <rating>
   4.09
  </rating>
  <reviews>
   487291
  </reviews>
  <new>
   -
  </new>
  <sporty>
   no
  </sporty>
 </clothing>
 <clothing>
  <id>
   842318186
  </id>
  <name>
   Puma Jacket P-5570
  </name>
  <category>
   Jacket
  </category>
  <size>
   S
  </size>
  <color>
   Оранжевый
  </color>
  <material>
   Лен
  </material>
  <price>
   549797
  </price>
  <rating>
   3.46
  </rating>
  <reviews>
   45624
  </reviews>
  <sporty>
   no
  </sporty>
 </clothing>
 <clothing>
  <id>
   305650121
  </id>
  <name>
   DC T-shirt S-6258
  </name>
  <category>
   T-shirt
  </category>
  <size>
   M
  </size>
  <color>
   Зеленый
  </color>
  <material>
   Лен
  </material>
  <price>
   834239
  </price>
  <rating>
   3.27
  </rating>
  <reviews>
   597053
  </reviews>
  <new>
   +
  </new>
  <sporty>
   no
  </sporty>
 </clothing>
</clothing-items>
