<?xml version="1.0" encoding="utf-8"?>
<clothing-items>
 <clothing>
  <id>
   885498258
  </id>
  <name>
   Addidas Pants J-8809
  </name>
  <category>
   Pants
  </category>
  <size>
   XXL
  </size>
  <color>
   Голубой
  </color>
  <material>
   Шелк
  </material>
  <price>
   979701
  </price>
  <rating>
   3.84
  </rating>
  <reviews>
   506642
  </reviews>
  <new>
   +
  </new>
 </clothing>
 <clothing>
  <id>
   422120104
  </id>
  <name>
   Adidas Hat D-4640
  </name>
  <category>
   Hat
  </category>
  <size>
   S
  </size>
  <color>
   Красный
  </color>
  <material>
   Вискоза
  </material>
  <price>
   640505
  </price>
  <rating>
   4.55
  </rating>
  <reviews>
   169503
  </reviews>
  <exclusive>
   no
  </exclusive>
  <sporty>
   no
  </sporty>
 </clothing>
 <clothing>
  <id>
   880262490
  </id>
  <name>
   Asics Gloves B-4460
  </name>
  <category>
   Gloves
  </category>
  <size>
   XL
  </size>
  <color>
   Зеленый
  </color>
  <material>
   Шерсть
  </material>
  <price>
   466232
  </price>
  <rating>
   2.22
  </rating>
  <reviews>
   835055
  </reviews>
  <new>
   +
  </new>
  <exclusive>
   yes
  </exclusive>
  <sporty>
   no
  </sporty>
 </clothing>
 <clothing>
  <id>
   755836154
  </id>
  <name>
   Vans Dress D-4343
  </name>
  <category>
   Dress
  </category>
  <size>
   L
  </size>
  <color>
   Оранжевый
  </color>
  <material>
   Шелк
  </material>
  <price>
   283043
  </price>
  <rating>
   3.63
  </rating>
  <reviews>
   269251
  </reviews>
  <exclusive>
   no
  </exclusive>
  <sporty>
   no
  </sporty>
 </clothing>
 <clothing>
  <id>
   944377745
  </id>
  <name>
   DC Belts A-9903
  </name>
  <category>
   Belts
  </category>
  <size>
   XL
  </size>
  <color>
   Оранжевый
  </color>
  <material>
   Полиэстер
  </material>
  <price>
   720705
  </price>
  <rating>
   1.23
  </rating>
  <reviews>
   492465
  </reviews>
  <new>
   -
  </new>
  <exclusive>
   yes
  </exclusive>
  <sporty>
   no
  </sporty>
 </clothing>
 <clothing>
  <id>
   153110884
  </id>
  <name>
   Adidas Jacket B-6361
  </name>
  <category>
   Jacket
  </category>
  <size>
   M
  </size>
  <color>
   Фиолетовый
  </color>
  <material>
   Шерсть
  </material>
  <price>
   568725
  </price>
  <rating>
   2.25
  </rating>
  <reviews>
   75261
  </reviews>
  <sporty>
   no
  </sporty>
 </clothing>
 <clothing>
  <id>
   517832049
  </id>
  <name>
   New Balance Hat R-1781
  </name>
  <category>
   Hat
  </category>
  <size>
   XXL
  </size>
  <color>
   Голубой
  </color>
  <material>
   Кожа
  </material>
  <price>
   862371
  </price>
  <rating>
   1.98
  </rating>
  <reviews>
   789711
  </reviews>
  <sporty>
   no
  </sporty>
 </clothing>
 <clothing>
  <id>
   295091185
  </id>
  <name>
   Nike Dress T-3738
  </name>
  <category>
   Dress
  </category>
  <size>
   XL
  </size>
  <color>
   Синий
  </color>
  <material>
   Полиэстер
  </material>
  <price>
   547180
  </price>
  <rating>
   4.95
  </rating>
  <reviews>
   148829
  </reviews>
  <exclusive>
   no
  </exclusive>
 </clothing>
 <clothing>
  <id>
   534360129
  </id>
  <name>
   Addidas T-shirt E-5736
  </name>
  <category>
   T-shirt
  </category>
  <size>
   M
  </size>
  <color>
   Голубой
  </color>
  <material>
   Вискоза
  </material>
  <price>
   153255
  </price>
  <rating>
   1.2
  </rating>
  <reviews>
   437512
  </reviews>
  <new>
   -
  </new>
  <exclusive>
   no
  </exclusive>
 </clothing>
 <clothing>
  <id>
   239337449
  </id>
  <name>
   Lacoste Blouse G-2023
  </name>
  <category>
   Blouse
  </category>
  <size>
   S
  </size>
  <color>
   Синий
  </color>
  <material>
   Кожа
  </material>
  <price>
   499097
  </price>
  <rating>
   4.16
  </rating>
  <reviews>
   345939
  </reviews>
  <new>
   +
  </new>
  <exclusive>
   no
  </exclusive>
  <sporty>
   no
  </sporty>
 </clothing>
 <clothing>
  <id>
   312011316
  </id>
  <name>
   Vans Gloves Z-4688
  </name>
  <category>
   Gloves
  </category>
  <size>
   XXL
  </size>
  <color>
   Синий
  </color>
  <material>
   Хлопок
  </material>
  <price>
   915716
  </price>
  <rating>
   1.06
  </rating>
  <reviews>
   69031
  </reviews>
  <new>
   +
  </new>
  <exclusive>
   no
  </exclusive>
 </clothing>
 <clothing>
  <id>
   637436992
  </id>
  <name>
   Under Armour Shirt U-6652
  </name>
  <category>
   Shirt
  </category>
  <size>
   M
  </size>
  <color>
   Синий
  </color>
  <material>
   Полиэстер
  </material>
  <price>
   322711
  </price>
  <rating>
   1.15
  </rating>
  <reviews>
   442397
  </reviews>
  <exclusive>
   no
  </exclusive>
  <sporty>
   no
  </sporty>
 </clothing>
 <clothing>
  <id>
   681718343
  </id>
  <name>
   Vans Shoes T-3021
  </name>
  <category>
   Shoes
  </category>
  <size>
   M
  </size>
  <color>
   Голубой
  </color>
  <material>
   Хлопок
  </material>
  <price>
   366136
  </price>
  <rating>
   3.8
  </rating>
  <reviews>
   51442
  </reviews>
  <new>
   -
  </new>
  <exclusive>
   no
  </exclusive>
  <sporty>
   yes
  </sporty>
 </clothing>
 <clothing>
  <id>
   435720869
  </id>
  <name>
   Lacoste T-shirt X-3377
  </name>
  <category>
   T-shirt
  </category>
  <size>
   M
  </size>
  <color>
   Желтый
  </color>
  <material>
   Кожа
  </material>
  <price>
   502929
  </price>
  <rating>
   3.74
  </rating>
  <reviews>
   859665
  </reviews>
  <new>
   +
  </new>
  <exclusive>
   no
  </exclusive>
  <sporty>
   no
  </sporty>
 </clothing>
 <clothing>
  <id>
   326603395
  </id>
  <name>
   Asics Shirt G-9459
  </name>
  <category>
   Shirt
  </category>
  <size>
   XXL
  </size>
  <color>
   Фиолетовый
  </color>
  <material>
   Вискоза
  </material>
  <price>
   965758
  </price>
  <rating>
   1.4
  </rating>
  <reviews>
   732017
  </reviews>
  <new>
   -
  </new>
 </clothing>
 <clothing>
  <id>
   924556223
  </id>
  <name>
   DC Handbags K-2370
  </name>
  <category>
   Handbags
  </category>
  <size>
   XL
  </size>
  <color>
   Красный
  </color>
  <material>
   Полиэстер
  </material>
  <price>
   634365
  </price>
  <rating>
   4.21
  </rating>
  <reviews>
   457368
  </reviews>
  <exclusive>
   yes
  </exclusive>
 </clothing>
 <clothing>
  <id>
   483369074
  </id>
  <name>
   Under Armour Pants B-6843
  </name>
  <category>
   Pants
  </category>
  <size>
   S
  </size>
  <color>
   Синий
  </color>
  <material>
   Нейлон
  </material>
  <price>
   693968
  </price>
  <rating>
   4.9
  </rating>
  <reviews>
   100238
  </reviews>
  <new>
   -
  </new>
  <sporty>
   no
  </sporty>
 </clothing>
 <clothing>
  <id>
   185718959
  </id>
  <name>
   Lacoste Hat S-5415
  </name>
  <category>
   Hat
  </category>
  <size>
   M
  </size>
  <color>
   Голубой
  </color>
  <material>
   Кожа
  </material>
  <price>
   183075
  </price>
  <rating>
   1.87
  </rating>
  <reviews>
   844051
  </reviews>
  <sporty>
   yes
  </sporty>
 </clothing>
 <clothing>
  <id>
   833725460
  </id>
  <name>
   Converse Shirt S-7560
  </name>
  <category>
   Shirt
  </category>
  <size>
   XL
  </size>
  <color>
   Фиолетовый
  </color>
  <material>
   Вискоза
  </material>
  <price>
   954426
  </price>
  <rating>
   4.45
  </rating>
  <reviews>
   953433
  </reviews>
  <new>
   +
  </new>
  <sporty>
   yes
  </sporty>
 </clothing>
 <clothing>
  <id>
   625231197
  </id>
  <name>
   Asics Gloves Q-3107
  </name>
  <category>
   Gloves
  </category>
  <size>
   XL
  </size>
  <color>
   Фиолетовый
  </color>
  <material>
   Нейлон
  </material>
  <price>
   387033
  </price>
  <rating>
   2.59
  </rating>
  <reviews>
   61951
  </reviews>
  <exclusive>
   no
  </exclusive>
  <sporty>
   no
  </sporty>
 </clothing>
 <clothing>
  <id>
   863027298
  </id>
  <name>
   Converse Jacket A-2535
  </name>
  <category>
   Jacket
  </category>
  <size>
   XL
  </size>
  <color>
   Красный
  </color>
  <material>
   Кожа
  </material>
  <price>
   783985
  </price>
  <rating>
   2.01
  </rating>
  <reviews>
   139984
  </reviews>
  <new>
   -
  </new>
  <exclusive>
   yes
  </exclusive>
  <sporty>
   no
  </sporty>
 </clothing>
 <clothing>
  <id>
   120850792
  </id>
  <name>
   PleinSport Umbrellas L-5901
  </name>
  <category>
   Umbrellas
  </category>
  <size>
   L
  </size>
  <color>
   Оранжевый
  </color>
  <material>
   Нейлон
  </material>
  <price>
   519930
  </price>
  <rating>
   3.92
  </rating>
  <reviews>
   200280
  </reviews>
  <new>
   +
  </new>
  <exclusive>
   no
  </exclusive>
 </clothing>
 <clothing>
  <id>
   356820526
  </id>
  <name>
   Vans Blouse Z-7790
  </name>
  <category>
   Blouse
  </category>
  <size>
   L
  </size>
  <color>
   Синий
  </color>
  <material>
   Хлопок
  </material>
  <price>
   453866
  </price>
  <rating>
   2.13
  </rating>
  <reviews>
   377824
  </reviews>
  <sporty>
   yes
  </sporty>
 </clothing>
 <clothing>
  <id>
   921298369
  </id>
  <name>
   PleinSport Shirt X-4703
  </name>
  <category>
   Shirt
  </category>
  <size>
   L
  </size>
  <color>
   Голубой
  </color>
  <material>
   Хлопок
  </material>
  <price>
   697636
  </price>
  <rating>
   1.23
  </rating>
  <reviews>
   637392
  </reviews>
  <new>
   +
  </new>
 </clothing>
 <clothing>
  <id>
   971333153
  </id>
  <name>
   Ellesse Jacket Z-8335
  </name>
  <category>
   Jacket
  </category>
  <size>
   S
  </size>
  <color>
   Зеленый
  </color>
  <material>
   Хлопок
  </material>
  <price>
   744566
  </price>
  <rating>
   2.27
  </rating>
  <reviews>
   173850
  </reviews>
  <new>
   -
  </new>
 </clothing>
 <clothing>
  <id>
   769634036
  </id>
  <name>
   New Balance Dress E-3811
  </name>
  <category>
   Dress
  </category>
  <size>
   L
  </size>
  <color>
   Зеленый
  </color>
  <material>
   Нейлон
  </material>
  <price>
   935175
  </price>
  <rating>
   4.77
  </rating>
  <reviews>
   575467
  </reviews>
  <new>
   -
  </new>
 </clothing>
 <clothing>
  <id>
   406933641
  </id>
  <name>
   Fila Blouse T-5639
  </name>
  <category>
   Blouse
  </category>
  <size>
   XXL
  </size>
  <color>
   Красный
  </color>
  <material>
   Нейлон
  </material>
  <price>
   408846
  </price>
  <rating>
   3.31
  </rating>
  <reviews>
   900336
  </reviews>
  <new>
   -
  </new>
  <sporty>
   no
  </sporty>
 </clothing>
 <clothing>
  <id>
   489004180
  </id>
  <name>
   Ellesse Handbags Y-5291
  </name>
  <category>
   Handbags
  </category>
  <size>
   XL
  </size>
  <color>
   Голубой
  </color>
  <material>
   Хлопок
  </material>
  <price>
   288801
  </price>
  <rating>
   2.44
  </rating>
  <reviews>
   502659
  </reviews>
  <new>
   -
  </new>
  <sporty>
   yes
  </sporty>
 </clothing>
 <clothing>
  <id>
   395516390
  </id>
  <name>
   Converse Pants B-8623
  </name>
  <category>
   Pants
  </category>
  <size>
   L
  </size>
  <color>
   Желтый
  </color>
  <material>
   Хлопок
  </material>
  <price>
   867818
  </price>
  <rating>
   4.64
  </rating>
  <reviews>
   469222
  </reviews>
  <sporty>
   no
  </sporty>
 </clothing>
</clothing-items>
