<?xml version="1.0" encoding="utf-8"?>
<clothing-items>
 <clothing>
  <id>
   284326487
  </id>
  <name>
   PleinSport T-shirt D-8318
  </name>
  <category>
   T-shirt
  </category>
  <size>
   XXL
  </size>
  <color>
   Фиолетовый
  </color>
  <material>
   Шелк
  </material>
  <price>
   782052
  </price>
  <rating>
   4.05
  </rating>
  <reviews>
   475788
  </reviews>
  <exclusive>
   yes
  </exclusive>
 </clothing>
 <clothing>
  <id>
   154674300
  </id>
  <name>
   Adidas Hat T-7661
  </name>
  <category>
   Hat
  </category>
  <size>
   S
  </size>
  <color>
   Синий
  </color>
  <material>
   Хлопок
  </material>
  <price>
   847970
  </price>
  <rating>
   3.92
  </rating>
  <reviews>
   373410
  </reviews>
  <new>
   -
  </new>
 </clothing>
 <clothing>
  <id>
   540707466
  </id>
  <name>
   Asics Dress N-4970
  </name>
  <category>
   Dress
  </category>
  <size>
   XL
  </size>
  <color>
   Красный
  </color>
  <material>
   Полиэстер
  </material>
  <price>
   372912
  </price>
  <rating>
   2.51
  </rating>
  <reviews>
   129956
  </reviews>
  <new>
   -
  </new>
 </clothing>
 <clothing>
  <id>
   474235271
  </id>
  <name>
   Adidas Skirt K-3434
  </name>
  <category>
   Skirt
  </category>
  <size>
   S
  </size>
  <color>
   Голубой
  </color>
  <material>
   Нейлон
  </material>
  <price>
   142608
  </price>
  <rating>
   3.32
  </rating>
  <reviews>
   413338
  </reviews>
  <exclusive>
   yes
  </exclusive>
  <sporty>
   no
  </sporty>
 </clothing>
 <clothing>
  <id>
   133902378
  </id>
  <name>
   Addidas Jeans B-4100
  </name>
  <category>
   Jeans
  </category>
  <size>
   L
  </size>
  <color>
   Синий
  </color>
  <material>
   Шелк
  </material>
  <price>
   362188
  </price>
  <rating>
   2.9
  </rating>
  <reviews>
   647541
  </reviews>
  <new>
   -
  </new>
  <exclusive>
   no
  </exclusive>
  <sporty>
   no
  </sporty>
 </clothing>
 <clothing>
  <id>
   646840266
  </id>
  <name>
   Brooks Gloves Q-7413
  </name>
  <category>
   Gloves
  </category>
  <size>
   XL
  </size>
  <color>
   Красный
  </color>
  <material>
   Вискоза
  </material>
  <price>
   429622
  </price>
  <rating>
   4.96
  </rating>
  <reviews>
   646724
  </reviews>
  <new>
   +
  </new>
 </clothing>
 <clothing>
  <id>
   210135866
  </id>
  <name>
   Nike T-shirt Y-3727
  </name>
  <category>
   T-shirt
  </category>
  <size>
   L
  </size>
  <color>
   Голубой
  </color>
  <material>
   Нейлон
  </material>
  <price>
   706617
  </price>
  <rating>
   2.87
  </rating>
  <reviews>
   553087
  </reviews>
  <new>
   +
  </new>
  <sporty>
   no
  </sporty>
 </clothing>
 <clothing>
  <id>
   810122995
  </id>
  <name>
   Brooks Pants G-3570
  </name>
  <category>
   Pants
  </category>
  <size>
   XL
  </size>
  <color>
   Зеленый
  </color>
  <material>
   Лен
  </material>
  <price>
   563986
  </price>
  <rating>
   3.61
  </rating>
  <reviews>
   994102
  </reviews>
  <sporty>
   yes
  </sporty>
 </clothing>
 <clothing>
  <id>
   331760801
  </id>
  <name>
   Addidas Sweater S-9495
  </name>
  <category>
   Sweater
  </category>
  <size>
   S
  </size>
  <color>
   Красный
  </color>
  <material>
   Шелк
  </material>
  <price>
   763823
  </price>
  <rating>
   4.62
  </rating>
  <reviews>
   817283
  </reviews>
  <new>
   -
  </new>
  <exclusive>
   no
  </exclusive>
 </clothing>
 <clothing>
  <id>
   657524637
  </id>
  <name>
   Fila T-shirt V-7322
  </name>
  <category>
   T-shirt
  </category>
  <size>
   XL
  </size>
  <color>
   Зеленый
  </color>
  <material>
   Шерсть
  </material>
  <price>
   584171
  </price>
  <rating>
   1.27
  </rating>
  <reviews>
   434143
  </reviews>
  <new>
   -
  </new>
  <exclusive>
   no
  </exclusive>
  <sporty>
   yes
  </sporty>
 </clothing>
 <clothing>
  <id>
   699235669
  </id>
  <name>
   Fila Hat O-4349
  </name>
  <category>
   Hat
  </category>
  <size>
   S
  </size>
  <color>
   Синий
  </color>
  <material>
   Шелк
  </material>
  <price>
   155945
  </price>
  <rating>
   1.84
  </rating>
  <reviews>
   388198
  </reviews>
  <sporty>
   no
  </sporty>
 </clothing>
 <clothing>
  <id>
   281838834
  </id>
  <name>
   Fila Umbrellas T-1571
  </name>
  <category>
   Umbrellas
  </category>
  <size>
   M
  </size>
  <color>
   Зеленый
  </color>
  <material>
   Шерсть
  </material>
  <price>
   745765
  </price>
  <rating>
   1.27
  </rating>
  <reviews>
   313255
  </reviews>
  <new>
   -
  </new>
  <exclusive>
   yes
  </exclusive>
 </clothing>
 <clothing>
  <id>
   468955959
  </id>
  <name>
   Brooks Umbrellas P-8557
  </name>
  <category>
   Umbrellas
  </category>
  <size>
   M
  </size>
  <color>
   Зеленый
  </color>
  <material>
   Шелк
  </material>
  <price>
   462238
  </price>
  <rating>
   4.74
  </rating>
  <reviews>
   925422
  </reviews>
  <new>
   +
  </new>
  <exclusive>
   no
  </exclusive>
  <sporty>
   yes
  </sporty>
 </clothing>
 <clothing>
  <id>
   625937405
  </id>
  <name>
   Converse Jacket B-9821
  </name>
  <category>
   Jacket
  </category>
  <size>
   XL
  </size>
  <color>
   Синий
  </color>
  <material>
   Шелк
  </material>
  <price>
   213730
  </price>
  <rating>
   3.71
  </rating>
  <reviews>
   680996
  </reviews>
  <exclusive>
   yes
  </exclusive>
 </clothing>
 <clothing>
  <id>
   140142724
  </id>
  <name>
   Ellesse Jacket F-7842
  </name>
  <category>
   Jacket
  </category>
  <size>
   S
  </size>
  <color>
   Красный
  </color>
  <material>
   Шелк
  </material>
  <price>
   809672
  </price>
  <rating>
   4.1
  </rating>
  <reviews>
   348127
  </reviews>
  <new>
   -
  </new>
  <exclusive>
   no
  </exclusive>
 </clothing>
</clothing-items>
