<?xml version="1.0" encoding="utf-8"?>
<clothing-items>
 <clothing>
  <id>
   313646279
  </id>
  <name>
   Fila Shirt D-5031
  </name>
  <category>
   Shirt
  </category>
  <size>
   S
  </size>
  <color>
   Фиолетовый
  </color>
  <material>
   Нейлон
  </material>
  <price>
   887590
  </price>
  <rating>
   1.09
  </rating>
  <reviews>
   666101
  </reviews>
  <new>
   -
  </new>
  <sporty>
   yes
  </sporty>
 </clothing>
 <clothing>
  <id>
   553084048
  </id>
  <name>
   Nike Jacket O-7077
  </name>
  <category>
   Jacket
  </category>
  <size>
   XL
  </size>
  <color>
   Фиолетовый
  </color>
  <material>
   Вискоза
  </material>
  <price>
   397536
  </price>
  <rating>
   2.64
  </rating>
  <reviews>
   262085
  </reviews>
  <exclusive>
   no
  </exclusive>
  <sporty>
   no
  </sporty>
 </clothing>
 <clothing>
  <id>
   826409179
  </id>
  <name>
   Nike Dress D-7006
  </name>
  <category>
   Dress
  </category>
  <size>
   XXL
  </size>
  <color>
   Голубой
  </color>
  <material>
   Лен
  </material>
  <price>
   669269
  </price>
  <rating>
   3.42
  </rating>
  <reviews>
   209426
  </reviews>
  <new>
   -
  </new>
 </clothing>
 <clothing>
  <id>
   649764092
  </id>
  <name>
   Converse T-shirt M-2937
  </name>
  <category>
   T-shirt
  </category>
  <size>
   XL
  </size>
  <color>
   Красный
  </color>
  <material>
   Кожа
  </material>
  <price>
   417991
  </price>
  <rating>
   3.03
  </rating>
  <reviews>
   548382
  </reviews>
  <exclusive>
   no
  </exclusive>
  <sporty>
   no
  </sporty>
 </clothing>
 <clothing>
  <id>
   346748441
  </id>
  <name>
   DC Shirt N-6427
  </name>
  <category>
   Shirt
  </category>
  <size>
   M
  </size>
  <color>
   Фиолетовый
  </color>
  <material>
   Хлопок
  </material>
  <price>
   726181
  </price>
  <rating>
   4.65
  </rating>
  <reviews>
   820369
  </reviews>
  <new>
   -
  </new>
  <sporty>
   yes
  </sporty>
 </clothing>
 <clothing>
  <id>
   407628157
  </id>
  <name>
   New Balance Handbags F-7531
  </name>
  <category>
   Handbags
  </category>
  <size>
   M
  </size>
  <color>
   Оранжевый
  </color>
  <material>
   Шерсть
  </material>
  <price>
   173003
  </price>
  <rating>
   3.42
  </rating>
  <reviews>
   354328
  </reviews>
  <new>
   -
  </new>
  <exclusive>
   no
  </exclusive>
 </clothing>
 <clothing>
  <id>
   754647755
  </id>
  <name>
   New Balance Pants U-3231
  </name>
  <category>
   Pants
  </category>
  <size>
   XXL
  </size>
  <color>
   Зеленый
  </color>
  <material>
   Нейлон
  </material>
  <price>
   282328
  </price>
  <rating>
   4.99
  </rating>
  <reviews>
   797078
  </reviews>
  <new>
   +
  </new>
  <sporty>
   no
  </sporty>
 </clothing>
 <clothing>
  <id>
   408606421
  </id>
  <name>
   New Balance Shirt S-3129
  </name>
  <category>
   Shirt
  </category>
  <size>
   XL
  </size>
  <color>
   Синий
  </color>
  <material>
   Кожа
  </material>
  <price>
   910536
  </price>
  <rating>
   4.24
  </rating>
  <reviews>
   839278
  </reviews>
  <sporty>
   yes
  </sporty>
 </clothing>
 <clothing>
  <id>
   598286227
  </id>
  <name>
   Fila Belts Y-8867
  </name>
  <category>
   Belts
  </category>
  <size>
   S
  </size>
  <color>
   Красный
  </color>
  <material>
   Хлопок
  </material>
  <price>
   746910
  </price>
  <rating>
   2.2
  </rating>
  <reviews>
   901151
  </reviews>
  <new>
   -
  </new>
  <exclusive>
   yes
  </exclusive>
  <sporty>
   no
  </sporty>
 </clothing>
 <clothing>
  <id>
   578732912
  </id>
  <name>
   Nike Umbrellas T-5829
  </name>
  <category>
   Umbrellas
  </category>
  <size>
   L
  </size>
  <color>
   Красный
  </color>
  <material>
   Лен
  </material>
  <price>
   196370
  </price>
  <rating>
   3.81
  </rating>
  <reviews>
   399602
  </reviews>
  <exclusive>
   no
  </exclusive>
  <sporty>
   no
  </sporty>
 </clothing>
 <clothing>
  <id>
   217729997
  </id>
  <name>
   Puma Jeans Y-3921
  </name>
  <category>
   Jeans
  </category>
  <size>
   L
  </size>
  <color>
   Оранжевый
  </color>
  <material>
   Лен
  </material>
  <price>
   975641
  </price>
  <rating>
   4.07
  </rating>
  <reviews>
   515605
  </reviews>
  <new>
   -
  </new>
  <sporty>
   no
  </sporty>
 </clothing>
 <clothing>
  <id>
   351677178
  </id>
  <name>
   Under Armour Skirt L-2754
  </name>
  <category>
   Skirt
  </category>
  <size>
   S
  </size>
  <color>
   Красный
  </color>
  <material>
   Кожа
  </material>
  <price>
   734287
  </price>
  <rating>
   2.05
  </rating>
  <reviews>
   310488
  </reviews>
  <exclusive>
   yes
  </exclusive>
  <sporty>
   no
  </sporty>
 </clothing>
 <clothing>
  <id>
   879158404
  </id>
  <name>
   PleinSport Blouse Z-7454
  </name>
  <category>
   Blouse
  </category>
  <size>
   S
  </size>
  <color>
   Зеленый
  </color>
  <material>
   Шелк
  </material>
  <price>
   288764
  </price>
  <rating>
   2.96
  </rating>
  <reviews>
   417111
  </reviews>
  <new>
   -
  </new>
  <exclusive>
   no
  </exclusive>
  <sporty>
   no
  </sporty>
 </clothing>
 <clothing>
  <id>
   959318066
  </id>
  <name>
   Adidas Socks J-9818
  </name>
  <category>
   Socks
  </category>
  <size>
   S
  </size>
  <color>
   Желтый
  </color>
  <material>
   Шелк
  </material>
  <price>
   503060
  </price>
  <rating>
   1.6
  </rating>
  <reviews>
   849179
  </reviews>
  <new>
   +
  </new>
  <exclusive>
   no
  </exclusive>
  <sporty>
   no
  </sporty>
 </clothing>
 <clothing>
  <id>
   621665859
  </id>
  <name>
   Asics Gloves V-3584
  </name>
  <category>
   Gloves
  </category>
  <size>
   M
  </size>
  <color>
   Желтый
  </color>
  <material>
   Лен
  </material>
  <price>
   547862
  </price>
  <rating>
   4.75
  </rating>
  <reviews>
   952883
  </reviews>
  <new>
   +
  </new>
 </clothing>
 <clothing>
  <id>
   437848590
  </id>
  <name>
   Addidas Jacket W-9517
  </name>
  <category>
   Jacket
  </category>
  <size>
   L
  </size>
  <color>
   Оранжевый
  </color>
  <material>
   Нейлон
  </material>
  <price>
   724242
  </price>
  <rating>
   1.78
  </rating>
  <reviews>
   192206
  </reviews>
  <new>
   +
  </new>
  <exclusive>
   no
  </exclusive>
  <sporty>
   no
  </sporty>
 </clothing>
 <clothing>
  <id>
   243653348
  </id>
  <name>
   PleinSport Pants C-2288
  </name>
  <category>
   Pants
  </category>
  <size>
   M
  </size>
  <color>
   Голубой
  </color>
  <material>
   Хлопок
  </material>
  <price>
   516224
  </price>
  <rating>
   4.07
  </rating>
  <reviews>
   19905
  </reviews>
  <exclusive>
   yes
  </exclusive>
  <sporty>
   no
  </sporty>
 </clothing>
 <clothing>
  <id>
   293447248
  </id>
  <name>
   Vans Blouse U-5225
  </name>
  <category>
   Blouse
  </category>
  <size>
   XXL
  </size>
  <color>
   Красный
  </color>
  <material>
   Шерсть
  </material>
  <price>
   886519
  </price>
  <rating>
   4.09
  </rating>
  <reviews>
   769673
  </reviews>
  <new>
   +
  </new>
  <exclusive>
   yes
  </exclusive>
  <sporty>
   no
  </sporty>
 </clothing>
 <clothing>
  <id>
   432920431
  </id>
  <name>
   Lacoste Pants N-5118
  </name>
  <category>
   Pants
  </category>
  <size>
   XXL
  </size>
  <color>
   Желтый
  </color>
  <material>
   Хлопок
  </material>
  <price>
   457183
  </price>
  <rating>
   2.78
  </rating>
  <reviews>
   930701
  </reviews>
  <new>
   +
  </new>
 </clothing>
 <clothing>
  <id>
   332181220
  </id>
  <name>
   Ellesse Shirt U-3440
  </name>
  <category>
   Shirt
  </category>
  <size>
   XL
  </size>
  <color>
   Красный
  </color>
  <material>
   Хлопок
  </material>
  <price>
   176479
  </price>
  <rating>
   3.15
  </rating>
  <reviews>
   880740
  </reviews>
  <new>
   -
  </new>
  <exclusive>
   no
  </exclusive>
  <sporty>
   no
  </sporty>
 </clothing>
 <clothing>
  <id>
   485693188
  </id>
  <name>
   New Balance Sweater V-8746
  </name>
  <category>
   Sweater
  </category>
  <size>
   XL
  </size>
  <color>
   Голубой
  </color>
  <material>
   Лен
  </material>
  <price>
   778861
  </price>
  <rating>
   3.02
  </rating>
  <reviews>
   470393
  </reviews>
  <new>
   -
  </new>
  <exclusive>
   no
  </exclusive>
  <sporty>
   yes
  </sporty>
 </clothing>
 <clothing>
  <id>
   812595537
  </id>
  <name>
   Under Armour Shirt P-5172
  </name>
  <category>
   Shirt
  </category>
  <size>
   M
  </size>
  <color>
   Фиолетовый
  </color>
  <material>
   Шерсть
  </material>
  <price>
   803817
  </price>
  <rating>
   4.18
  </rating>
  <reviews>
   724590
  </reviews>
  <new>
   -
  </new>
  <exclusive>
   no
  </exclusive>
 </clothing>
 <clothing>
  <id>
   312221047
  </id>
  <name>
   Reebok Shirt Z-6293
  </name>
  <category>
   Shirt
  </category>
  <size>
   XL
  </size>
  <color>
   Голубой
  </color>
  <material>
   Нейлон
  </material>
  <price>
   859518
  </price>
  <rating>
   1.02
  </rating>
  <reviews>
   863240
  </reviews>
  <new>
   -
  </new>
 </clothing>
 <clothing>
  <id>
   180040576
  </id>
  <name>
   Puma Skirt Y-9857
  </name>
  <category>
   Skirt
  </category>
  <size>
   XL
  </size>
  <color>
   Синий
  </color>
  <material>
   Вискоза
  </material>
  <price>
   881800
  </price>
  <rating>
   3.15
  </rating>
  <reviews>
   519902
  </reviews>
  <sporty>
   no
  </sporty>
 </clothing>
 <clothing>
  <id>
   569747492
  </id>
  <name>
   DC Gloves R-2952
  </name>
  <category>
   Gloves
  </category>
  <size>
   M
  </size>
  <color>
   Зеленый
  </color>
  <material>
   Хлопок
  </material>
  <price>
   590346
  </price>
  <rating>
   1.03
  </rating>
  <reviews>
   853712
  </reviews>
  <exclusive>
   no
  </exclusive>
  <sporty>
   no
  </sporty>
 </clothing>
 <clothing>
  <id>
   435274594
  </id>
  <name>
   Addidas Belts L-6619
  </name>
  <category>
   Belts
  </category>
  <size>
   XXL
  </size>
  <color>
   Фиолетовый
  </color>
  <material>
   Кожа
  </material>
  <price>
   712668
  </price>
  <rating>
   3.12
  </rating>
  <reviews>
   256467
  </reviews>
  <exclusive>
   no
  </exclusive>
 </clothing>
 <clothing>
  <id>
   305799162
  </id>
  <name>
   Puma Gloves X-8928
  </name>
  <category>
   Gloves
  </category>
  <size>
   S
  </size>
  <color>
   Голубой
  </color>
  <material>
   Кожа
  </material>
  <price>
   795542
  </price>
  <rating>
   2.61
  </rating>
  <reviews>
   53211
  </reviews>
  <new>
   -
  </new>
  <exclusive>
   yes
  </exclusive>
  <sporty>
   no
  </sporty>
 </clothing>
 <clothing>
  <id>
   137882308
  </id>
  <name>
   Reebok Socks O-6276
  </name>
  <category>
   Socks
  </category>
  <size>
   L
  </size>
  <color>
   Голубой
  </color>
  <material>
   Хлопок
  </material>
  <price>
   530353
  </price>
  <rating>
   1.46
  </rating>
  <reviews>
   762053
  </reviews>
  <exclusive>
   yes
  </exclusive>
  <sporty>
   yes
  </sporty>
 </clothing>
 <clothing>
  <id>
   356338436
  </id>
  <name>
   Addidas Shoes F-4456
  </name>
  <category>
   Shoes
  </category>
  <size>
   L
  </size>
  <color>
   Зеленый
  </color>
  <material>
   Лен
  </material>
  <price>
   937165
  </price>
  <rating>
   4.79
  </rating>
  <reviews>
   77675
  </reviews>
  <new>
   +
  </new>
  <exclusive>
   no
  </exclusive>
  <sporty>
   no
  </sporty>
 </clothing>
 <clothing>
  <id>
   373985006
  </id>
  <name>
   Brooks Dress N-3296
  </name>
  <category>
   Dress
  </category>
  <size>
   XXL
  </size>
  <color>
   Желтый
  </color>
  <material>
   Шерсть
  </material>
  <price>
   834852
  </price>
  <rating>
   1.63
  </rating>
  <reviews>
   937537
  </reviews>
 </clothing>
 <clothing>
  <id>
   871744690
  </id>
  <name>
   Fila Hat A-1705
  </name>
  <category>
   Hat
  </category>
  <size>
   M
  </size>
  <color>
   Голубой
  </color>
  <material>
   Кожа
  </material>
  <price>
   927245
  </price>
  <rating>
   1.53
  </rating>
  <reviews>
   909197
  </reviews>
  <sporty>
   no
  </sporty>
 </clothing>
 <clothing>
  <id>
   116834083
  </id>
  <name>
   Vans Jeans T-7974
  </name>
  <category>
   Jeans
  </category>
  <size>
   XXL
  </size>
  <color>
   Фиолетовый
  </color>
  <material>
   Шелк
  </material>
  <price>
   665710
  </price>
  <rating>
   4.79
  </rating>
  <reviews>
   456258
  </reviews>
  <exclusive>
   no
  </exclusive>
  <sporty>
   no
  </sporty>
 </clothing>
 <clothing>
  <id>
   337889945
  </id>
  <name>
   New Balance T-shirt P-7664
  </name>
  <category>
   T-shirt
  </category>
  <size>
   S
  </size>
  <color>
   Зеленый
  </color>
  <material>
   Нейлон
  </material>
  <price>
   202798
  </price>
  <rating>
   4.38
  </rating>
  <reviews>
   810574
  </reviews>
  <new>
   +
  </new>
  <exclusive>
   no
  </exclusive>
  <sporty>
   yes
  </sporty>
 </clothing>
 <clothing>
  <id>
   949255785
  </id>
  <name>
   Under Armour Jacket K-9971
  </name>
  <category>
   Jacket
  </category>
  <size>
   M
  </size>
  <color>
   Голубой
  </color>
  <material>
   Кожа
  </material>
  <price>
   327267
  </price>
  <rating>
   4.5
  </rating>
  <reviews>
   249573
  </reviews>
  <new>
   +
  </new>
  <exclusive>
   yes
  </exclusive>
 </clothing>
 <clothing>
  <id>
   826344474
  </id>
  <name>
   Addidas Shirt O-7871
  </name>
  <category>
   Shirt
  </category>
  <size>
   M
  </size>
  <color>
   Желтый
  </color>
  <material>
   Вискоза
  </material>
  <price>
   382557
  </price>
  <rating>
   3.23
  </rating>
  <reviews>
   725901
  </reviews>
  <exclusive>
   no
  </exclusive>
  <sporty>
   no
  </sporty>
 </clothing>
 <clothing>
  <id>
   297664619
  </id>
  <name>
   Under Armour Sweater K-9092
  </name>
  <category>
   Sweater
  </category>
  <size>
   XL
  </size>
  <color>
   Зеленый
  </color>
  <material>
   Вискоза
  </material>
  <price>
   787402
  </price>
  <rating>
   1.93
  </rating>
  <reviews>
   309551
  </reviews>
  <exclusive>
   no
  </exclusive>
  <sporty>
   no
  </sporty>
 </clothing>
 <clothing>
  <id>
   657909200
  </id>
  <name>
   PleinSport Shirt M-7773
  </name>
  <category>
   Shirt
  </category>
  <size>
   XL
  </size>
  <color>
   Оранжевый
  </color>
  <material>
   Лен
  </material>
  <price>
   120623
  </price>
  <rating>
   4.12
  </rating>
  <reviews>
   658515
  </reviews>
  <exclusive>
   no
  </exclusive>
 </clothing>
 <clothing>
  <id>
   497594522
  </id>
  <name>
   Lacoste Shoes B-7676
  </name>
  <category>
   Shoes
  </category>
  <size>
   S
  </size>
  <color>
   Оранжевый
  </color>
  <material>
   Нейлон
  </material>
  <price>
   158200
  </price>
  <rating>
   4.2
  </rating>
  <reviews>
   940899
  </reviews>
  <new>
   +
  </new>
  <exclusive>
   yes
  </exclusive>
 </clothing>
 <clothing>
  <id>
   164011625
  </id>
  <name>
   Adidas Gloves C-1428
  </name>
  <category>
   Gloves
  </category>
  <size>
   XXL
  </size>
  <color>
   Фиолетовый
  </color>
  <material>
   Шелк
  </material>
  <price>
   495898
  </price>
  <rating>
   4.04
  </rating>
  <reviews>
   257342
  </reviews>
  <new>
   +
  </new>
  <exclusive>
   yes
  </exclusive>
  <sporty>
   yes
  </sporty>
 </clothing>
 <clothing>
  <id>
   383258933
  </id>
  <name>
   Brooks Umbrellas T-3977
  </name>
  <category>
   Umbrellas
  </category>
  <size>
   S
  </size>
  <color>
   Зеленый
  </color>
  <material>
   Шерсть
  </material>
  <price>
   939299
  </price>
  <rating>
   1.28
  </rating>
  <reviews>
   643671
  </reviews>
  <new>
   -
  </new>
  <exclusive>
   no
  </exclusive>
  <sporty>
   no
  </sporty>
 </clothing>
 <clothing>
  <id>
   171194353
  </id>
  <name>
   Converse Umbrellas M-7935
  </name>
  <category>
   Umbrellas
  </category>
  <size>
   XL
  </size>
  <color>
   Красный
  </color>
  <material>
   Вискоза
  </material>
  <price>
   914996
  </price>
  <rating>
   4.39
  </rating>
  <reviews>
   667506
  </reviews>
  <new>
   -
  </new>
  <exclusive>
   yes
  </exclusive>
  <sporty>
   no
  </sporty>
 </clothing>
 <clothing>
  <id>
   114473244
  </id>
  <name>
   New Balance Hat P-6542
  </name>
  <category>
   Hat
  </category>
  <size>
   XXL
  </size>
  <color>
   Желтый
  </color>
  <material>
   Вискоза
  </material>
  <price>
   973630
  </price>
  <rating>
   4.59
  </rating>
  <reviews>
   457447
  </reviews>
  <exclusive>
   yes
  </exclusive>
 </clothing>
 <clothing>
  <id>
   635032603
  </id>
  <name>
   Reebok Shirt L-4008
  </name>
  <category>
   Shirt
  </category>
  <size>
   XL
  </size>
  <color>
   Фиолетовый
  </color>
  <material>
   Вискоза
  </material>
  <price>
   736151
  </price>
  <rating>
   1.81
  </rating>
  <reviews>
   672699
  </reviews>
  <new>
   -
  </new>
  <exclusive>
   no
  </exclusive>
  <sporty>
   yes
  </sporty>
 </clothing>
 <clothing>
  <id>
   715614745
  </id>
  <name>
   Asics Umbrellas D-6485
  </name>
  <category>
   Umbrellas
  </category>
  <size>
   L
  </size>
  <color>
   Оранжевый
  </color>
  <material>
   Лен
  </material>
  <price>
   260213
  </price>
  <rating>
   1.81
  </rating>
  <reviews>
   520164
  </reviews>
  <new>
   -
  </new>
  <sporty>
   no
  </sporty>
 </clothing>
 <clothing>
  <id>
   281554894
  </id>
  <name>
   Reebok Gloves C-1594
  </name>
  <category>
   Gloves
  </category>
  <size>
   S
  </size>
  <color>
   Фиолетовый
  </color>
  <material>
   Шерсть
  </material>
  <price>
   708228
  </price>
  <rating>
   3.84
  </rating>
  <reviews>
   548163
  </reviews>
  <exclusive>
   yes
  </exclusive>
  <sporty>
   yes
  </sporty>
 </clothing>
 <clothing>
  <id>
   759646976
  </id>
  <name>
   Asics Handbags I-6529
  </name>
  <category>
   Handbags
  </category>
  <size>
   S
  </size>
  <color>
   Голубой
  </color>
  <material>
   Вискоза
  </material>
  <price>
   991432
  </price>
  <rating>
   4.12
  </rating>
  <reviews>
   293117
  </reviews>
  <exclusive>
   no
  </exclusive>
  <sporty>
   yes
  </sporty>
 </clothing>
 <clothing>
  <id>
   250373934
  </id>
  <name>
   Addidas Pants N-7148
  </name>
  <category>
   Pants
  </category>
  <size>
   XL
  </size>
  <color>
   Желтый
  </color>
  <material>
   Кожа
  </material>
  <price>
   719824
  </price>
  <rating>
   3.42
  </rating>
  <reviews>
   53202
  </reviews>
  <new>
   -
  </new>
  <exclusive>
   yes
  </exclusive>
 </clothing>
 <clothing>
  <id>
   208251259
  </id>
  <name>
   Puma Dress G-2977
  </name>
  <category>
   Dress
  </category>
  <size>
   S
  </size>
  <color>
   Голубой
  </color>
  <material>
   Лен
  </material>
  <price>
   596578
  </price>
  <rating>
   1.28
  </rating>
  <reviews>
   919528
  </reviews>
  <exclusive>
   no
  </exclusive>
  <sporty>
   yes
  </sporty>
 </clothing>
 <clothing>
  <id>
   743460213
  </id>
  <name>
   Vans Jacket D-3845
  </name>
  <category>
   Jacket
  </category>
  <size>
   XL
  </size>
  <color>
   Синий
  </color>
  <material>
   Шелк
  </material>
  <price>
   925708
  </price>
  <rating>
   3.69
  </rating>
  <reviews>
   453403
  </reviews>
  <new>
   -
  </new>
  <exclusive>
   yes
  </exclusive>
 </clothing>
</clothing-items>
