<?xml version="1.0" encoding="utf-8"?>
<clothing-items>
 <clothing>
  <id>
   914103439
  </id>
  <name>
   Adidas Shoes P-6256
  </name>
  <category>
   Shoes
  </category>
  <size>
   XXL
  </size>
  <color>
   Фиолетовый
  </color>
  <material>
   Шерсть
  </material>
  <price>
   954222
  </price>
  <rating>
   3.25
  </rating>
  <reviews>
   839547
  </reviews>
  <exclusive>
   no
  </exclusive>
  <sporty>
   no
  </sporty>
 </clothing>
 <clothing>
  <id>
   880410367
  </id>
  <name>
   DC Skirt A-7137
  </name>
  <category>
   Skirt
  </category>
  <size>
   L
  </size>
  <color>
   Зеленый
  </color>
  <material>
   Кожа
  </material>
  <price>
   138707
  </price>
  <rating>
   4.99
  </rating>
  <reviews>
   844842
  </reviews>
  <new>
   +
  </new>
  <sporty>
   no
  </sporty>
 </clothing>
 <clothing>
  <id>
   826912686
  </id>
  <name>
   Nike Belts L-3206
  </name>
  <category>
   Belts
  </category>
  <size>
   XXL
  </size>
  <color>
   Желтый
  </color>
  <material>
   Полиэстер
  </material>
  <price>
   227926
  </price>
  <rating>
   1.51
  </rating>
  <reviews>
   697570
  </reviews>
  <new>
   +
  </new>
 </clothing>
 <clothing>
  <id>
   137748912
  </id>
  <name>
   Nike Blouse O-6894
  </name>
  <category>
   Blouse
  </category>
  <size>
   XL
  </size>
  <color>
   Оранжевый
  </color>
  <material>
   Хлопок
  </material>
  <price>
   443699
  </price>
  <rating>
   1.46
  </rating>
  <reviews>
   8900
  </reviews>
  <new>
   +
  </new>
  <sporty>
   no
  </sporty>
 </clothing>
 <clothing>
  <id>
   120675586
  </id>
  <name>
   Addidas Belts F-2096
  </name>
  <category>
   Belts
  </category>
  <size>
   L
  </size>
  <color>
   Голубой
  </color>
  <material>
   Шелк
  </material>
  <price>
   184524
  </price>
  <rating>
   3.44
  </rating>
  <reviews>
   613343
  </reviews>
  <new>
   -
  </new>
  <exclusive>
   no
  </exclusive>
  <sporty>
   no
  </sporty>
 </clothing>
 <clothing>
  <id>
   419377399
  </id>
  <name>
   DC Sweater G-6675
  </name>
  <category>
   Sweater
  </category>
  <size>
   M
  </size>
  <color>
   Желтый
  </color>
  <material>
   Шелк
  </material>
  <price>
   927712
  </price>
  <rating>
   3.58
  </rating>
  <reviews>
   601631
  </reviews>
  <new>
   +
  </new>
  <sporty>
   yes
  </sporty>
 </clothing>
 <clothing>
  <id>
   178734080
  </id>
  <name>
   Nike Jacket D-3387
  </name>
  <category>
   Jacket
  </category>
  <size>
   XL
  </size>
  <color>
   Синий
  </color>
  <material>
   Кожа
  </material>
  <price>
   602728
  </price>
  <rating>
   4.15
  </rating>
  <reviews>
   548349
  </reviews>
  <new>
   +
  </new>
 </clothing>
 <clothing>
  <id>
   499776186
  </id>
  <name>
   Addidas T-shirt J-9114
  </name>
  <category>
   T-shirt
  </category>
  <size>
   S
  </size>
  <color>
   Желтый
  </color>
  <material>
   Полиэстер
  </material>
  <price>
   952507
  </price>
  <rating>
   3.91
  </rating>
  <reviews>
   893350
  </reviews>
  <new>
   +
  </new>
  <sporty>
   yes
  </sporty>
 </clothing>
 <clothing>
  <id>
   192023460
  </id>
  <name>
   Adidas Belts T-8084
  </name>
  <category>
   Belts
  </category>
  <size>
   S
  </size>
  <color>
   Голубой
  </color>
  <material>
   Хлопок
  </material>
  <price>
   469374
  </price>
  <rating>
   3.31
  </rating>
  <reviews>
   325296
  </reviews>
  <new>
   +
  </new>
  <sporty>
   yes
  </sporty>
 </clothing>
 <clothing>
  <id>
   385487490
  </id>
  <name>
   Nike T-shirt C-2147
  </name>
  <category>
   T-shirt
  </category>
  <size>
   M
  </size>
  <color>
   Зеленый
  </color>
  <material>
   Нейлон
  </material>
  <price>
   568225
  </price>
  <rating>
   4.68
  </rating>
  <reviews>
   693883
  </reviews>
  <exclusive>
   no
  </exclusive>
 </clothing>
 <clothing>
  <id>
   611259229
  </id>
  <name>
   Ellesse Shoes A-5626
  </name>
  <category>
   Shoes
  </category>
  <size>
   L
  </size>
  <color>
   Красный
  </color>
  <material>
   Хлопок
  </material>
  <price>
   825065
  </price>
  <rating>
   1.1
  </rating>
  <reviews>
   663404
  </reviews>
  <new>
   -
  </new>
 </clothing>
 <clothing>
  <id>
   401534236
  </id>
  <name>
   PleinSport Sweater Y-9535
  </name>
  <category>
   Sweater
  </category>
  <size>
   M
  </size>
  <color>
   Красный
  </color>
  <material>
   Нейлон
  </material>
  <price>
   232226
  </price>
  <rating>
   4.86
  </rating>
  <reviews>
   540850
  </reviews>
  <exclusive>
   no
  </exclusive>
  <sporty>
   yes
  </sporty>
 </clothing>
 <clothing>
  <id>
   817856279
  </id>
  <name>
   PleinSport Belts P-2701
  </name>
  <category>
   Belts
  </category>
  <size>
   L
  </size>
  <color>
   Фиолетовый
  </color>
  <material>
   Шерсть
  </material>
  <price>
   865005
  </price>
  <rating>
   4.91
  </rating>
  <reviews>
   879718
  </reviews>
  <new>
   -
  </new>
 </clothing>
 <clothing>
  <id>
   145400977
  </id>
  <name>
   Reebok Blouse P-4393
  </name>
  <category>
   Blouse
  </category>
  <size>
   XL
  </size>
  <color>
   Красный
  </color>
  <material>
   Шерсть
  </material>
  <price>
   336714
  </price>
  <rating>
   2.43
  </rating>
  <reviews>
   770749
  </reviews>
  <sporty>
   no
  </sporty>
 </clothing>
 <clothing>
  <id>
   631199104
  </id>
  <name>
   Converse T-shirt J-2307
  </name>
  <category>
   T-shirt
  </category>
  <size>
   L
  </size>
  <color>
   Голубой
  </color>
  <material>
   Шерсть
  </material>
  <price>
   665005
  </price>
  <rating>
   4.11
  </rating>
  <reviews>
   169662
  </reviews>
 </clothing>
 <clothing>
  <id>
   210047407
  </id>
  <name>
   Puma Skirt R-5709
  </name>
  <category>
   Skirt
  </category>
  <size>
   M
  </size>
  <color>
   Оранжевый
  </color>
  <material>
   Полиэстер
  </material>
  <price>
   779251
  </price>
  <rating>
   2.35
  </rating>
  <reviews>
   916201
  </reviews>
  <exclusive>
   no
  </exclusive>
 </clothing>
 <clothing>
  <id>
   592874565
  </id>
  <name>
   Vans T-shirt R-6244
  </name>
  <category>
   T-shirt
  </category>
  <size>
   M
  </size>
  <color>
   Зеленый
  </color>
  <material>
   Лен
  </material>
  <price>
   808981
  </price>
  <rating>
   4.92
  </rating>
  <reviews>
   952748
  </reviews>
  <new>
   -
  </new>
  <sporty>
   no
  </sporty>
 </clothing>
 <clothing>
  <id>
   858788580
  </id>
  <name>
   Asics Sweater Q-9655
  </name>
  <category>
   Sweater
  </category>
  <size>
   S
  </size>
  <color>
   Зеленый
  </color>
  <material>
   Шелк
  </material>
  <price>
   874428
  </price>
  <rating>
   2.69
  </rating>
  <reviews>
   127464
  </reviews>
  <exclusive>
   no
  </exclusive>
 </clothing>
 <clothing>
  <id>
   157986234
  </id>
  <name>
   PleinSport T-shirt O-1675
  </name>
  <category>
   T-shirt
  </category>
  <size>
   XXL
  </size>
  <color>
   Фиолетовый
  </color>
  <material>
   Шерсть
  </material>
  <price>
   721958
  </price>
  <rating>
   1.33
  </rating>
  <reviews>
   209640
  </reviews>
  <new>
   +
  </new>
  <sporty>
   no
  </sporty>
 </clothing>
 <clothing>
  <id>
   851627635
  </id>
  <name>
   Brooks T-shirt B-6310
  </name>
  <category>
   T-shirt
  </category>
  <size>
   S
  </size>
  <color>
   Синий
  </color>
  <material>
   Шерсть
  </material>
  <price>
   781837
  </price>
  <rating>
   1.13
  </rating>
  <reviews>
   819752
  </reviews>
  <new>
   +
  </new>
  <exclusive>
   yes
  </exclusive>
  <sporty>
   yes
  </sporty>
 </clothing>
 <clothing>
  <id>
   516802250
  </id>
  <name>
   Converse Shoes T-5240
  </name>
  <category>
   Shoes
  </category>
  <size>
   L
  </size>
  <color>
   Синий
  </color>
  <material>
   Шелк
  </material>
  <price>
   473537
  </price>
  <rating>
   3.64
  </rating>
  <reviews>
   73247
  </reviews>
  <new>
   +
  </new>
  <exclusive>
   no
  </exclusive>
  <sporty>
   no
  </sporty>
 </clothing>
 <clothing>
  <id>
   236815344
  </id>
  <name>
   Adidas Gloves S-8162
  </name>
  <category>
   Gloves
  </category>
  <size>
   L
  </size>
  <color>
   Синий
  </color>
  <material>
   Шелк
  </material>
  <price>
   516759
  </price>
  <rating>
   2.06
  </rating>
  <reviews>
   21262
  </reviews>
  <exclusive>
   no
  </exclusive>
  <sporty>
   no
  </sporty>
 </clothing>
 <clothing>
  <id>
   584858021
  </id>
  <name>
   Ellesse Dress B-9970
  </name>
  <category>
   Dress
  </category>
  <size>
   M
  </size>
  <color>
   Фиолетовый
  </color>
  <material>
   Нейлон
  </material>
  <price>
   985779
  </price>
  <rating>
   3.95
  </rating>
  <reviews>
   383346
  </reviews>
 </clothing>
 <clothing>
  <id>
   634564571
  </id>
  <name>
   Under Armour T-shirt S-2859
  </name>
  <category>
   T-shirt
  </category>
  <size>
   XXL
  </size>
  <color>
   Желтый
  </color>
  <material>
   Кожа
  </material>
  <price>
   655605
  </price>
  <rating>
   4.49
  </rating>
  <reviews>
   635162
  </reviews>
  <exclusive>
   yes
  </exclusive>
 </clothing>
 <clothing>
  <id>
   732260449
  </id>
  <name>
   Addidas Sweater J-6621
  </name>
  <category>
   Sweater
  </category>
  <size>
   XL
  </size>
  <color>
   Голубой
  </color>
  <material>
   Шелк
  </material>
  <price>
   814446
  </price>
  <rating>
   1.96
  </rating>
  <reviews>
   62017
  </reviews>
  <new>
   +
  </new>
  <exclusive>
   yes
  </exclusive>
  <sporty>
   yes
  </sporty>
 </clothing>
 <clothing>
  <id>
   638972786
  </id>
  <name>
   Vans Umbrellas Z-6252
  </name>
  <category>
   Umbrellas
  </category>
  <size>
   XL
  </size>
  <color>
   Оранжевый
  </color>
  <material>
   Шерсть
  </material>
  <price>
   882042
  </price>
  <rating>
   2.42
  </rating>
  <reviews>
   310180
  </reviews>
  <new>
   -
  </new>
  <exclusive>
   no
  </exclusive>
  <sporty>
   yes
  </sporty>
 </clothing>
 <clothing>
  <id>
   489377678
  </id>
  <name>
   Adidas Sweater I-4319
  </name>
  <category>
   Sweater
  </category>
  <size>
   XXL
  </size>
  <color>
   Зеленый
  </color>
  <material>
   Нейлон
  </material>
  <price>
   887142
  </price>
  <rating>
   3.28
  </rating>
  <reviews>
   237290
  </reviews>
  <new>
   -
  </new>
  <exclusive>
   no
  </exclusive>
 </clothing>
 <clothing>
  <id>
   914256779
  </id>
  <name>
   New Balance Skirt C-5607
  </name>
  <category>
   Skirt
  </category>
  <size>
   M
  </size>
  <color>
   Голубой
  </color>
  <material>
   Хлопок
  </material>
  <price>
   669968
  </price>
  <rating>
   4.47
  </rating>
  <reviews>
   359019
  </reviews>
  <new>
   -
  </new>
  <exclusive>
   no
  </exclusive>
 </clothing>
 <clothing>
  <id>
   731429035
  </id>
  <name>
   Asics Dress H-2921
  </name>
  <category>
   Dress
  </category>
  <size>
   XL
  </size>
  <color>
   Зеленый
  </color>
  <material>
   Вискоза
  </material>
  <price>
   659437
  </price>
  <rating>
   1.23
  </rating>
  <reviews>
   382885
  </reviews>
  <new>
   -
  </new>
  <sporty>
   no
  </sporty>
 </clothing>
 <clothing>
  <id>
   263892181
  </id>
  <name>
   Lacoste Socks L-1438
  </name>
  <category>
   Socks
  </category>
  <size>
   S
  </size>
  <color>
   Зеленый
  </color>
  <material>
   Хлопок
  </material>
  <price>
   666155
  </price>
  <rating>
   4.4
  </rating>
  <reviews>
   494899
  </reviews>
  <new>
   -
  </new>
  <exclusive>
   yes
  </exclusive>
  <sporty>
   yes
  </sporty>
 </clothing>
 <clothing>
  <id>
   875598825
  </id>
  <name>
   Adidas Shirt G-3071
  </name>
  <category>
   Shirt
  </category>
  <size>
   XXL
  </size>
  <color>
   Красный
  </color>
  <material>
   Хлопок
  </material>
  <price>
   584913
  </price>
  <rating>
   1.09
  </rating>
  <reviews>
   299527
  </reviews>
  <new>
   +
  </new>
  <exclusive>
   yes
  </exclusive>
  <sporty>
   yes
  </sporty>
 </clothing>
 <clothing>
  <id>
   548060116
  </id>
  <name>
   Puma Pants Y-9086
  </name>
  <category>
   Pants
  </category>
  <size>
   L
  </size>
  <color>
   Желтый
  </color>
  <material>
   Полиэстер
  </material>
  <price>
   413876
  </price>
  <rating>
   4.48
  </rating>
  <reviews>
   234293
  </reviews>
  <new>
   -
  </new>
  <sporty>
   yes
  </sporty>
 </clothing>
 <clothing>
  <id>
   550446643
  </id>
  <name>
   Puma Umbrellas U-2652
  </name>
  <category>
   Umbrellas
  </category>
  <size>
   M
  </size>
  <color>
   Зеленый
  </color>
  <material>
   Хлопок
  </material>
  <price>
   590574
  </price>
  <rating>
   4.09
  </rating>
  <reviews>
   360121
  </reviews>
  <new>
   -
  </new>
  <exclusive>
   no
  </exclusive>
 </clothing>
 <clothing>
  <id>
   123690570
  </id>
  <name>
   Puma Pants Z-9630
  </name>
  <category>
   Pants
  </category>
  <size>
   S
  </size>
  <color>
   Оранжевый
  </color>
  <material>
   Нейлон
  </material>
  <price>
   116395
  </price>
  <rating>
   2.34
  </rating>
  <reviews>
   753445
  </reviews>
  <new>
   -
  </new>
  <exclusive>
   no
  </exclusive>
 </clothing>
 <clothing>
  <id>
   590097743
  </id>
  <name>
   Fila Pants U-1936
  </name>
  <category>
   Pants
  </category>
  <size>
   XXL
  </size>
  <color>
   Зеленый
  </color>
  <material>
   Полиэстер
  </material>
  <price>
   715272
  </price>
  <rating>
   4.81
  </rating>
  <reviews>
   555232
  </reviews>
  <exclusive>
   no
  </exclusive>
 </clothing>
 <clothing>
  <id>
   275416219
  </id>
  <name>
   Under Armour Umbrellas B-1965
  </name>
  <category>
   Umbrellas
  </category>
  <size>
   S
  </size>
  <color>
   Фиолетовый
  </color>
  <material>
   Шерсть
  </material>
  <price>
   133485
  </price>
  <rating>
   3.95
  </rating>
  <reviews>
   445241
  </reviews>
 </clothing>
 <clothing>
  <id>
   865900373
  </id>
  <name>
   Asics Sweater G-5975
  </name>
  <category>
   Sweater
  </category>
  <size>
   XXL
  </size>
  <color>
   Зеленый
  </color>
  <material>
   Лен
  </material>
  <price>
   477674
  </price>
  <rating>
   2.18
  </rating>
  <reviews>
   637824
  </reviews>
 </clothing>
 <clothing>
  <id>
   243823877
  </id>
  <name>
   Nike Sweater S-1710
  </name>
  <category>
   Sweater
  </category>
  <size>
   XL
  </size>
  <color>
   Красный
  </color>
  <material>
   Шерсть
  </material>
  <price>
   667034
  </price>
  <rating>
   2.55
  </rating>
  <reviews>
   816473
  </reviews>
  <exclusive>
   no
  </exclusive>
 </clothing>
 <clothing>
  <id>
   697121818
  </id>
  <name>
   Fila Sweater T-8782
  </name>
  <category>
   Sweater
  </category>
  <size>
   XL
  </size>
  <color>
   Оранжевый
  </color>
  <material>
   Кожа
  </material>
  <price>
   653659
  </price>
  <rating>
   3.66
  </rating>
  <reviews>
   984914
  </reviews>
  <sporty>
   yes
  </sporty>
 </clothing>
 <clothing>
  <id>
   428381457
  </id>
  <name>
   Adidas Belts J-1839
  </name>
  <category>
   Belts
  </category>
  <size>
   XL
  </size>
  <color>
   Голубой
  </color>
  <material>
   Шерсть
  </material>
  <price>
   340155
  </price>
  <rating>
   2.45
  </rating>
  <reviews>
   571117
  </reviews>
  <new>
   -
  </new>
 </clothing>
 <clothing>
  <id>
   234260225
  </id>
  <name>
   Nike Socks P-4125
  </name>
  <category>
   Socks
  </category>
  <size>
   XL
  </size>
  <color>
   Красный
  </color>
  <material>
   Нейлон
  </material>
  <price>
   760595
  </price>
  <rating>
   1.52
  </rating>
  <reviews>
   884207
  </reviews>
  <new>
   -
  </new>
  <exclusive>
   no
  </exclusive>
  <sporty>
   no
  </sporty>
 </clothing>
 <clothing>
  <id>
   160649006
  </id>
  <name>
   Reebok Jeans U-7598
  </name>
  <category>
   Jeans
  </category>
  <size>
   XL
  </size>
  <color>
   Фиолетовый
  </color>
  <material>
   Хлопок
  </material>
  <price>
   129099
  </price>
  <rating>
   2.85
  </rating>
  <reviews>
   572922
  </reviews>
  <exclusive>
   no
  </exclusive>
  <sporty>
   no
  </sporty>
 </clothing>
 <clothing>
  <id>
   442940031
  </id>
  <name>
   Nike Jeans X-3807
  </name>
  <category>
   Jeans
  </category>
  <size>
   S
  </size>
  <color>
   Голубой
  </color>
  <material>
   Кожа
  </material>
  <price>
   485954
  </price>
  <rating>
   2.75
  </rating>
  <reviews>
   615292
  </reviews>
  <exclusive>
   yes
  </exclusive>
  <sporty>
   yes
  </sporty>
 </clothing>
 <clothing>
  <id>
   737335061
  </id>
  <name>
   New Balance Pants Z-4621
  </name>
  <category>
   Pants
  </category>
  <size>
   S
  </size>
  <color>
   Синий
  </color>
  <material>
   Вискоза
  </material>
  <price>
   253635
  </price>
  <rating>
   2.74
  </rating>
  <reviews>
   67078
  </reviews>
  <new>
   -
  </new>
  <exclusive>
   yes
  </exclusive>
 </clothing>
 <clothing>
  <id>
   803900806
  </id>
  <name>
   Brooks Pants M-5487
  </name>
  <category>
   Pants
  </category>
  <size>
   S
  </size>
  <color>
   Фиолетовый
  </color>
  <material>
   Вискоза
  </material>
  <price>
   746762
  </price>
  <rating>
   4.01
  </rating>
  <reviews>
   785254
  </reviews>
  <new>
   -
  </new>
  <sporty>
   no
  </sporty>
 </clothing>
 <clothing>
  <id>
   792155423
  </id>
  <name>
   Ellesse Belts E-6164
  </name>
  <category>
   Belts
  </category>
  <size>
   S
  </size>
  <color>
   Голубой
  </color>
  <material>
   Шелк
  </material>
  <price>
   742653
  </price>
  <rating>
   4.84
  </rating>
  <reviews>
   732353
  </reviews>
  <new>
   +
  </new>
  <exclusive>
   no
  </exclusive>
 </clothing>
 <clothing>
  <id>
   776801052
  </id>
  <name>
   Addidas Skirt L-8745
  </name>
  <category>
   Skirt
  </category>
  <size>
   S
  </size>
  <color>
   Оранжевый
  </color>
  <material>
   Полиэстер
  </material>
  <price>
   631427
  </price>
  <rating>
   2.42
  </rating>
  <reviews>
   522636
  </reviews>
  <new>
   +
  </new>
  <exclusive>
   no
  </exclusive>
  <sporty>
   no
  </sporty>
 </clothing>
</clothing-items>
