<?xml version="1.0" encoding="utf-8"?>
<clothing-items>
 <clothing>
  <id>
   268342315
  </id>
  <name>
   Nike Blouse C-6729
  </name>
  <category>
   Blouse
  </category>
  <size>
   S
  </size>
  <color>
   Желтый
  </color>
  <material>
   Нейлон
  </material>
  <price>
   675739
  </price>
  <rating>
   3.6
  </rating>
  <reviews>
   535379
  </reviews>
  <new>
   -
  </new>
  <sporty>
   no
  </sporty>
 </clothing>
 <clothing>
  <id>
   353402872
  </id>
  <name>
   Converse Jacket A-6019
  </name>
  <category>
   Jacket
  </category>
  <size>
   L
  </size>
  <color>
   Синий
  </color>
  <material>
   Нейлон
  </material>
  <price>
   129740
  </price>
  <rating>
   2.52
  </rating>
  <reviews>
   725728
  </reviews>
  <new>
   +
  </new>
 </clothing>
 <clothing>
  <id>
   570154895
  </id>
  <name>
   Converse Gloves S-4472
  </name>
  <category>
   Gloves
  </category>
  <size>
   XXL
  </size>
  <color>
   Синий
  </color>
  <material>
   Кожа
  </material>
  <price>
   532906
  </price>
  <rating>
   3.0
  </rating>
  <reviews>
   623584
  </reviews>
 </clothing>
 <clothing>
  <id>
   926172760
  </id>
  <name>
   Adidas Shoes L-5942
  </name>
  <category>
   Shoes
  </category>
  <size>
   XXL
  </size>
  <color>
   Голубой
  </color>
  <material>
   Лен
  </material>
  <price>
   186361
  </price>
  <rating>
   1.31
  </rating>
  <reviews>
   383023
  </reviews>
  <new>
   -
  </new>
  <exclusive>
   yes
  </exclusive>
 </clothing>
 <clothing>
  <id>
   922060202
  </id>
  <name>
   Nike Shoes Z-5180
  </name>
  <category>
   Shoes
  </category>
  <size>
   L
  </size>
  <color>
   Синий
  </color>
  <material>
   Нейлон
  </material>
  <price>
   525150
  </price>
  <rating>
   3.46
  </rating>
  <reviews>
   345892
  </reviews>
  <new>
   -
  </new>
  <exclusive>
   no
  </exclusive>
  <sporty>
   yes
  </sporty>
 </clothing>
 <clothing>
  <id>
   603195086
  </id>
  <name>
   Nike Shoes T-7600
  </name>
  <category>
   Shoes
  </category>
  <size>
   XL
  </size>
  <color>
   Оранжевый
  </color>
  <material>
   Шелк
  </material>
  <price>
   453465
  </price>
  <rating>
   1.62
  </rating>
  <reviews>
   789436
  </reviews>
  <new>
   -
  </new>
  <sporty>
   yes
  </sporty>
 </clothing>
 <clothing>
  <id>
   132948206
  </id>
  <name>
   PleinSport Sweater Y-3707
  </name>
  <category>
   Sweater
  </category>
  <size>
   S
  </size>
  <color>
   Голубой
  </color>
  <material>
   Полиэстер
  </material>
  <price>
   358357
  </price>
  <rating>
   2.69
  </rating>
  <reviews>
   410934
  </reviews>
  <sporty>
   no
  </sporty>
 </clothing>
 <clothing>
  <id>
   860359851
  </id>
  <name>
   Fila Pants H-4325
  </name>
  <category>
   Pants
  </category>
  <size>
   M
  </size>
  <color>
   Желтый
  </color>
  <material>
   Полиэстер
  </material>
  <price>
   462421
  </price>
  <rating>
   2.13
  </rating>
  <reviews>
   593936
  </reviews>
  <new>
   +
  </new>
  <sporty>
   no
  </sporty>
 </clothing>
 <clothing>
  <id>
   969258341
  </id>
  <name>
   Reebok Blouse Y-4958
  </name>
  <category>
   Blouse
  </category>
  <size>
   S
  </size>
  <color>
   Красный
  </color>
  <material>
   Шелк
  </material>
  <price>
   965821
  </price>
  <rating>
   1.19
  </rating>
  <reviews>
   136591
  </reviews>
  <new>
   +
  </new>
  <exclusive>
   no
  </exclusive>
 </clothing>
 <clothing>
  <id>
   968524397
  </id>
  <name>
   DC Skirt P-5239
  </name>
  <category>
   Skirt
  </category>
  <size>
   L
  </size>
  <color>
   Голубой
  </color>
  <material>
   Нейлон
  </material>
  <price>
   877354
  </price>
  <rating>
   4.58
  </rating>
  <reviews>
   748550
  </reviews>
  <exclusive>
   no
  </exclusive>
 </clothing>
</clothing-items>
