<?xml version="1.0" encoding="utf-8"?>
<clothing-items>
 <clothing>
  <id>
   247481854
  </id>
  <name>
   Lacoste Skirt I-6791
  </name>
  <category>
   Skirt
  </category>
  <size>
   XXL
  </size>
  <color>
   Фиолетовый
  </color>
  <material>
   Вискоза
  </material>
  <price>
   527244
  </price>
  <rating>
   3.42
  </rating>
  <reviews>
   149081
  </reviews>
  <new>
   -
  </new>
  <exclusive>
   yes
  </exclusive>
  <sporty>
   no
  </sporty>
 </clothing>
 <clothing>
  <id>
   933045160
  </id>
  <name>
   Adidas Socks M-2762
  </name>
  <category>
   Socks
  </category>
  <size>
   M
  </size>
  <color>
   Голубой
  </color>
  <material>
   Полиэстер
  </material>
  <price>
   336854
  </price>
  <rating>
   4.48
  </rating>
  <reviews>
   936330
  </reviews>
 </clothing>
 <clothing>
  <id>
   122644796
  </id>
  <name>
   Under Armour Blouse B-5306
  </name>
  <category>
   Blouse
  </category>
  <size>
   XL
  </size>
  <color>
   Фиолетовый
  </color>
  <material>
   Нейлон
  </material>
  <price>
   979042
  </price>
  <rating>
   2.14
  </rating>
  <reviews>
   490096
  </reviews>
  <sporty>
   no
  </sporty>
 </clothing>
 <clothing>
  <id>
   382342047
  </id>
  <name>
   Brooks Socks Z-6779
  </name>
  <category>
   Socks
  </category>
  <size>
   XXL
  </size>
  <color>
   Желтый
  </color>
  <material>
   Нейлон
  </material>
  <price>
   257010
  </price>
  <rating>
   3.2
  </rating>
  <reviews>
   913418
  </reviews>
  <new>
   +
  </new>
  <sporty>
   yes
  </sporty>
 </clothing>
 <clothing>
  <id>
   541506817
  </id>
  <name>
   DC Pants V-7525
  </name>
  <category>
   Pants
  </category>
  <size>
   M
  </size>
  <color>
   Фиолетовый
  </color>
  <material>
   Кожа
  </material>
  <price>
   857952
  </price>
  <rating>
   4.07
  </rating>
  <reviews>
   418204
  </reviews>
  <exclusive>
   no
  </exclusive>
 </clothing>
 <clothing>
  <id>
   223846964
  </id>
  <name>
   Under Armour Skirt A-5711
  </name>
  <category>
   Skirt
  </category>
  <size>
   XL
  </size>
  <color>
   Голубой
  </color>
  <material>
   Шерсть
  </material>
  <price>
   457780
  </price>
  <rating>
   1.82
  </rating>
  <reviews>
   764792
  </reviews>
  <sporty>
   yes
  </sporty>
 </clothing>
 <clothing>
  <id>
   447198741
  </id>
  <name>
   DC Sweater R-4954
  </name>
  <category>
   Sweater
  </category>
  <size>
   XXL
  </size>
  <color>
   Красный
  </color>
  <material>
   Кожа
  </material>
  <price>
   871992
  </price>
  <rating>
   4.31
  </rating>
  <reviews>
   384824
  </reviews>
  <exclusive>
   no
  </exclusive>
 </clothing>
 <clothing>
  <id>
   249283553
  </id>
  <name>
   New Balance Jacket A-4686
  </name>
  <category>
   Jacket
  </category>
  <size>
   S
  </size>
  <color>
   Желтый
  </color>
  <material>
   Хлопок
  </material>
  <price>
   685396
  </price>
  <rating>
   2.38
  </rating>
  <reviews>
   577284
  </reviews>
  <new>
   -
  </new>
 </clothing>
 <clothing>
  <id>
   850139557
  </id>
  <name>
   Puma Dress P-4511
  </name>
  <category>
   Dress
  </category>
  <size>
   S
  </size>
  <color>
   Оранжевый
  </color>
  <material>
   Кожа
  </material>
  <price>
   241116
  </price>
  <rating>
   3.43
  </rating>
  <reviews>
   725845
  </reviews>
  <new>
   +
  </new>
 </clothing>
 <clothing>
  <id>
   456010312
  </id>
  <name>
   Ellesse Jeans W-5244
  </name>
  <category>
   Jeans
  </category>
  <size>
   XL
  </size>
  <color>
   Голубой
  </color>
  <material>
   Нейлон
  </material>
  <price>
   208422
  </price>
  <rating>
   3.44
  </rating>
  <reviews>
   98674
  </reviews>
  <exclusive>
   no
  </exclusive>
  <sporty>
   yes
  </sporty>
 </clothing>
 <clothing>
  <id>
   213005057
  </id>
  <name>
   Reebok Shoes H-5963
  </name>
  <category>
   Shoes
  </category>
  <size>
   M
  </size>
  <color>
   Фиолетовый
  </color>
  <material>
   Хлопок
  </material>
  <price>
   792833
  </price>
  <rating>
   3.29
  </rating>
  <reviews>
   278266
  </reviews>
  <exclusive>
   no
  </exclusive>
 </clothing>
 <clothing>
  <id>
   980646742
  </id>
  <name>
   New Balance Jeans Q-3096
  </name>
  <category>
   Jeans
  </category>
  <size>
   XL
  </size>
  <color>
   Желтый
  </color>
  <material>
   Вискоза
  </material>
  <price>
   692892
  </price>
  <rating>
   1.85
  </rating>
  <reviews>
   546925
  </reviews>
 </clothing>
 <clothing>
  <id>
   764427458
  </id>
  <name>
   Ellesse Shoes L-3941
  </name>
  <category>
   Shoes
  </category>
  <size>
   XL
  </size>
  <color>
   Зеленый
  </color>
  <material>
   Вискоза
  </material>
  <price>
   933268
  </price>
  <rating>
   4.96
  </rating>
  <reviews>
   294471
  </reviews>
  <new>
   -
  </new>
  <exclusive>
   no
  </exclusive>
 </clothing>
 <clothing>
  <id>
   336562479
  </id>
  <name>
   Asics Umbrellas Z-1564
  </name>
  <category>
   Umbrellas
  </category>
  <size>
   XXL
  </size>
  <color>
   Зеленый
  </color>
  <material>
   Шелк
  </material>
  <price>
   842789
  </price>
  <rating>
   3.36
  </rating>
  <reviews>
   853975
  </reviews>
  <new>
   -
  </new>
  <exclusive>
   no
  </exclusive>
  <sporty>
   no
  </sporty>
 </clothing>
 <clothing>
  <id>
   217221207
  </id>
  <name>
   Asics Blouse P-8422
  </name>
  <category>
   Blouse
  </category>
  <size>
   S
  </size>
  <color>
   Синий
  </color>
  <material>
   Полиэстер
  </material>
  <price>
   945611
  </price>
  <rating>
   1.71
  </rating>
  <reviews>
   599693
  </reviews>
  <new>
   -
  </new>
  <exclusive>
   no
  </exclusive>
 </clothing>
 <clothing>
  <id>
   686823510
  </id>
  <name>
   DC Handbags C-7209
  </name>
  <category>
   Handbags
  </category>
  <size>
   XL
  </size>
  <color>
   Зеленый
  </color>
  <material>
   Лен
  </material>
  <price>
   204407
  </price>
  <rating>
   4.51
  </rating>
  <reviews>
   658389
  </reviews>
  <new>
   +
  </new>
  <exclusive>
   yes
  </exclusive>
  <sporty>
   no
  </sporty>
 </clothing>
 <clothing>
  <id>
   939708698
  </id>
  <name>
   Converse Dress D-4895
  </name>
  <category>
   Dress
  </category>
  <size>
   XL
  </size>
  <color>
   Голубой
  </color>
  <material>
   Полиэстер
  </material>
  <price>
   833308
  </price>
  <rating>
   1.2
  </rating>
  <reviews>
   899209
  </reviews>
  <new>
   -
  </new>
 </clothing>
 <clothing>
  <id>
   880705960
  </id>
  <name>
   Addidas Skirt Y-9993
  </name>
  <category>
   Skirt
  </category>
  <size>
   XL
  </size>
  <color>
   Оранжевый
  </color>
  <material>
   Кожа
  </material>
  <price>
   941720
  </price>
  <rating>
   4.32
  </rating>
  <reviews>
   241525
  </reviews>
  <new>
   -
  </new>
 </clothing>
 <clothing>
  <id>
   806700657
  </id>
  <name>
   Addidas Jeans G-3622
  </name>
  <category>
   Jeans
  </category>
  <size>
   XL
  </size>
  <color>
   Фиолетовый
  </color>
  <material>
   Шелк
  </material>
  <price>
   201428
  </price>
  <rating>
   3.07
  </rating>
  <reviews>
   637685
  </reviews>
  <new>
   +
  </new>
  <sporty>
   no
  </sporty>
 </clothing>
 <clothing>
  <id>
   859070880
  </id>
  <name>
   Converse Jacket B-1867
  </name>
  <category>
   Jacket
  </category>
  <size>
   M
  </size>
  <color>
   Синий
  </color>
  <material>
   Нейлон
  </material>
  <price>
   185624
  </price>
  <rating>
   4.97
  </rating>
  <reviews>
   864809
  </reviews>
  <new>
   +
  </new>
  <exclusive>
   no
  </exclusive>
 </clothing>
 <clothing>
  <id>
   593399209
  </id>
  <name>
   Ellesse Dress G-8215
  </name>
  <category>
   Dress
  </category>
  <size>
   XXL
  </size>
  <color>
   Зеленый
  </color>
  <material>
   Шелк
  </material>
  <price>
   999836
  </price>
  <rating>
   1.44
  </rating>
  <reviews>
   725427
  </reviews>
  <exclusive>
   no
  </exclusive>
 </clothing>
 <clothing>
  <id>
   201003037
  </id>
  <name>
   New Balance Dress F-6907
  </name>
  <category>
   Dress
  </category>
  <size>
   XL
  </size>
  <color>
   Оранжевый
  </color>
  <material>
   Лен
  </material>
  <price>
   648397
  </price>
  <rating>
   1.75
  </rating>
  <reviews>
   927948
  </reviews>
  <new>
   +
  </new>
 </clothing>
</clothing-items>
